-- MySQL dump 10.13  Distrib 8.0.30, for Win64 (x86_64)
--
-- Host: k8a303.p.ssafy.io    Database: groot_main
-- ------------------------------------------------------
-- Server version	8.0.33

/*!40101 SET @OLD_CHARACTER_SET_CLIENT=@@CHARACTER_SET_CLIENT */;
/*!40101 SET @OLD_CHARACTER_SET_RESULTS=@@CHARACTER_SET_RESULTS */;
/*!40101 SET @OLD_COLLATION_CONNECTION=@@COLLATION_CONNECTION */;
/*!50503 SET NAMES utf8 */;
/*!40103 SET @OLD_TIME_ZONE=@@TIME_ZONE */;
/*!40103 SET TIME_ZONE='+00:00' */;
/*!40014 SET @OLD_UNIQUE_CHECKS=@@UNIQUE_CHECKS, UNIQUE_CHECKS=0 */;
/*!40014 SET @OLD_FOREIGN_KEY_CHECKS=@@FOREIGN_KEY_CHECKS, FOREIGN_KEY_CHECKS=0 */;
/*!40101 SET @OLD_SQL_MODE=@@SQL_MODE, SQL_MODE='NO_AUTO_VALUE_ON_ZERO' */;
/*!40111 SET @OLD_SQL_NOTES=@@SQL_NOTES, SQL_NOTES=0 */;

--
-- Table structure for table `articles`
--

DROP TABLE IF EXISTS `articles`;
/*!40101 SET @saved_cs_client     = @@character_set_client */;
/*!50503 SET character_set_client = utf8mb4 */;
CREATE TABLE `articles` (
  `id` bigint NOT NULL AUTO_INCREMENT,
  `created_date` datetime(6) DEFAULT NULL,
  `last_modified_date` datetime(6) DEFAULT NULL,
  `category` varchar(255) NOT NULL,
  `content` varchar(255) NOT NULL,
  `share_region` varchar(255) DEFAULT NULL,
  `share_status` tinyint DEFAULT '0',
  `title` varchar(255) NOT NULL,
  `user_id` bigint DEFAULT NULL,
  `views` bigint NOT NULL DEFAULT '0',
  PRIMARY KEY (`id`),
  KEY `FKlc3sm3utetrj1sx4v9ahwopnr` (`user_id`),
  CONSTRAINT `FKlc3sm3utetrj1sx4v9ahwopnr` FOREIGN KEY (`user_id`) REFERENCES `users` (`id`)
) ENGINE=InnoDB AUTO_INCREMENT=44 DEFAULT CHARSET=utf8mb4 COLLATE=utf8mb4_0900_ai_ci;
/*!40101 SET character_set_client = @saved_cs_client */;

--
-- Dumping data for table `articles`
--

LOCK TABLES `articles` WRITE;
/*!40000 ALTER TABLE `articles` DISABLE KEYS */;
INSERT INTO `articles` VALUES (1,'2023-05-18 05:49:10.796827','2023-05-18 23:04:35.878719','나눔','데려가서 잘 키워주실 분 구해요','서울특별시 강남구 역삼동',0,'푸밀라고무나무 나눔합니다',1,9),(2,'2023-05-18 06:19:57.676044','2023-05-18 16:37:43.914352','QnA','프로 킬러라서 키우기 쉽다는 다육이 데려왔어요\n고수님들 정보 공유 부탁드립니다!','',1,'프로킬러입니다',5,52),(3,'2023-05-18 06:23:26.810072','2023-05-18 14:21:32.026425','나눔','잘 키우실 분 채팅 주세요~','경기도 남양주시 별내동',1,'나눔합니다',5,14),(5,'2023-05-18 11:25:56.138106','2023-05-18 11:25:56.138106','자유','식물을 잘 키워보고 싶어요',NULL,NULL,'식물 잘 키우는 법 공유해주세요',10,0),(6,'2023-05-18 11:27:17.631025','2023-05-18 11:57:19.146420','자유','groot 앱을 추천받았어요 안녕하세요!! ',NULL,NULL,'식물이 자꾸 죽어서',10,1),(7,'2023-05-18 11:33:34.734535','2023-05-18 11:33:34.734535','자유','무럭무럭 자라고 있어요!',NULL,NULL,'근황입니다!',11,0),(8,'2023-05-18 11:37:36.285715','2023-05-18 11:37:36.285715','자유','꿀팁 공유해주세요',NULL,NULL,'식물을 잘 키워보고 싶어요',12,0),(9,'2023-05-18 11:38:54.372190','2023-05-18 11:38:54.372190','자유','초보식집사 입니다. 키워본 식물 중에 관리가 편했던 식물 추천해주세요!',NULL,NULL,'키워본 식물 공유해주세요!!',12,0),(10,'2023-05-18 11:42:53.416658','2023-05-18 11:42:53.416658','자유','예쁘게 키워보려고 합니다^0^',NULL,NULL,'산세베리아가 새로 왔어요',13,0),(12,'2023-05-18 11:48:11.073372','2023-05-18 11:54:59.744338','자유','잘 키워보려구요',NULL,NULL,'친구한테 선물받았어요!',13,1),(14,'2023-05-18 11:59:49.665026','2023-05-18 11:59:49.665026','자유','잘 자라줬으면 좋겠어요ㅎㅁㅎ','',1,'몬스테라 데려왔어요!!',12,0),(15,'2023-05-18 12:21:37.282388','2023-05-18 12:21:37.282388','자유','초보식집사인데 잘 자라주면 좋겠어요','',1,'개운죽 근황입니다',14,0),(16,'2023-05-18 12:25:09.333108','2023-05-18 17:45:13.890950','자유','선물 받았는데 어떻게 관리해야될지 모르겠어요ㅠ','',1,'행운목 키워보신분 있나요??',13,1),(17,'2023-05-18 12:27:50.034131','2023-05-18 16:03:48.654535','자유','물 잘 줬는데 왜 그럴까요?? 도와주세요!!','',1,'식물이 시들시들해요ㅜ',12,2),(18,'2023-05-18 12:29:56.301780','2023-05-18 17:45:02.419889','자유','처음 키워봐서 걱정했는데 잘 자라고 있는 것 같아요!!','',1,'아이비 봐주세요!!',12,4),(19,'2023-05-18 12:33:06.695337','2023-05-18 17:44:57.746692','자유','뿌듯해용','',1,'군자란에 꽃이 피었어요!',13,20),(20,'2023-05-18 12:39:41.497115','2023-05-18 13:07:12.020670','나눔','역삼역으로 오실 수 있는 분 연락주세요!!','서울특별시 강남구 역삼동',0,'산세베리아 나눔합니다',10,1),(21,'2023-05-18 12:43:55.466264','2023-05-18 14:32:51.274721','나눔','지인한테 받았는데 키울 상황이 아니라 나눔해요ㅠ','서울특별시 강남구 논현동',0,'녹영 나눔받아가세요!',12,1),(22,'2023-05-18 12:46:48.811717','2023-05-18 12:46:48.811717','나눔','잘 키워주실 분 연락주세요!!','서울특별시 강남구 논현동',0,'테이블야자 나눔해요',12,0),(23,'2023-05-18 12:50:12.831986','2023-05-18 22:50:39.250365','나눔','관리 잘 하시는 분 연락주세요!!','서울특별시 강남구 역삼동',0,'군자란 나눔합니다',12,1),(24,'2023-05-18 12:52:03.275258','2023-05-18 12:52:03.275258','나눔','아이비 나눔합니다! 연락주세요~','경기도 성남시 분당구 정자동',0,'아이비 나눔',13,0),(25,'2023-05-18 12:53:54.754746','2023-05-18 23:08:55.782329','나눔','잘 키워주실분 나눔 받아가세요~~','경기도 성남시 분당구 정자동',0,'제라니움 나눔해요!!',13,1),(27,'2023-05-18 12:56:07.585247','2023-05-18 12:56:07.585247','나눔','나눔받아가세요!!','서울특별시 강남구 역삼동',0,'접란 나눔합니다',13,0),(28,'2023-05-18 12:58:44.251004','2023-05-18 13:01:25.666130','나눔','정자동에서 나눔 가능해요','경기도 성남시 분당구 정자동',0,'산세베리아 나눔합니다~~~',13,2),(29,'2023-05-18 13:01:25.245307','2023-05-18 15:29:50.818368','나눔','식물 잘 키우시는 분 나눔 받아가세요','서울특별시 강남구 역삼동',0,'몬스테라 나눔 받아가세요',20,2),(31,'2023-05-18 13:04:21.946637','2023-05-18 16:49:39.526383','나눔','논현역에서 나눔합니다','서울특별시 강남구 논현동',0,'홍미인 나눔해요',20,3),(32,'2023-05-18 13:05:14.070731','2023-05-18 16:53:53.242175','QnA','성미인을 분양받았는데 제가 가드닝 초보자여서요ㅠㅠ 저같은 초보자도 쉽게 키울 수 있을까요?','',1,'성미인 초보자도 키울 수 있을까요?',15,4),(34,'2023-05-18 13:06:27.785416','2023-05-19 02:19:16.128244','나눔','알로에 나눔 받아가세요','서울특별시 강남구 역삼동',0,'알로에 나눔합니다',20,21),(39,'2023-05-18 15:32:44.129937','2023-05-18 16:53:24.065914','Tip','1. 산세베리아\n산세베리아는 공기정화하는 능력이 아주 좋은 식물로서 밤에는 산소를 내뿜는 착한 친구라 방이나 거실에서 키우기 너무 좋은 식물 이에요.\n\n2. 고무나무\n고무나무는 세계적으로 약 800~2000종이 분포되어 있으며, 한국은 제주도와 남해안에서 5종이 있습니다.\n\n\n3. 몬스테라\n공기정화 식물로 집안가꾸기 이야기 하기 위하 첫번째 소개해드릴 식물은 몬스테라 입니다.','',1,'초보자도 기르기 쉬운 식물 추천',15,6),(40,'2023-05-18 16:11:09.013888','2023-05-18 17:44:17.602015','Tip','물은 하루 중 언제 주는 것이 좋을까요?\n\n물은 아침에 주는 것이 좋아요.\n\n여름철에 햇빛이 잘 드는 곳에 둔 식물, 특히 물을 많이 먹는 식물이라면 아침과 저녁, 두 번 주세요.\n\n더운날 햇빛이 쨍쨍 내리쬘 때는 절대 물을 주지 마세요.','',1,'하루 중 물주기 좋은 타이밍',22,1),(41,'2023-05-19 01:02:12.136451','2023-05-19 01:02:12.136451','Tip','식물이 커서 더 큰 화분으로 옮길 때 \n\n   이럴 때는 보통 기본 흙과 함께 분갈이 흙을 섞어서 사용하는 건 추천하지 않습니다. \n\n   만약 식물이 큰 화분에 심어서 분갈이를 하였지만 더 크기 전에 식물에 흙의 영양분이 빨리 없어지기 때문에 새로운 분갈이 흙으로 사용하는 게 식물 건강에도 또한 우리 집 실내 공기정화도 좋아지겠죠. 참고하세요!','',1,'분갈이 작은 팁',21,0),(42,'2023-05-19 01:05:13.750817','2023-05-19 01:05:13.750817','QnA','도와주실 분 있나요??ㅜㅜ','',1,'다육이가 왜 시들었을까요??',21,0),(43,'2023-05-19 02:17:06.174544','2023-05-19 02:17:06.174544','나눔','정자동에서 가능하신분 나눔받아가세요!','경기도 성남시 분당구 정자동',0,'아이비 나눔합니다!',22,0);
/*!40000 ALTER TABLE `articles` ENABLE KEYS */;
UNLOCK TABLES;

--
-- Table structure for table `articles_bookmarks`
--

DROP TABLE IF EXISTS `articles_bookmarks`;
/*!40101 SET @saved_cs_client     = @@character_set_client */;
/*!50503 SET character_set_client = utf8mb4 */;
CREATE TABLE `articles_bookmarks` (
  `article_id` bigint NOT NULL,
  `user_id` bigint NOT NULL,
  PRIMARY KEY (`article_id`,`user_id`),
  KEY `FKeafgsct6v35dxh5ixsb97eyru` (`user_id`),
  CONSTRAINT `FK9se20fnse0vyw2e4poy3eadne` FOREIGN KEY (`article_id`) REFERENCES `articles` (`id`),
  CONSTRAINT `FKeafgsct6v35dxh5ixsb97eyru` FOREIGN KEY (`user_id`) REFERENCES `users` (`id`)
) ENGINE=InnoDB DEFAULT CHARSET=utf8mb4 COLLATE=utf8mb4_0900_ai_ci;
/*!40101 SET character_set_client = @saved_cs_client */;

--
-- Dumping data for table `articles_bookmarks`
--

LOCK TABLES `articles_bookmarks` WRITE;
/*!40000 ALTER TABLE `articles_bookmarks` DISABLE KEYS */;
INSERT INTO `articles_bookmarks` VALUES (2,17),(17,17),(31,17);
/*!40000 ALTER TABLE `articles_bookmarks` ENABLE KEYS */;
UNLOCK TABLES;

--
-- Table structure for table `articles_images`
--

DROP TABLE IF EXISTS `articles_images`;
/*!40101 SET @saved_cs_client     = @@character_set_client */;
/*!50503 SET character_set_client = utf8mb4 */;
CREATE TABLE `articles_images` (
  `id` bigint NOT NULL AUTO_INCREMENT,
  `created_date` datetime(6) DEFAULT NULL,
  `last_modified_date` datetime(6) DEFAULT NULL,
  `article_id` bigint DEFAULT NULL,
  `img` mediumtext NOT NULL,
  PRIMARY KEY (`id`),
  KEY `FK37jrgc93nklfgexj52q6lau0y` (`article_id`),
  CONSTRAINT `FK37jrgc93nklfgexj52q6lau0y` FOREIGN KEY (`article_id`) REFERENCES `articles` (`id`)
) ENGINE=InnoDB AUTO_INCREMENT=38 DEFAULT CHARSET=utf8mb4 COLLATE=utf8mb4_0900_ai_ci;
/*!40101 SET character_set_client = @saved_cs_client */;

--
-- Dumping data for table `articles_images`
--

LOCK TABLES `articles_images` WRITE;
/*!40000 ALTER TABLE `articles_images` DISABLE KEYS */;
INSERT INTO `articles_images` VALUES (1,'2023-05-18 05:49:10.849496','2023-05-18 05:49:10.849496',1,'https://groot-a303-s3.s3.ap-northeast-2.amazonaws.com/article/b207e637-c594-41dc-8801-609905cbee31-prefix6896115831864018398extension'),(2,'2023-05-18 05:49:10.862585','2023-05-18 05:49:10.862585',1,'https://groot-a303-s3.s3.ap-northeast-2.amazonaws.com/article/43288449-3315-4188-b391-f1b645d88328-prefix1313942445949957984extension'),(3,'2023-05-18 06:19:57.681777','2023-05-18 06:19:57.681777',2,'https://groot-a303-s3.s3.ap-northeast-2.amazonaws.com/article/a1f43d03-1ab1-419e-82a0-465f8fdc52ff-prefix6650138616465844188extension'),(4,'2023-05-18 06:23:26.816097','2023-05-18 06:23:26.816097',3,'https://groot-a303-s3.s3.ap-northeast-2.amazonaws.com/article/904662cf-0534-486c-8d66-0e98389d148d-prefix3614244797624847977extension'),(5,'2023-05-18 11:25:56.148523','2023-05-18 11:25:56.148523',5,'https://groot-a303-s3.s3.ap-northeast-2.amazonaws.com/article/599563cc-5364-4d6a-92aa-c02f69f87f84-%EC%8B%9D%EB%AC%BC.jpg'),(6,'2023-05-18 11:27:17.634016','2023-05-18 11:27:17.634016',6,'https://groot-a303-s3.s3.ap-northeast-2.amazonaws.com/article/6f81f56b-57e3-4f01-88b4-473bf563c726-%EC%8B%9D%EB%AC%BC.jpg'),(7,'2023-05-18 11:33:34.737488','2023-05-18 11:33:34.737488',7,'https://groot-a303-s3.s3.ap-northeast-2.amazonaws.com/article/4cd0b821-c2e0-4ffb-83d6-afd33578ebb6-%EB%B2%A0%EB%9E%80%EB%8B%A4%EC%8B%9D%EB%AC%BC.jpg'),(8,'2023-05-18 11:37:36.288607','2023-05-18 11:37:36.288607',8,'https://groot-a303-s3.s3.ap-northeast-2.amazonaws.com/article/59ac2fb7-42fd-4ecc-98d5-b360b590b353-%EB%88%88%EB%AC%BC%EA%B0%95%EC%95%84%EC%A7%80.jpg'),(9,'2023-05-18 11:38:54.375303','2023-05-18 11:38:54.375303',9,'https://groot-a303-s3.s3.ap-northeast-2.amazonaws.com/article/0d69760c-d26f-4ee5-bced-507e2c0d4fe3-%EC%8B%9D%EB%AC%BC.jpg'),(10,'2023-05-18 11:42:53.420934','2023-05-18 11:42:53.420934',10,'https://groot-a303-s3.s3.ap-northeast-2.amazonaws.com/article/a1cd7f43-7a4d-4b0c-9a80-794930ca9d6a-%EC%82%B0%EC%84%B8%EB%B2%A0%EB%A6%AC%EC%95%84.jpg'),(12,'2023-05-18 11:48:11.077673','2023-05-18 11:48:11.077673',12,'https://groot-a303-s3.s3.ap-northeast-2.amazonaws.com/article/8b5aa643-f56b-4e25-a031-3d2d1052b8cb-%EC%95%84%EC%9D%B4%EB%B9%84.jpg'),(15,'2023-05-18 11:59:49.693586','2023-05-18 11:59:49.693586',14,'https://groot-a303-s3.s3.ap-northeast-2.amazonaws.com/article/ebcfab7a-01db-4a2a-bc40-b4b828c5428f-prefix2316917891342716102extension'),(16,'2023-05-18 12:21:37.291083','2023-05-18 12:21:37.291083',15,'https://groot-a303-s3.s3.ap-northeast-2.amazonaws.com/article/7ebd6784-bf5a-458c-b34c-2f91d7bf0d29-prefix1822316493152947832extension'),(17,'2023-05-18 12:25:09.340227','2023-05-18 12:25:09.340227',16,'https://groot-a303-s3.s3.ap-northeast-2.amazonaws.com/article/9639d09b-e7c8-460f-90ee-9a60630d7d7e-prefix909466044889063578extension'),(18,'2023-05-18 12:27:50.039607','2023-05-18 12:27:50.039607',17,'https://groot-a303-s3.s3.ap-northeast-2.amazonaws.com/article/2506041b-ecaf-4ba7-bd72-1c1e29fdaa82-prefix6523150801871009775extension'),(19,'2023-05-18 12:29:56.303563','2023-05-18 12:29:56.303563',18,'https://groot-a303-s3.s3.ap-northeast-2.amazonaws.com/article/ee9f209c-ba82-46ff-97cc-4602bba752a9-prefix5044784328496953048extension'),(20,'2023-05-18 12:33:06.697056','2023-05-18 12:33:06.697056',19,'https://groot-a303-s3.s3.ap-northeast-2.amazonaws.com/article/451cec50-d650-44b8-b4e1-68cfa116870f-prefix5584867305646542849extension'),(21,'2023-05-18 12:39:41.498835','2023-05-18 12:39:41.498835',20,'https://groot-a303-s3.s3.ap-northeast-2.amazonaws.com/article/515276af-fc94-4bea-b5f7-b5e3c120a755-prefix7850900960892496145extension'),(22,'2023-05-18 12:43:55.471628','2023-05-18 12:43:55.471628',21,'https://groot-a303-s3.s3.ap-northeast-2.amazonaws.com/article/786396fd-af34-472e-a82b-087f364c4e38-prefix8942846246110515648extension'),(23,'2023-05-18 12:46:48.818665','2023-05-18 12:46:48.818665',22,'https://groot-a303-s3.s3.ap-northeast-2.amazonaws.com/article/6f8c32c7-ffaf-467a-a69b-4ea633cde18d-prefix8389409775425810826extension'),(24,'2023-05-18 12:50:12.838953','2023-05-18 12:50:12.838953',23,'https://groot-a303-s3.s3.ap-northeast-2.amazonaws.com/article/18b85d85-1bce-4a62-9a95-897e06721412-prefix1777424378695983690extension'),(25,'2023-05-18 12:52:03.281046','2023-05-18 12:52:03.281046',24,'https://groot-a303-s3.s3.ap-northeast-2.amazonaws.com/article/7e6ccd3a-f0bb-4311-a3f5-a59869ed8d1c-prefix1110643985260546971extension'),(26,'2023-05-18 12:53:54.757859','2023-05-18 12:53:54.757859',25,'https://groot-a303-s3.s3.ap-northeast-2.amazonaws.com/article/b0c875ea-0649-4d68-a7f7-2d135b4fa6d2-prefix8750295823548575042extension'),(28,'2023-05-18 12:56:07.589007','2023-05-18 12:56:07.589007',27,'https://groot-a303-s3.s3.ap-northeast-2.amazonaws.com/article/1956d0ed-d09a-4b48-9481-99cfeedb9206-prefix4831767717923252566extension'),(29,'2023-05-18 12:58:44.255704','2023-05-18 12:58:44.255704',28,'https://groot-a303-s3.s3.ap-northeast-2.amazonaws.com/article/0b2a55c3-91e4-4edf-a08c-a243cbae0725-prefix6393484622373933341extension'),(30,'2023-05-18 13:01:25.251673','2023-05-18 13:01:25.251673',29,'https://groot-a303-s3.s3.ap-northeast-2.amazonaws.com/article/91fa0588-a4dc-40b0-92be-de3868703f6c-prefix6062445885807026997extension'),(31,'2023-05-18 13:04:21.951317','2023-05-18 13:04:21.951317',31,'https://groot-a303-s3.s3.ap-northeast-2.amazonaws.com/article/b8cf9c6d-9416-4a7f-bd03-642909a8baa0-prefix1426053877133758805extension'),(32,'2023-05-18 13:06:27.792355','2023-05-18 13:06:27.792355',34,'https://groot-a303-s3.s3.ap-northeast-2.amazonaws.com/article/e602cd1c-5bd1-4032-be5b-4ca92279e1d0-prefix496087066310533314extension'),(34,'2023-05-18 16:11:09.023730','2023-05-18 16:11:09.023730',40,'https://groot-a303-s3.s3.ap-northeast-2.amazonaws.com/article/2bf37da0-2a5f-46ac-9195-dc89c7c1e663-prefix8812816817843650203extension'),(35,'2023-05-19 01:02:12.143440','2023-05-19 01:02:12.143440',41,'https://groot-a303-s3.s3.ap-northeast-2.amazonaws.com/article/c333f785-2622-44c9-9e51-9bf34fe3ca11-prefix1530350265083105983extension'),(36,'2023-05-19 01:05:13.752680','2023-05-19 01:05:13.752680',42,'https://groot-a303-s3.s3.ap-northeast-2.amazonaws.com/article/b96de829-c2e6-4e99-ab40-13b5bd1244a3-prefix4182942083272028946extension'),(37,'2023-05-19 02:17:06.176613','2023-05-19 02:17:06.176613',43,'https://groot-a303-s3.s3.ap-northeast-2.amazonaws.com/article/6924904a-8150-4484-ac3b-c21407d7aac7-prefix1513749436380911480extension');
/*!40000 ALTER TABLE `articles_images` ENABLE KEYS */;
UNLOCK TABLES;

--
-- Table structure for table `articles_tags`
--

DROP TABLE IF EXISTS `articles_tags`;
/*!40101 SET @saved_cs_client     = @@character_set_client */;
/*!50503 SET character_set_client = utf8mb4 */;
CREATE TABLE `articles_tags` (
  `article_id` bigint NOT NULL,
  `tag_id` bigint NOT NULL,
  PRIMARY KEY (`article_id`,`tag_id`),
  KEY `FK413pvvanb8va5yfkuvnmfmq1d` (`tag_id`),
  CONSTRAINT `FK413pvvanb8va5yfkuvnmfmq1d` FOREIGN KEY (`tag_id`) REFERENCES `tags` (`id`),
  CONSTRAINT `FKi526292k497p8m4g8pq3tsl3r` FOREIGN KEY (`article_id`) REFERENCES `articles` (`id`)
) ENGINE=InnoDB DEFAULT CHARSET=utf8mb4 COLLATE=utf8mb4_0900_ai_ci;
/*!40101 SET character_set_client = @saved_cs_client */;

--
-- Dumping data for table `articles_tags`
--

LOCK TABLES `articles_tags` WRITE;
/*!40000 ALTER TABLE `articles_tags` DISABLE KEYS */;
INSERT INTO `articles_tags` VALUES (1,1),(1,2),(1,3),(1,4),(2,5),(2,6),(3,7),(21,7),(22,7),(23,7),(24,7),(28,7),(29,7),(34,7),(3,8),(5,9),(6,9),(12,9),(7,10),(8,11),(9,11),(10,11),(16,11),(17,11),(10,12),(28,12),(24,13),(12,14),(14,14),(15,14),(16,14),(14,15),(23,15),(14,16),(29,16),(15,17),(15,18),(16,19),(17,20),(21,21),(22,22),(22,23),(31,23),(23,24),(23,25),(27,25),(29,25),(34,25),(24,26),(25,27),(31,29),(34,30),(34,31),(40,32),(40,33),(40,34);
/*!40000 ALTER TABLE `articles_tags` ENABLE KEYS */;
UNLOCK TABLES;

--
-- Table structure for table `characters`
--

DROP TABLE IF EXISTS `characters`;
/*!40101 SET @saved_cs_client     = @@character_set_client */;
/*!50503 SET character_set_client = utf8mb4 */;
CREATE TABLE `characters` (
  `id` bigint NOT NULL AUTO_INCREMENT,
  `glb_path` varchar(255) DEFAULT NULL,
  `level` int DEFAULT NULL,
  `png_path` varchar(255) DEFAULT NULL,
  `type` bigint DEFAULT NULL,
  PRIMARY KEY (`id`)
) ENGINE=InnoDB AUTO_INCREMENT=36 DEFAULT CHARSET=utf8mb4 COLLATE=utf8mb4_0900_ai_ci;
/*!40101 SET character_set_client = @saved_cs_client */;

--
-- Dumping data for table `characters`
--

LOCK TABLES `characters` WRITE;
/*!40000 ALTER TABLE `characters` DISABLE KEYS */;
INSERT INTO `characters` VALUES (1,'https://groot-a303-s3.s3.ap-northeast-2.amazonaws.com/assets/angle.glb',NULL,'https://groot-a303-s3.s3.ap-northeast-2.amazonaws.com/assets/angle.png',13),(2,'https://groot-a303-s3.s3.ap-northeast-2.amazonaws.com/assets/cactuso_0.glb',0,'https://groot-a303-s3.s3.ap-northeast-2.amazonaws.com/assets/cactuso_0.png',2),(3,'https://groot-a303-s3.s3.ap-northeast-2.amazonaws.com/assets/cactuso_1.glb',1,'https://groot-a303-s3.s3.ap-northeast-2.amazonaws.com/assets/cactuso_1.png',2),(4,'https://groot-a303-s3.s3.ap-northeast-2.amazonaws.com/assets/cactuso_2.glb',2,'https://groot-a303-s3.s3.ap-northeast-2.amazonaws.com/assets/cactuso_2.png',2),(5,'https://groot-a303-s3.s3.ap-northeast-2.amazonaws.com/assets/mole_0.glb',0,'https://groot-a303-s3.s3.ap-northeast-2.amazonaws.com/assets/mole_0.png',3),(6,'https://groot-a303-s3.s3.ap-northeast-2.amazonaws.com/assets/mole_1.glb',1,'https://groot-a303-s3.s3.ap-northeast-2.amazonaws.com/assets/mole_1.png',3),(7,'https://groot-a303-s3.s3.ap-northeast-2.amazonaws.com/assets/mole_2.glb',2,'https://groot-a303-s3.s3.ap-northeast-2.amazonaws.com/assets/mole_2.png',3),(8,'https://groot-a303-s3.s3.ap-northeast-2.amazonaws.com/assets/porin_0.glb',0,'https://groot-a303-s3.s3.ap-northeast-2.amazonaws.com/assets/porin_0.png',4),(9,'https://groot-a303-s3.s3.ap-northeast-2.amazonaws.com/assets/porin_1.glb',1,'https://groot-a303-s3.s3.ap-northeast-2.amazonaws.com/assets/porin_1.png',4),(10,'https://groot-a303-s3.s3.ap-northeast-2.amazonaws.com/assets/porin_2.glb',2,'https://groot-a303-s3.s3.ap-northeast-2.amazonaws.com/assets/porin_2.png',4),(11,'https://groot-a303-s3.s3.ap-northeast-2.amazonaws.com/assets/rabby_0.glb',0,'https://groot-a303-s3.s3.ap-northeast-2.amazonaws.com/assets/rabby_0.png',1),(12,'https://groot-a303-s3.s3.ap-northeast-2.amazonaws.com/assets/rabby_1.glb',1,'https://groot-a303-s3.s3.ap-northeast-2.amazonaws.com/assets/rabby_1.png',1),(13,'https://groot-a303-s3.s3.ap-northeast-2.amazonaws.com/assets/rabby_2.glb',2,'https://groot-a303-s3.s3.ap-northeast-2.amazonaws.com/assets/rabby_2.png',1),(14,'https://groot-a303-s3.s3.ap-northeast-2.amazonaws.com/assets/scorpion_0.glb',0,'https://groot-a303-s3.s3.ap-northeast-2.amazonaws.com/assets/scorpion_0.png',9),(15,'https://groot-a303-s3.s3.ap-northeast-2.amazonaws.com/assets/scorpion_1.glb',1,'https://groot-a303-s3.s3.ap-northeast-2.amazonaws.com/assets/scorpion_1.png',9),(16,'https://groot-a303-s3.s3.ap-northeast-2.amazonaws.com/assets/scorpion_2.glb',2,'https://groot-a303-s3.s3.ap-northeast-2.amazonaws.com/assets/scorpion_2.png',9),(17,'https://groot-a303-s3.s3.ap-northeast-2.amazonaws.com/assets/snail_0.glb',0,'https://groot-a303-s3.s3.ap-northeast-2.amazonaws.com/assets/snail_0.png',10),(18,'https://groot-a303-s3.s3.ap-northeast-2.amazonaws.com/assets/snail_1.glb',1,'https://groot-a303-s3.s3.ap-northeast-2.amazonaws.com/assets/snail_1.png',10),(19,'https://groot-a303-s3.s3.ap-northeast-2.amazonaws.com/assets/snail_2.glb',2,'https://groot-a303-s3.s3.ap-northeast-2.amazonaws.com/assets/snail_2.png',10),(20,'https://groot-a303-s3.s3.ap-northeast-2.amazonaws.com/assets/sprout_0.glb',0,'https://groot-a303-s3.s3.ap-northeast-2.amazonaws.com/assets/sprout_0.png',11),(21,'https://groot-a303-s3.s3.ap-northeast-2.amazonaws.com/assets/sprout_1.glb',1,'https://groot-a303-s3.s3.ap-northeast-2.amazonaws.com/assets/sprout_1.png',11),(22,'https://groot-a303-s3.s3.ap-northeast-2.amazonaws.com/assets/sprout_2.glb',2,'https://groot-a303-s3.s3.ap-northeast-2.amazonaws.com/assets/sprout_2.png',11),(23,'https://groot-a303-s3.s3.ap-northeast-2.amazonaws.com/assets/straight_0.glb',0,'https://groot-a303-s3.s3.ap-northeast-2.amazonaws.com/assets/straight_0.png',8),(24,'https://groot-a303-s3.s3.ap-northeast-2.amazonaws.com/assets/straight_1.glb',1,'https://groot-a303-s3.s3.ap-northeast-2.amazonaws.com/assets/straight_1.png',8),(25,'https://groot-a303-s3.s3.ap-northeast-2.amazonaws.com/assets/straight_2.glb',2,'https://groot-a303-s3.s3.ap-northeast-2.amazonaws.com/assets/straight_2.png',8),(26,'https://groot-a303-s3.s3.ap-northeast-2.amazonaws.com/assets/tree_0.glb',0,'https://groot-a303-s3.s3.ap-northeast-2.amazonaws.com/assets/tree_0.png',7),(27,'https://groot-a303-s3.s3.ap-northeast-2.amazonaws.com/assets/tree_1.glb',1,'https://groot-a303-s3.s3.ap-northeast-2.amazonaws.com/assets/tree_1.png',7),(28,'https://groot-a303-s3.s3.ap-northeast-2.amazonaws.com/assets/tree_2.glb',2,'https://groot-a303-s3.s3.ap-northeast-2.amazonaws.com/assets/tree_2.png',7),(29,'https://groot-a303-s3.s3.ap-northeast-2.amazonaws.com/assets/unicorn_0.glb',0,'https://groot-a303-s3.s3.ap-northeast-2.amazonaws.com/assets/unicorn_0.png',6),(30,'https://groot-a303-s3.s3.ap-northeast-2.amazonaws.com/assets/unicorn_1.glb',1,'https://groot-a303-s3.s3.ap-northeast-2.amazonaws.com/assets/unicorn_1.png',6),(31,'https://groot-a303-s3.s3.ap-northeast-2.amazonaws.com/assets/unicorn_2.glb',2,'https://groot-a303-s3.s3.ap-northeast-2.amazonaws.com/assets/unicorn_2.png',6),(32,NULL,NULL,NULL,12),(33,'https://groot-a303-s3.s3.ap-northeast-2.amazonaws.com/assets/racco_0.glb',0,'https://groot-a303-s3.s3.ap-northeast-2.amazonaws.com/assets/racco_0.png',5),(34,'https://groot-a303-s3.s3.ap-northeast-2.amazonaws.com/assets/racco_1.glb',1,'https://groot-a303-s3.s3.ap-northeast-2.amazonaws.com/assets/racco_1.png',5),(35,'https://groot-a303-s3.s3.ap-northeast-2.amazonaws.com/assets/racco_2.glb',2,'https://groot-a303-s3.s3.ap-northeast-2.amazonaws.com/assets/racco_2.png',5);
/*!40000 ALTER TABLE `characters` ENABLE KEYS */;
UNLOCK TABLES;

--
-- Table structure for table `chatting_room`
--

DROP TABLE IF EXISTS `chatting_room`;
/*!40101 SET @saved_cs_client     = @@character_set_client */;
/*!50503 SET character_set_client = utf8mb4 */;
CREATE TABLE `chatting_room` (
  `receiver` bigint NOT NULL,
  `sender` bigint NOT NULL,
  `created_date` datetime(6) DEFAULT NULL,
  `last_modified_date` datetime(6) DEFAULT NULL,
  `room_id` varchar(255) DEFAULT NULL,
  PRIMARY KEY (`receiver`,`sender`),
  KEY `FK9mcamrsjvlsg1w4e1ou2sb2p0` (`sender`),
  CONSTRAINT `FK9mcamrsjvlsg1w4e1ou2sb2p0` FOREIGN KEY (`sender`) REFERENCES `users` (`id`),
  CONSTRAINT `FKg41r7rf2egwa4r9i4qkfp5ncs` FOREIGN KEY (`receiver`) REFERENCES `users` (`id`)
) ENGINE=InnoDB DEFAULT CHARSET=utf8mb4 COLLATE=utf8mb4_0900_ai_ci;
/*!40101 SET character_set_client = @saved_cs_client */;

--
-- Dumping data for table `chatting_room`
--

LOCK TABLES `chatting_room` WRITE;
/*!40000 ALTER TABLE `chatting_room` DISABLE KEYS */;
INSERT INTO `chatting_room` VALUES (1,4,'2023-05-18 06:19:26.067531','2023-05-18 15:25:38.792427','000004000001'),(1,6,'2023-05-18 09:19:56.735384','2023-05-18 09:19:56.735384','000006000001'),(4,1,'2023-05-18 06:19:26.080482','2023-05-18 15:25:38.800918','000004000001'),(4,5,'2023-05-18 06:24:08.340820','2023-05-18 09:06:37.085598','000005000004'),(4,8,'2023-05-18 16:38:45.093141','2023-05-18 16:43:35.636391','000008000004'),(5,4,'2023-05-18 06:24:08.331362','2023-05-18 09:06:37.094969','000005000004'),(5,6,'2023-05-18 13:18:54.089498','2023-05-18 13:18:54.089498','000000000005'),(5,12,'2023-05-18 13:23:18.309520','2023-05-18 13:23:18.309520','000005000012'),(5,20,'2023-05-18 15:29:49.316152','2023-05-18 15:29:49.316152','000005000020'),(6,1,'2023-05-18 09:19:56.744483','2023-05-18 09:19:56.744483','000006000001'),(6,5,'2023-05-18 13:18:54.108210','2023-05-18 13:18:54.108210','000000000005'),(6,12,'2023-05-18 13:23:22.762084','2023-05-18 13:27:20.032171','000006000012'),(6,13,'2023-05-18 12:59:34.942266','2023-05-18 12:59:34.942266','000006000013'),(6,20,'2023-05-19 01:51:18.624592','2023-05-19 02:03:49.805139','000020000006'),(8,4,'2023-05-18 16:38:45.106010','2023-05-18 16:43:35.645910','000008000004'),(12,5,'2023-05-18 13:23:18.299320','2023-05-18 13:23:18.299320','000005000012'),(12,6,'2023-05-18 13:23:22.753643','2023-05-18 13:27:20.023094','000006000012'),(13,6,'2023-05-18 12:59:34.930722','2023-05-18 12:59:34.930722','000006000013'),(17,20,'2023-05-18 15:08:13.950573','2023-05-18 17:23:22.485270','000020000017'),(20,5,'2023-05-18 15:29:49.306981','2023-05-18 15:29:49.306981','000005000020'),(20,6,'2023-05-19 01:51:18.611301','2023-05-19 02:03:49.813277','000020000006'),(20,17,'2023-05-18 15:08:13.938633','2023-05-18 17:23:22.494802','000020000017');
/*!40000 ALTER TABLE `chatting_room` ENABLE KEYS */;
UNLOCK TABLES;

--
-- Table structure for table `comments`
--

DROP TABLE IF EXISTS `comments`;
/*!40101 SET @saved_cs_client     = @@character_set_client */;
/*!50503 SET character_set_client = utf8mb4 */;
CREATE TABLE `comments` (
  `id` bigint NOT NULL AUTO_INCREMENT,
  `created_date` datetime(6) DEFAULT NULL,
  `last_modified_date` datetime(6) DEFAULT NULL,
  `article_id` bigint DEFAULT NULL,
  `content` varchar(255) NOT NULL,
  `user_id` bigint DEFAULT NULL,
  PRIMARY KEY (`id`),
  KEY `FKk4ib6syde10dalk7r7xdl0m5p` (`article_id`),
  KEY `FK8omq0tc18jd43bu5tjh6jvraq` (`user_id`),
  CONSTRAINT `FK8omq0tc18jd43bu5tjh6jvraq` FOREIGN KEY (`user_id`) REFERENCES `users` (`id`),
  CONSTRAINT `FKk4ib6syde10dalk7r7xdl0m5p` FOREIGN KEY (`article_id`) REFERENCES `articles` (`id`)
) ENGINE=InnoDB AUTO_INCREMENT=34 DEFAULT CHARSET=utf8mb4 COLLATE=utf8mb4_0900_ai_ci;
/*!40101 SET character_set_client = @saved_cs_client */;

--
-- Dumping data for table `comments`
--

LOCK TABLES `comments` WRITE;
/*!40000 ALTER TABLE `comments` DISABLE KEYS */;
INSERT INTO `comments` VALUES (13,'2023-05-18 08:13:54.662795','2023-05-18 08:13:54.662795',2,'ㅎㅎㅎㅎㅎㅎㅎㅎ',1),(14,'2023-05-18 08:13:57.621275','2023-05-18 08:13:57.621275',2,'ㅁㅁㅁㅁㅁㅁㅁ',1),(22,'2023-05-18 08:23:22.940642','2023-05-18 08:23:22.940642',2,'ㅎㅎㅎㅎ호ㅗㅗㅗ',1),(23,'2023-05-18 08:23:26.730286','2023-05-18 08:23:26.730286',2,'ㄷㄷㄷ',1),(27,'2023-05-18 13:02:41.040300','2023-05-18 13:02:41.040300',17,'물을 너무 자주 주면 그럴 수 있어요~\n알림 올 때 맞춰서 물을 줘보세요!',15),(28,'2023-05-18 13:06:58.440624','2023-05-18 13:06:58.440624',18,'너무 잘하고 계시네요 응원합니다^^',15),(29,'2023-05-18 13:08:50.665945','2023-05-18 13:08:50.665945',2,'물 너무 자주 주시면 안돼요!',6),(30,'2023-05-18 15:37:25.691811','2023-05-18 15:37:25.691811',39,'??',17),(31,'2023-05-18 16:03:35.696967','2023-05-18 16:03:35.696967',19,'너무 예뻐요!!',17),(32,'2023-05-18 16:38:21.981138','2023-05-18 16:38:21.981138',19,'와 군자란에 꽃이 피면 행운이 온다는데!!',4),(33,'2023-05-18 17:44:31.758711','2023-05-18 17:44:31.758711',40,'오 몰랐던 내용이네요!!',17);
/*!40000 ALTER TABLE `comments` ENABLE KEYS */;
UNLOCK TABLES;

--
-- Table structure for table `diaries`
--

DROP TABLE IF EXISTS `diaries`;
/*!40101 SET @saved_cs_client     = @@character_set_client */;
/*!50503 SET character_set_client = utf8mb4 */;
CREATE TABLE `diaries` (
  `id` bigint NOT NULL AUTO_INCREMENT,
  `created_date` datetime(6) DEFAULT NULL,
  `last_modified_date` datetime(6) DEFAULT NULL,
  `bug` bit(1) DEFAULT NULL,
  `content` varchar(255) DEFAULT NULL,
  `diary_check_id` bigint DEFAULT NULL,
  `img_path` varchar(255) DEFAULT NULL,
  `is_pot_last` bit(1) DEFAULT NULL,
  `is_user_last` bit(1) DEFAULT NULL,
  `nutrients` bit(1) DEFAULT NULL,
  `pot_id` bigint DEFAULT NULL,
  `pruning` bit(1) DEFAULT NULL,
  `sun` bit(1) DEFAULT NULL,
  `user_id` bigint DEFAULT NULL,
  `water` bit(1) DEFAULT NULL,
  PRIMARY KEY (`id`),
  KEY `FKhwilbfq7k6itgoalib8sxmfkw` (`pot_id`),
  KEY `FKki7hoimuu910cy56y2695to5e` (`user_id`),
  CONSTRAINT `FKhwilbfq7k6itgoalib8sxmfkw` FOREIGN KEY (`pot_id`) REFERENCES `pots` (`id`),
  CONSTRAINT `FKki7hoimuu910cy56y2695to5e` FOREIGN KEY (`user_id`) REFERENCES `users` (`id`)
) ENGINE=InnoDB AUTO_INCREMENT=74 DEFAULT CHARSET=utf8mb4 COLLATE=utf8mb4_0900_ai_ci;
/*!40101 SET character_set_client = @saved_cs_client */;

--
-- Dumping data for table `diaries`
--

LOCK TABLES `diaries` WRITE;
/*!40000 ALTER TABLE `diaries` DISABLE KEYS */;
INSERT INTO `diaries` VALUES (4,'2023-05-18 09:03:23.846972','2023-05-18 09:03:23.846972',_binary '\0','물줬엉ㅅ\n',3,NULL,_binary '',_binary '\0',_binary '\0',9,_binary '\0',_binary '\0',6,_binary ''),(5,'2023-05-18 09:05:01.139999','2023-05-18 09:05:01.139999',_binary '','어흑',4,NULL,_binary '',_binary '\0',_binary '\0',8,_binary '\0',_binary '\0',6,_binary '\0'),(6,'2023-05-18 09:09:13.268442','2023-05-18 09:09:13.268442',_binary '\0','ㅎㅅㅎ',5,NULL,_binary '',_binary '\0',_binary '\0',10,_binary '\0',_binary '\0',6,_binary ''),(7,'2023-05-18 11:38:42.547335','2023-05-18 11:38:42.547335',_binary '\0',NULL,6,NULL,_binary '\0',_binary '\0',_binary '\0',16,_binary '\0',_binary '\0',6,_binary ''),(8,'2023-05-18 11:40:51.567010','2023-05-19 02:21:22.286084',_binary '','',6,'https://groot-a303-s3.s3.ap-northeast-2.amazonaws.com/diary/db31131d-956b-4ebc-8484-8e19d837cd01-prefix6277180657514847141extension',_binary '',_binary '',_binary '',16,_binary '',_binary '',6,_binary '\0'),(14,'2023-05-18 14:39:11.888849','2023-05-18 14:39:11.888849',_binary '\0','ㅠㅠ',9,NULL,_binary '',_binary '\0',_binary '\0',26,_binary '\0',_binary '\0',17,_binary '\0'),(16,'2023-05-18 14:50:10.167389','2023-05-18 14:50:10.167389',_binary '','루루',11,NULL,_binary '',_binary '\0',_binary '\0',29,_binary '\0',_binary '\0',15,_binary ''),(18,'2023-05-18 14:54:38.884015','2023-05-18 14:54:38.884015',_binary '','헤헤',12,NULL,_binary '',_binary '',_binary '',30,_binary '',_binary '',15,_binary '\0'),(19,'2023-05-18 14:55:40.976489','2023-05-18 14:55:40.976489',_binary '','빨리 꽃이 폈으면 좋겠다 ㅎㅎㅎ',13,NULL,_binary '',_binary '\0',_binary '',31,_binary '',_binary '',17,_binary ''),(23,'2023-05-18 15:07:40.316085','2023-05-18 15:07:40.316085',_binary '','',15,NULL,_binary '\0',_binary '\0',_binary '\0',32,_binary '\0',_binary '\0',4,_binary ''),(24,'2023-05-18 15:07:47.527176','2023-05-18 15:37:27.221290',_binary '\0','오늘은 새로운 화분을 데려온 날!\n무럭무럭 자라라~~~~',16,'https://groot-a303-s3.s3.ap-northeast-2.amazonaws.com/diary/b07c5ddd-a330-4857-90f3-05ee7f67d5ea-prefix982934813051636988extension',_binary '',_binary '\0',_binary '\0',34,_binary '\0',_binary '\0',4,_binary '\0'),(29,'2023-05-18 15:33:28.957956','2023-05-18 17:43:20.808438',_binary '\0','안녕',18,'https://groot-a303-s3.s3.ap-northeast-2.amazonaws.com/diary/ba705855-04f0-44b2-be24-e59a6ce3e82a-prefix8641330777306537468extension',_binary '',_binary '\0',_binary '\0',31,_binary '\0',_binary '\0',17,_binary '\0'),(32,'2023-05-18 16:14:39.226119','2023-05-18 16:14:39.226119',_binary '\0','물주고 햇빛 쬐어줬다',20,NULL,_binary '',_binary '\0',_binary '\0',39,_binary '\0',_binary '',18,_binary ''),(33,'2023-05-18 16:16:39.194843','2023-05-18 16:16:39.194843',_binary '\0',NULL,21,NULL,_binary '\0',_binary '\0',_binary '\0',40,_binary '\0',_binary '\0',18,_binary ''),(34,'2023-05-18 16:17:19.455183','2023-05-18 16:17:19.455183',_binary '\0','호호호',15,NULL,_binary '\0',_binary '\0',_binary '\0',32,_binary '\0',_binary '\0',4,_binary '\0'),(35,'2023-05-18 16:17:38.286355','2023-05-18 16:17:38.286355',_binary '\0','ㅋㅋㅋㅋㅋㅋ',15,'https://groot-a303-s3.s3.ap-northeast-2.amazonaws.com/diary/ca3318f5-844a-4caa-a9e4-ea113a1bd369-prefix6435669661452364781extension',_binary '\0',_binary '\0',_binary '\0',32,_binary '\0',_binary '\0',4,_binary '\0'),(36,'2023-05-18 16:18:01.597531','2023-05-18 16:18:01.597531',_binary '\0','와웅zz',15,'https://groot-a303-s3.s3.ap-northeast-2.amazonaws.com/diary/378fbc27-2a69-4822-9402-9f5ecf94cc70-prefix2106387362787612950extension',_binary '',_binary '',_binary '\0',32,_binary '\0',_binary '\0',4,_binary '\0'),(37,'2023-05-18 16:19:38.551625','2023-05-18 16:19:38.551625',_binary '\0','',22,NULL,_binary '',_binary '',_binary '\0',30,_binary '\0',_binary '\0',15,_binary ''),(39,'2023-05-18 16:49:55.937110','2023-05-18 16:49:55.937110',_binary '\0','광합성 시켜줬다',21,NULL,_binary '\0',_binary '\0',_binary '\0',40,_binary '\0',_binary '',18,_binary '\0'),(40,'2023-05-18 16:50:19.516476','2023-05-18 16:50:19.516476',_binary '','벌레 잡아줬다',21,NULL,_binary '\0',_binary '\0',_binary '\0',40,_binary '\0',_binary '\0',18,_binary '\0'),(41,'2023-05-18 16:50:36.296618','2023-05-18 16:50:36.296618',_binary '\0','영양제 줬다',21,NULL,_binary '',_binary '',_binary '',40,_binary '\0',_binary '\0',18,_binary '\0'),(42,'2023-05-18 16:50:36.940515','2023-05-18 16:50:36.940515',_binary '\0',NULL,24,NULL,_binary '\0',_binary '\0',_binary '\0',43,_binary '\0',_binary '\0',17,_binary ''),(43,'2023-05-18 16:50:42.181360','2023-05-18 16:50:42.181360',_binary '','',24,NULL,_binary '\0',_binary '\0',_binary '',43,_binary '',_binary '',17,_binary '\0'),(44,'2023-05-18 16:51:08.436808','2023-05-18 17:42:50.925053',_binary '\0','오늘도 무럭무럭',24,'https://groot-a303-s3.s3.ap-northeast-2.amazonaws.com/diary/08f65612-865e-4942-b7a6-b471bbdaaef3-prefix6560644207853095363extension',_binary '\0',_binary '\0',_binary '\0',43,_binary '\0',_binary '\0',17,_binary '\0'),(46,'2023-05-18 16:56:31.923536','2023-05-18 16:56:52.573195',_binary '\0','',25,NULL,_binary '',_binary '',_binary '',18,_binary '',_binary '',9,_binary ''),(52,'2023-05-18 17:52:54.173478','2023-05-18 17:52:54.173478',_binary '','',28,NULL,_binary '',_binary '\0',_binary '',20,_binary '',_binary '',5,_binary '\0'),(53,'2023-05-18 17:54:09.207980','2023-05-18 17:54:09.207980',_binary '','',29,NULL,_binary '',_binary '\0',_binary '',46,_binary '',_binary '',5,_binary '\0'),(56,'2023-05-18 17:56:34.735510','2023-05-18 17:56:34.735510',_binary '\0',NULL,32,NULL,_binary '\0',_binary '\0',_binary '\0',49,_binary '\0',_binary '\0',5,_binary ''),(57,'2023-05-18 17:56:55.330705','2023-05-18 17:56:55.330705',_binary '','',32,NULL,_binary '\0',_binary '\0',_binary '',49,_binary '',_binary '',5,_binary '\0'),(58,'2023-05-18 17:57:35.518956','2023-05-18 17:57:35.518956',_binary '\0','울라',32,NULL,_binary '',_binary '\0',_binary '\0',49,_binary '\0',_binary '\0',5,_binary '\0'),(61,'2023-05-18 17:59:48.225182','2023-05-18 17:59:48.225182',_binary '\0',NULL,34,NULL,_binary '\0',_binary '\0',_binary '\0',51,_binary '\0',_binary '\0',5,_binary ''),(62,'2023-05-18 18:00:01.315799','2023-05-18 18:00:01.315799',_binary '','홍매',34,NULL,_binary '',_binary '\0',_binary '',51,_binary '',_binary '',5,_binary '\0'),(63,'2023-05-18 18:01:25.243566','2023-05-18 18:01:25.243566',_binary '','벌레퇴치 완료ㅠㅠㅠ',35,NULL,_binary '',_binary '',_binary '\0',26,_binary '\0',_binary '\0',17,_binary '\0'),(64,'2023-05-18 18:02:51.715594','2023-05-18 18:02:51.715594',_binary '\0',NULL,36,NULL,_binary '\0',_binary '\0',_binary '\0',52,_binary '\0',_binary '\0',5,_binary ''),(65,'2023-05-18 18:02:58.901234','2023-05-18 18:02:58.901234',_binary '','',36,NULL,_binary '',_binary '\0',_binary '',52,_binary '',_binary '',5,_binary '\0'),(66,'2023-05-18 18:04:19.559003','2023-05-18 18:04:19.559003',_binary '','',37,NULL,_binary '',_binary '',_binary '',53,_binary '',_binary '',9,_binary ''),(67,'2023-05-18 18:05:12.978766','2023-05-18 18:05:12.978766',_binary '\0',NULL,38,NULL,_binary '\0',_binary '\0',_binary '\0',54,_binary '\0',_binary '\0',5,_binary ''),(68,'2023-05-18 18:05:24.616760','2023-05-18 18:05:24.616760',_binary '','',38,NULL,_binary '',_binary '',_binary '',54,_binary '',_binary '',5,_binary '\0'),(71,'2023-05-19 02:06:27.185015','2023-05-19 02:06:27.185015',_binary '\0','',40,NULL,_binary '',_binary '',_binary '\0',22,_binary '\0',_binary '\0',2,_binary ''),(72,'2023-05-19 02:12:42.138396','2023-05-19 02:12:42.138396',_binary '','',41,NULL,_binary '',_binary '',_binary '\0',24,_binary '\0',_binary '',2,_binary '\0'),(73,'2023-05-19 02:20:31.646137','2023-05-19 02:20:31.646137',_binary '','언제 꽃펴..?',42,NULL,_binary '',_binary '',_binary '',21,_binary '',_binary '',6,_binary '');
/*!40000 ALTER TABLE `diaries` ENABLE KEYS */;
UNLOCK TABLES;

--
-- Table structure for table `diary_check`
--

DROP TABLE IF EXISTS `diary_check`;
/*!40101 SET @saved_cs_client     = @@character_set_client */;
/*!50503 SET character_set_client = utf8mb4 */;
CREATE TABLE `diary_check` (
  `id` bigint NOT NULL AUTO_INCREMENT,
  `created_date` datetime(6) DEFAULT NULL,
  `last_modified_date` datetime(6) DEFAULT NULL,
  `bug` bit(1) DEFAULT NULL,
  `content` varchar(255) DEFAULT NULL,
  `img_path` varchar(255) DEFAULT NULL,
  `nutrients` bit(1) DEFAULT NULL,
  `pot_id` bigint DEFAULT NULL,
  `pruning` bit(1) DEFAULT NULL,
  `sun` bit(1) DEFAULT NULL,
  `user_id` bigint DEFAULT NULL,
  `water` bit(1) DEFAULT NULL,
  PRIMARY KEY (`id`),
  KEY `FKiunjwnywec26bu2aasaug5mif` (`pot_id`),
  KEY `FKhjhhf7bbh7d66i38u246bwlu4` (`user_id`),
  CONSTRAINT `FKhjhhf7bbh7d66i38u246bwlu4` FOREIGN KEY (`user_id`) REFERENCES `users` (`id`),
  CONSTRAINT `FKiunjwnywec26bu2aasaug5mif` FOREIGN KEY (`pot_id`) REFERENCES `pots` (`id`)
) ENGINE=InnoDB AUTO_INCREMENT=43 DEFAULT CHARSET=utf8mb4 COLLATE=utf8mb4_0900_ai_ci;
/*!40101 SET character_set_client = @saved_cs_client */;

--
-- Dumping data for table `diary_check`
--

LOCK TABLES `diary_check` WRITE;
/*!40000 ALTER TABLE `diary_check` DISABLE KEYS */;
INSERT INTO `diary_check` VALUES (3,'2023-05-18 09:03:23.833555','2023-05-18 09:03:23.833555',_binary '\0','물줬엉ㅅ\n',NULL,_binary '\0',9,_binary '\0',_binary '\0',6,_binary ''),(4,'2023-05-18 09:05:01.136733','2023-05-18 09:05:01.136733',_binary '','어흑',NULL,_binary '\0',8,_binary '\0',_binary '\0',6,_binary '\0'),(5,'2023-05-18 09:09:13.265628','2023-05-18 09:09:13.265628',_binary '\0','ㅎㅅㅎ',NULL,_binary '\0',10,_binary '\0',_binary '\0',6,_binary ''),(6,'2023-05-18 11:38:42.544519','2023-05-19 02:21:22.286271',_binary '','','https://groot-a303-s3.s3.ap-northeast-2.amazonaws.com/diary/db31131d-956b-4ebc-8484-8e19d837cd01-prefix6277180657514847141extension',_binary '',16,_binary '',_binary '',6,_binary ''),(7,'2023-05-18 12:33:01.896592','2023-05-18 16:52:50.772934',_binary '\0',NULL,NULL,_binary '\0',18,_binary '\0',_binary '\0',9,_binary '\0'),(9,'2023-05-18 14:34:12.477606','2023-05-18 15:32:33.245427',_binary '\0','ㅠㅠ',NULL,_binary '\0',26,_binary '\0',_binary '\0',17,_binary '\0'),(11,'2023-05-18 14:50:10.159191','2023-05-18 14:50:10.159191',_binary '','루루',NULL,_binary '\0',29,_binary '\0',_binary '\0',15,_binary ''),(12,'2023-05-18 14:52:33.585579','2023-05-18 16:14:23.812845',_binary '',NULL,NULL,_binary '',30,_binary '',_binary '',15,_binary '\0'),(13,'2023-05-18 14:55:40.973436','2023-05-18 14:55:40.973436',_binary '','빨리 꽃이 폈으면 좋겠다 ㅎㅎㅎ',NULL,_binary '',31,_binary '',_binary '',17,_binary ''),(15,'2023-05-18 15:07:40.312957','2023-05-18 16:18:01.593268',_binary '','와웅zz','https://groot-a303-s3.s3.ap-northeast-2.amazonaws.com/diary/378fbc27-2a69-4822-9402-9f5ecf94cc70-prefix2106387362787612950extension',_binary '\0',32,_binary '\0',_binary '\0',4,_binary ''),(16,'2023-05-18 15:07:47.524513','2023-05-18 15:37:27.221476',_binary '\0','오늘은 새로운 화분을 데려온 날!\n무럭무럭 자라라~~~~','https://groot-a303-s3.s3.ap-northeast-2.amazonaws.com/diary/b07c5ddd-a330-4857-90f3-05ee7f67d5ea-prefix982934813051636988extension',_binary '\0',34,_binary '\0',_binary '\0',4,_binary '\0'),(18,'2023-05-18 15:32:51.974902','2023-05-18 17:43:20.808644',_binary '\0','안녕','https://groot-a303-s3.s3.ap-northeast-2.amazonaws.com/diary/ba705855-04f0-44b2-be24-e59a6ce3e82a-prefix8641330777306537468extension',_binary '\0',31,_binary '\0',_binary '\0',17,_binary '\0'),(20,'2023-05-18 16:14:39.215430','2023-05-18 16:14:39.215430',_binary '\0','물주고 햇빛 쬐어줬다',NULL,_binary '\0',39,_binary '\0',_binary '',18,_binary ''),(21,'2023-05-18 16:16:39.191039','2023-05-18 16:50:36.292895',_binary '','영양제 줬다',NULL,_binary '',40,_binary '\0',_binary '',18,_binary ''),(22,'2023-05-18 16:19:38.548083','2023-05-18 16:19:38.548083',_binary '\0','',NULL,_binary '\0',30,_binary '\0',_binary '\0',15,_binary ''),(24,'2023-05-18 16:50:36.937638','2023-05-18 17:42:50.925250',_binary '','오늘도 무럭무럭','https://groot-a303-s3.s3.ap-northeast-2.amazonaws.com/diary/08f65612-865e-4942-b7a6-b471bbdaaef3-prefix6560644207853095363extension',_binary '',43,_binary '',_binary '',17,_binary ''),(25,'2023-05-18 16:53:03.992658','2023-05-18 16:56:52.573396',_binary '\0','',NULL,_binary '',18,_binary '',_binary '',9,_binary ''),(28,'2023-05-18 17:52:54.170364','2023-05-18 17:52:54.170364',_binary '','',NULL,_binary '',20,_binary '',_binary '',5,_binary '\0'),(29,'2023-05-18 17:54:09.204789','2023-05-18 17:54:09.204789',_binary '','',NULL,_binary '',46,_binary '',_binary '',5,_binary '\0'),(32,'2023-05-18 17:56:34.732479','2023-05-18 17:57:35.515188',_binary '','울라',NULL,_binary '',49,_binary '',_binary '',5,_binary ''),(34,'2023-05-18 17:59:48.222065','2023-05-18 18:00:01.312297',_binary '','홍매',NULL,_binary '',51,_binary '',_binary '',5,_binary ''),(35,'2023-05-18 18:01:25.240355','2023-05-18 18:01:25.240355',_binary '','벌레퇴치 완료ㅠㅠㅠ',NULL,_binary '\0',26,_binary '\0',_binary '\0',17,_binary '\0'),(36,'2023-05-18 18:02:51.694284','2023-05-18 18:02:58.893339',_binary '','',NULL,_binary '',52,_binary '',_binary '',5,_binary ''),(37,'2023-05-18 18:04:19.554385','2023-05-18 18:04:19.554385',_binary '','',NULL,_binary '',53,_binary '',_binary '',9,_binary ''),(38,'2023-05-18 18:05:12.974963','2023-05-18 18:05:24.612698',_binary '','',NULL,_binary '',54,_binary '',_binary '',5,_binary ''),(40,'2023-05-19 02:06:27.182357','2023-05-19 02:06:27.182357',_binary '\0','',NULL,_binary '\0',22,_binary '\0',_binary '\0',2,_binary ''),(41,'2023-05-19 02:12:42.135654','2023-05-19 02:12:42.135654',_binary '','',NULL,_binary '\0',24,_binary '\0',_binary '',2,_binary '\0'),(42,'2023-05-19 02:20:31.643129','2023-05-19 02:20:31.643129',_binary '','언제 꽃펴..?',NULL,_binary '',21,_binary '',_binary '',6,_binary '');
/*!40000 ALTER TABLE `diary_check` ENABLE KEYS */;
UNLOCK TABLES;

--
-- Table structure for table `hibernate_sequence`
--

DROP TABLE IF EXISTS `hibernate_sequence`;
/*!40101 SET @saved_cs_client     = @@character_set_client */;
/*!50503 SET character_set_client = utf8mb4 */;
CREATE TABLE `hibernate_sequence` (
  `next_val` bigint DEFAULT NULL
) ENGINE=InnoDB DEFAULT CHARSET=utf8mb4 COLLATE=utf8mb4_0900_ai_ci;
/*!40101 SET character_set_client = @saved_cs_client */;

--
-- Dumping data for table `hibernate_sequence`
--

LOCK TABLES `hibernate_sequence` WRITE;
/*!40000 ALTER TABLE `hibernate_sequence` DISABLE KEYS */;
INSERT INTO `hibernate_sequence` VALUES (444);
/*!40000 ALTER TABLE `hibernate_sequence` ENABLE KEYS */;
UNLOCK TABLES;

--
-- Table structure for table `notifications`
--

DROP TABLE IF EXISTS `notifications`;
/*!40101 SET @saved_cs_client     = @@character_set_client */;
/*!50503 SET character_set_client = utf8mb4 */;
CREATE TABLE `notifications` (
  `id` bigint NOT NULL AUTO_INCREMENT,
  `created_date` datetime(6) DEFAULT NULL,
  `last_modified_date` datetime(6) DEFAULT NULL,
  `chatting_room_id` varchar(255) DEFAULT NULL,
  `content` varchar(255) DEFAULT NULL,
  `content_id` bigint DEFAULT NULL,
  `is_read` bit(1) NOT NULL,
  `page` varchar(255) DEFAULT NULL,
  `title` varchar(255) DEFAULT NULL,
  `user_id` bigint DEFAULT NULL,
  PRIMARY KEY (`id`),
  KEY `FK9y21adhxn0ayjhfocscqox7bh` (`user_id`),
  CONSTRAINT `FK9y21adhxn0ayjhfocscqox7bh` FOREIGN KEY (`user_id`) REFERENCES `users` (`id`) ON DELETE CASCADE
) ENGINE=InnoDB AUTO_INCREMENT=2 DEFAULT CHARSET=utf8mb4 COLLATE=utf8mb4_0900_ai_ci;
/*!40101 SET character_set_client = @saved_cs_client */;

--
-- Dumping data for table `notifications`
--

LOCK TABLES `notifications` WRITE;
/*!40000 ALTER TABLE `notifications` DISABLE KEYS */;
INSERT INTO `notifications` VALUES (1,'2023-05-18 15:37:26.220852','2023-05-18 15:37:26.220852',NULL,'흰둥이님이 \'초보자도 기르기 쉬운 식물 추천\'글에 댓글을 작성하였습니다.',39,_binary '\0','article','댓글 알림',15);
/*!40000 ALTER TABLE `notifications` ENABLE KEYS */;
UNLOCK TABLES;

--
-- Table structure for table `plans`
--

DROP TABLE IF EXISTS `plans`;
/*!40101 SET @saved_cs_client     = @@character_set_client */;
/*!50503 SET character_set_client = utf8mb4 */;
CREATE TABLE `plans` (
  `id` bigint NOT NULL,
  `code` int DEFAULT NULL,
  `date_time` datetime(6) DEFAULT NULL,
  `diary_id` bigint DEFAULT NULL,
  `done` bit(1) DEFAULT NULL,
  `pot_id` bigint DEFAULT NULL,
  `user_id` bigint DEFAULT NULL,
  PRIMARY KEY (`id`),
  KEY `FKj7vubpd2mmfcmtts2wnsnm7sh` (`diary_id`),
  KEY `FKqyands7ggk83l6lvrd4m3o1b8` (`pot_id`),
  KEY `FKbybv5po44ssyv6svnv062dwrf` (`user_id`),
  CONSTRAINT `FKbybv5po44ssyv6svnv062dwrf` FOREIGN KEY (`user_id`) REFERENCES `users` (`id`),
  CONSTRAINT `FKj7vubpd2mmfcmtts2wnsnm7sh` FOREIGN KEY (`diary_id`) REFERENCES `diaries` (`id`),
  CONSTRAINT `FKqyands7ggk83l6lvrd4m3o1b8` FOREIGN KEY (`pot_id`) REFERENCES `pots` (`id`)
) ENGINE=InnoDB DEFAULT CHARSET=utf8mb4 COLLATE=utf8mb4_0900_ai_ci;
/*!40101 SET character_set_client = @saved_cs_client */;

--
-- Dumping data for table `plans`
--

LOCK TABLES `plans` WRITE;
/*!40000 ALTER TABLE `plans` DISABLE KEYS */;
INSERT INTO `plans` VALUES (43,1,'2023-11-18 00:00:00.498309',NULL,_binary '\0',8,6),(44,2,'2024-05-18 00:00:00.498320',NULL,_binary '\0',8,6),(45,0,'2023-05-18 00:00:00.477640',NULL,_binary '',9,6),(46,1,'2023-11-18 00:00:00.477654',NULL,_binary '\0',9,6),(47,2,'2024-05-18 00:00:00.477664',NULL,_binary '\0',9,6),(48,0,'2023-06-22 00:00:00.000000',NULL,_binary '\0',9,6),(49,0,'2023-07-27 00:00:00.000000',NULL,_binary '\0',9,6),(50,0,'2023-08-31 00:00:00.000000',NULL,_binary '\0',9,6),(51,0,'2023-05-18 00:00:00.065069',NULL,_binary '',10,6),(52,1,'2023-11-18 00:00:00.065083',NULL,_binary '\0',10,6),(53,2,'2024-05-18 00:00:00.065093',NULL,_binary '\0',10,6),(54,0,'2023-06-07 00:00:00.000000',NULL,_binary '\0',10,6),(55,0,'2023-06-27 00:00:00.000000',NULL,_binary '\0',10,6),(56,0,'2023-07-17 00:00:00.000000',NULL,_binary '\0',10,6),(58,1,'2023-11-18 00:00:00.161192',NULL,_binary '\0',11,6),(59,2,'2024-05-18 00:00:00.161202',NULL,_binary '\0',11,6),(72,0,'2023-05-18 00:00:00.077362',NULL,_binary '',16,6),(74,2,'2024-05-18 00:00:00.077388',NULL,_binary '\0',16,6),(75,0,'2023-06-07 00:00:00.000000',NULL,_binary '\0',16,6),(76,0,'2023-06-27 00:00:00.000000',NULL,_binary '\0',16,6),(77,0,'2023-07-17 00:00:00.000000',NULL,_binary '\0',16,6),(78,1,'2023-05-18 11:40:51.567010',8,_binary '',16,6),(79,1,'2023-11-18 00:00:00.000000',NULL,_binary '\0',16,6),(80,1,'2024-05-18 00:00:00.000000',NULL,_binary '\0',16,6),(81,1,'2024-11-18 00:00:00.000000',NULL,_binary '\0',16,6),(85,0,'2023-05-18 00:00:00.050664',NULL,_binary '',18,9),(87,2,'2024-05-18 00:00:00.050688',NULL,_binary '\0',18,9),(99,2,'2024-05-18 00:00:00.808129',NULL,_binary '\0',20,5),(102,2,'2024-05-18 00:00:00.595157',NULL,_binary '\0',21,6),(104,1,'2023-11-18 00:00:00.312915',NULL,_binary '\0',22,2),(105,2,'2024-05-18 00:00:00.312915',NULL,_binary '\0',22,2),(107,1,'2023-11-18 00:00:00.967544',NULL,_binary '\0',23,2),(108,2,'2024-05-18 00:00:00.967544',NULL,_binary '\0',23,2),(110,1,'2023-11-18 00:00:00.251016',NULL,_binary '\0',24,2),(111,2,'2024-05-18 00:00:00.251016',NULL,_binary '\0',24,2),(115,0,'2023-05-18 00:00:00.285751',NULL,_binary '',26,17),(116,1,'2023-11-18 00:00:00.285763',NULL,_binary '\0',26,17),(117,2,'2024-05-18 00:00:00.285774',NULL,_binary '\0',26,17),(134,0,'2023-05-18 00:00:00.397808',NULL,_binary '',29,15),(135,1,'2023-11-18 00:00:00.397833',NULL,_binary '\0',29,15),(136,2,'2024-05-18 00:00:00.397855',NULL,_binary '\0',29,15),(137,0,'2023-06-22 00:00:00.000000',NULL,_binary '\0',29,15),(138,0,'2023-07-27 00:00:00.000000',NULL,_binary '\0',29,15),(139,0,'2023-08-31 00:00:00.000000',NULL,_binary '\0',29,15),(140,0,'2023-05-18 00:00:00.107687',NULL,_binary '',30,15),(142,2,'2024-05-18 00:00:00.107713',NULL,_binary '\0',30,15),(146,1,'2023-05-18 14:54:38.884015',18,_binary '',30,15),(147,1,'2023-11-18 00:00:00.000000',NULL,_binary '\0',30,15),(148,1,'2024-05-18 00:00:00.000000',NULL,_binary '\0',30,15),(149,1,'2024-11-18 00:00:00.000000',NULL,_binary '\0',30,15),(150,0,'2023-05-18 00:00:00.090861',NULL,_binary '',31,17),(152,2,'2024-05-18 00:00:00.090885',NULL,_binary '\0',31,17),(153,0,'2023-06-22 00:00:00.000000',NULL,_binary '\0',31,17),(154,0,'2023-07-27 00:00:00.000000',NULL,_binary '\0',31,17),(155,0,'2023-08-31 00:00:00.000000',NULL,_binary '\0',31,17),(156,1,'2023-05-18 14:55:40.976489',19,_binary '',31,17),(161,1,'2023-11-18 00:00:00.968839',NULL,_binary '\0',32,4),(162,2,'2024-05-18 00:00:00.968851',NULL,_binary '\0',32,4),(180,0,'2023-06-08 00:00:00.000000',NULL,_binary '\0',8,6),(181,0,'2023-06-28 00:00:00.000000',NULL,_binary '\0',8,6),(182,0,'2023-07-18 00:00:00.000000',NULL,_binary '\0',8,6),(183,0,'2023-06-23 00:00:00.000000',NULL,_binary '\0',11,6),(184,0,'2023-07-28 00:00:00.000000',NULL,_binary '\0',11,6),(185,0,'2023-09-01 00:00:00.000000',NULL,_binary '\0',11,6),(186,0,'2023-06-08 00:00:00.000000',NULL,_binary '\0',20,5),(187,0,'2023-06-28 00:00:00.000000',NULL,_binary '\0',20,5),(188,0,'2023-07-18 00:00:00.000000',NULL,_binary '\0',20,5),(195,0,'2023-06-08 00:00:00.000000',NULL,_binary '\0',23,2),(196,0,'2023-06-28 00:00:00.000000',NULL,_binary '\0',23,2),(197,0,'2023-07-18 00:00:00.000000',NULL,_binary '\0',23,2),(198,0,'2023-06-08 00:00:00.000000',NULL,_binary '\0',24,2),(199,0,'2023-06-28 00:00:00.000000',NULL,_binary '\0',24,2),(200,0,'2023-07-18 00:00:00.000000',NULL,_binary '\0',24,2),(204,0,'2023-05-19 00:00:00.808321',NULL,_binary '\0',34,4),(205,1,'2023-11-19 00:00:00.808334',NULL,_binary '\0',34,4),(206,2,'2024-05-19 00:00:00.808344',NULL,_binary '\0',34,4),(207,0,'2023-05-18 15:07:40.316085',23,_binary '',32,4),(208,0,'2023-06-23 00:00:00.000000',NULL,_binary '\0',32,4),(209,0,'2023-07-28 00:00:00.000000',NULL,_binary '\0',32,4),(210,0,'2023-09-01 00:00:00.000000',NULL,_binary '\0',32,4),(221,0,'2023-06-07 00:00:00.000000',NULL,_binary '\0',26,17),(222,0,'2023-06-27 00:00:00.000000',NULL,_binary '\0',26,17),(223,0,'2023-07-17 00:00:00.000000',NULL,_binary '\0',26,17),(228,1,'2023-11-18 00:00:00.000000',NULL,_binary '\0',31,17),(229,1,'2024-05-18 00:00:00.000000',NULL,_binary '\0',31,17),(230,1,'2024-11-18 00:00:00.000000',NULL,_binary '\0',31,17),(241,0,'2023-05-19 00:00:00.601864',NULL,_binary '\0',37,4),(242,1,'2023-11-19 00:00:00.601879',NULL,_binary '\0',37,4),(243,2,'2024-05-19 00:00:00.601890',NULL,_binary '\0',37,4),(244,0,'2023-05-19 00:00:00.095738',NULL,_binary '\0',38,18),(245,1,'2023-11-19 00:00:00.095775',NULL,_binary '\0',38,18),(246,2,'2024-05-19 00:00:00.095797',NULL,_binary '\0',38,18),(247,0,'2023-05-19 00:00:00.428915',NULL,_binary '',39,18),(248,1,'2023-11-19 00:00:00.428928',NULL,_binary '\0',39,18),(249,2,'2024-05-19 00:00:00.428939',NULL,_binary '\0',39,18),(253,0,'2023-05-26 00:00:00.000000',NULL,_binary '\0',39,18),(254,0,'2023-06-02 00:00:00.000000',NULL,_binary '\0',39,18),(255,0,'2023-06-09 00:00:00.000000',NULL,_binary '\0',39,18),(256,0,'2023-05-19 00:00:00.280655',NULL,_binary '',40,18),(258,2,'2024-05-19 00:00:00.280674',NULL,_binary '\0',40,18),(259,0,'2023-05-19 00:00:00.191670',NULL,_binary '\0',41,1),(260,1,'2023-11-19 00:00:00.191685',NULL,_binary '\0',41,1),(261,2,'2024-05-19 00:00:00.191696',NULL,_binary '\0',41,1),(262,0,'2023-06-08 00:00:00.000000',NULL,_binary '\0',40,18),(263,0,'2023-06-28 00:00:00.000000',NULL,_binary '\0',40,18),(264,0,'2023-07-18 00:00:00.000000',NULL,_binary '\0',40,18),(265,0,'2023-05-18 16:19:38.551625',37,_binary '',30,15),(266,0,'2023-06-23 00:00:00.000000',NULL,_binary '\0',30,15),(267,0,'2023-07-28 00:00:00.000000',NULL,_binary '\0',30,15),(268,0,'2023-09-01 00:00:00.000000',NULL,_binary '\0',30,15),(275,0,'2023-05-19 00:00:00.271925',NULL,_binary '',43,17),(277,2,'2024-05-19 00:00:00.271948',NULL,_binary '\0',43,17),(278,1,'2023-05-18 16:50:36.296618',41,_binary '',40,18),(279,1,'2023-11-19 00:00:00.000000',NULL,_binary '\0',40,18),(280,1,'2024-05-19 00:00:00.000000',NULL,_binary '\0',40,18),(281,1,'2024-11-19 00:00:00.000000',NULL,_binary '\0',40,18),(282,0,'2023-06-08 00:00:00.000000',NULL,_binary '\0',43,17),(283,0,'2023-06-28 00:00:00.000000',NULL,_binary '\0',43,17),(284,0,'2023-07-18 00:00:00.000000',NULL,_binary '\0',43,17),(285,1,'2023-05-18 16:50:42.181360',43,_binary '',43,17),(286,1,'2023-11-19 00:00:00.000000',NULL,_binary '\0',43,17),(287,1,'2024-05-19 00:00:00.000000',NULL,_binary '\0',43,17),(288,1,'2024-11-19 00:00:00.000000',NULL,_binary '\0',43,17),(306,0,'2023-05-18 16:56:31.923536',46,_binary '',18,9),(307,0,'2023-06-08 00:00:00.000000',NULL,_binary '\0',18,9),(308,0,'2023-06-28 00:00:00.000000',NULL,_binary '\0',18,9),(309,0,'2023-07-18 00:00:00.000000',NULL,_binary '\0',18,9),(310,1,'2023-05-18 16:56:31.923536',46,_binary '',18,9),(311,1,'2023-11-19 00:00:00.000000',NULL,_binary '\0',18,9),(312,1,'2024-05-19 00:00:00.000000',NULL,_binary '\0',18,9),(313,1,'2024-11-19 00:00:00.000000',NULL,_binary '\0',18,9),(334,1,'2023-05-18 17:52:54.173478',52,_binary '',20,5),(335,1,'2023-11-19 00:00:00.000000',NULL,_binary '\0',20,5),(336,1,'2024-05-19 00:00:00.000000',NULL,_binary '\0',20,5),(337,1,'2024-11-19 00:00:00.000000',NULL,_binary '\0',20,5),(338,0,'2023-05-19 00:00:00.712256',NULL,_binary '\0',46,5),(340,2,'2024-05-19 00:00:00.712281',NULL,_binary '\0',46,5),(341,1,'2023-05-18 17:54:09.207980',53,_binary '',46,5),(342,1,'2023-11-19 00:00:00.000000',NULL,_binary '\0',46,5),(343,1,'2024-05-19 00:00:00.000000',NULL,_binary '\0',46,5),(344,1,'2024-11-19 00:00:00.000000',NULL,_binary '\0',46,5),(359,0,'2023-05-19 00:00:00.890727',NULL,_binary '',49,5),(361,2,'2024-05-19 00:00:00.890752',NULL,_binary '\0',49,5),(362,0,'2023-06-08 00:00:00.000000',NULL,_binary '\0',49,5),(363,0,'2023-06-28 00:00:00.000000',NULL,_binary '\0',49,5),(364,0,'2023-07-18 00:00:00.000000',NULL,_binary '\0',49,5),(365,1,'2023-05-18 17:56:55.330705',57,_binary '',49,5),(366,1,'2023-11-19 00:00:00.000000',NULL,_binary '\0',49,5),(367,1,'2024-05-19 00:00:00.000000',NULL,_binary '\0',49,5),(368,1,'2024-11-19 00:00:00.000000',NULL,_binary '\0',49,5),(379,0,'2023-05-19 00:00:00.125568',NULL,_binary '',51,5),(381,2,'2024-05-19 00:00:00.125595',NULL,_binary '\0',51,5),(382,0,'2023-06-08 00:00:00.000000',NULL,_binary '\0',51,5),(383,0,'2023-06-28 00:00:00.000000',NULL,_binary '\0',51,5),(384,0,'2023-07-18 00:00:00.000000',NULL,_binary '\0',51,5),(385,1,'2023-05-18 18:00:01.315799',62,_binary '',51,5),(386,1,'2023-11-19 00:00:00.000000',NULL,_binary '\0',51,5),(387,1,'2024-05-19 00:00:00.000000',NULL,_binary '\0',51,5),(388,1,'2024-11-19 00:00:00.000000',NULL,_binary '\0',51,5),(389,0,'2023-05-19 00:00:00.674595',NULL,_binary '',52,5),(391,2,'2024-05-19 00:00:00.674686',NULL,_binary '\0',52,5),(392,0,'2023-06-08 00:00:00.000000',NULL,_binary '\0',52,5),(393,0,'2023-06-28 00:00:00.000000',NULL,_binary '\0',52,5),(394,0,'2023-07-18 00:00:00.000000',NULL,_binary '\0',52,5),(395,1,'2023-05-18 18:02:58.901234',65,_binary '',52,5),(396,1,'2023-11-19 00:00:00.000000',NULL,_binary '\0',52,5),(397,1,'2024-05-19 00:00:00.000000',NULL,_binary '\0',52,5),(398,1,'2024-11-19 00:00:00.000000',NULL,_binary '\0',52,5),(399,0,'2023-05-19 00:00:00.940172',NULL,_binary '',53,9),(401,2,'2024-05-19 00:00:00.940195',NULL,_binary '\0',53,9),(402,0,'2023-06-23 00:00:00.000000',NULL,_binary '\0',53,9),(403,0,'2023-07-28 00:00:00.000000',NULL,_binary '\0',53,9),(404,0,'2023-09-01 00:00:00.000000',NULL,_binary '\0',53,9),(405,1,'2023-05-18 18:04:19.559003',66,_binary '',53,9),(406,1,'2023-11-19 00:00:00.000000',NULL,_binary '\0',53,9),(407,1,'2024-05-19 00:00:00.000000',NULL,_binary '\0',53,9),(408,1,'2024-11-19 00:00:00.000000',NULL,_binary '\0',53,9),(409,0,'2023-05-19 00:00:00.826208',NULL,_binary '',54,5),(411,2,'2024-05-19 00:00:00.826232',NULL,_binary '\0',54,5),(412,0,'2023-06-08 00:00:00.000000',NULL,_binary '\0',54,5),(413,0,'2023-06-28 00:00:00.000000',NULL,_binary '\0',54,5),(414,0,'2023-07-18 00:00:00.000000',NULL,_binary '\0',54,5),(415,1,'2023-05-18 18:05:24.616760',68,_binary '',54,5),(416,1,'2023-11-19 00:00:00.000000',NULL,_binary '\0',54,5),(417,1,'2024-05-19 00:00:00.000000',NULL,_binary '\0',54,5),(418,1,'2024-11-19 00:00:00.000000',NULL,_binary '\0',54,5),(429,0,'2023-05-19 02:06:27.185015',71,_binary '',22,2),(430,0,'2023-06-08 00:00:00.000000',NULL,_binary '\0',22,2),(431,0,'2023-06-28 00:00:00.000000',NULL,_binary '\0',22,2),(432,0,'2023-07-18 00:00:00.000000',NULL,_binary '\0',22,2),(433,0,'2023-05-19 00:00:00.800067',NULL,_binary '\0',56,6),(434,1,'2023-11-19 00:00:00.800081',NULL,_binary '\0',56,6),(435,2,'2024-05-19 00:00:00.800091',NULL,_binary '\0',56,6),(436,0,'2023-05-19 02:20:31.646137',73,_binary '',21,6),(437,0,'2023-06-08 00:00:00.000000',NULL,_binary '\0',21,6),(438,0,'2023-06-28 00:00:00.000000',NULL,_binary '\0',21,6),(439,0,'2023-07-18 00:00:00.000000',NULL,_binary '\0',21,6),(440,1,'2023-05-19 02:20:31.646137',73,_binary '',21,6),(441,1,'2023-11-19 00:00:00.000000',NULL,_binary '\0',21,6),(442,1,'2024-05-19 00:00:00.000000',NULL,_binary '\0',21,6),(443,1,'2024-11-19 00:00:00.000000',NULL,_binary '\0',21,6);
/*!40000 ALTER TABLE `plans` ENABLE KEYS */;
UNLOCK TABLES;

--
-- Table structure for table `plants`
--

DROP TABLE IF EXISTS `plants`;
/*!40101 SET @saved_cs_client     = @@character_set_client */;
/*!50503 SET character_set_client = utf8mb4 */;
CREATE TABLE `plants` (
  `id` bigint NOT NULL AUTO_INCREMENT,
  `created_date` datetime DEFAULT NULL,
  `last_modified_date` datetime DEFAULT NULL,
  `area` int DEFAULT NULL,
  `characteristics` varchar(255) DEFAULT NULL,
  `description` varchar(2000) DEFAULT NULL,
  `grw_season` varchar(255) DEFAULT NULL,
  `grw_speed` varchar(255) NOT NULL DEFAULT '보통',
  `grw_type` varchar(255) NOT NULL,
  `height` int DEFAULT NULL,
  `insect_info` varchar(255) DEFAULT NULL,
  `kr_name` varchar(255) NOT NULL,
  `light_demand` int NOT NULL,
  `max_grw_temp` int NOT NULL,
  `max_humidity` int NOT NULL,
  `mgmt_demand` varchar(255) NOT NULL,
  `mgmt_level` int NOT NULL,
  `mgmt_tip` varchar(500) DEFAULT NULL,
  `min_grw_temp` int NOT NULL,
  `min_humidity` int NOT NULL DEFAULT '25',
  `place` varchar(255) DEFAULT NULL,
  `sci_name` varchar(255) NOT NULL,
  `smell_degree` int DEFAULT NULL,
  `toxic_info` varchar(255) DEFAULT NULL,
  `water_cycle` int NOT NULL DEFAULT '53003',
  `winter_min_temp` int NOT NULL DEFAULT '10',
  `img` varchar(100) DEFAULT NULL,
  PRIMARY KEY (`id`)
) ENGINE=InnoDB AUTO_INCREMENT=204871 DEFAULT CHARSET=utf8mb4 COLLATE=utf8mb4_0900_ai_ci;
/*!40101 SET character_set_client = @saved_cs_client */;

--
-- Dumping data for table `plants`
--

LOCK TABLES `plants` WRITE;
/*!40000 ALTER TABLE `plants` DISABLE KEYS */;
INSERT INTO `plants` VALUES (12901,NULL,NULL,30,' ','이 식물은 다용도로 사용할 수 있어요. 정원에 장식적인 요소로 사용할 수도 있고, 사랑스러운 실내식물로도 활용할 수 있어요. 습한 토양과 풍부한 배수가 잘되는 토양을 선호하지만, 재배하기 쉬워 초보자나 경험이 있는 정원사에게도 완벽한 선택이에요.',' ','보통','풀모양',30,'응애,온실가루이','히포에스테스',6,25,70,'보통 (약간 잘 견딤)',1,'',20,40,'거실 창측 (실내깊이 150~300cm),발코니 내측 (실내깊이 50~150cm),발코니 창측 (실내깊이 0~50cm)','Hypoestes phyllostachya (H. sanguinnolenta)',3,'',53002,13,'https://nongsaro.go.kr/cms_contents/301/12901_MF_REPR_ATTACH_01.jpg'),(12919,NULL,NULL,30,' ','',' ','','덩굴성',20,'응애','흰줄무늬달개비(트라데스칸티아)',6,25,70,'보통 (약간 잘 견딤)',1,'밝기가 충분하지 않으면 무늬가 보이지 않을 수 있으니, 조심해주세요.',20,40,'거실 창측 (실내깊이 150~300cm),발코니 내측 (실내깊이 50~150cm),발코니 창측 (실내깊이 0~50cm)','Tradescantia albiflora Kunth \'Albovittata\'',4,'',53003,13,'https://nongsaro.go.kr/cms_contents/301/12919_MF_ATTACH_01.jpg'),(12920,NULL,NULL,30,' ','',' ','보통','풀모양',30,'응애','흰꽃나도사프란',4,25,70,'낮음 (잘 견딤)',1,'',20,40,'발코니 내측 (실내깊이 50~150cm),발코니 창측 (실내깊이 0~50cm)','Zephyranthes candida ',3,'',53004,5,'https://nongsaro.go.kr/cms_contents/301/12920_MF_REPR_ATTACH_01.jpg'),(12932,NULL,NULL,40,' ','초보자도 쉽게 따라 할 수 있어요! 그냥 물을 잘 흡수하면서도 물이 잘 배수되는 일반적인 식물 토양을 사용하면 돼요. 토양이 너무 밀집된 느낌이면 모래, 펄라이트, 혹은 부식토를 좀 넣어주세요. 식물들이 뿌리를 잘 굳히기 위해 비료를 주기 전에 충분한 시간을 주세요. 직접 토양 혼합물을 만들고 싶다면 정원 토양, 거친 모래 혹은 펄라이트, 축축한 부식토(이광고나이트)를 같은 양씩 섞어서 사용하고 석회도 약간 넣으면 좋아요. 그리고 물이 너무 많이 차는 것을 방지하기 위해 항상 배수구가 있는 화분을 사용하는 걸 잊지 마세요.',' ','','관목형',150,'응애,깍지벌레','황금죽',6,20,70,'필요함',2,'',15,40,'거실 내측 (실내깊이 300~500cm),거실 창측 (실내깊이 150~300cm),발코니 내측 (실내깊이 50~150cm)','Dracaena sanderiana',3,'',53003,13,'https://nongsaro.go.kr/cms_contents/301/12932_MF_ATTACH_01.jpg'),(12937,NULL,NULL,30,' ','',' ','','덩굴성',20,'응애,깍지벌레','황금마삭줄',6,20,70,'보통 (약간 잘 견딤)',1,'',15,40,'거실 창측 (실내깊이 150~300cm),발코니 내측 (실내깊이 50~150cm),발코니 창측 (실내깊이 0~50cm)','Trachelospermum asiaticum var. variegatum',4,'',53003,5,'https://nongsaro.go.kr/cms_contents/301/12937_MF_ATTACH_02.jpg'),(12938,NULL,NULL,25,' ','진달래과의 작은 관목으로, 가난하고 토양이 매우 힘든 산지에서 실생활하며, 보급되지 않습니다. 식물의 특성상, 산성 토양에서 성장하며 높이는 대략 20cm이며 포글거리는 모습입니다. 고요한 암석정원에서 잘 어울리는 아름다운 식물입니다.',' ','느림','관목형',15,'응애,깍지벌레','가울테리아',6,20,70,'낮음 (잘 견딤)',2,'',15,40,'거실 창측 (실내깊이 150~300cm),발코니 내측 (실내깊이 50~150cm),발코니 창측 (실내깊이 0~50cm)','Gaultheria procumbens',2,'',53003,0,'https://nongsaro.go.kr/cms_contents/301/12938_MF_ATTACH_01.jpg'),(12954,NULL,NULL,30,' ','화분에 심을 때는 수분이 잘 배출되는 부드러운 토양을 사용하는 것이 좋아요. 이 색다른 식물 개운죽은 관리하기 쉬워서 유용합니다. 이 식물의 줄기는 대나무처럼 디자인적 효과를 냅니다. 따라서 직선보다 곡선의 줄기가 필요할 때는 유연한 가지로 굽히면 곡선으로 유도할 수도 있어요.',' ','보통','직립형',90,'응애,깍지벌레','개운죽',7,20,70,'낮음 (잘 견딤)',1,'수경에서는 물을 주지 않아도 되지만, 화분은 1-2주에 한 번씩 충분한 양의 물을 주는 것이 좋습니다.',15,40,'거실 내측 (실내깊이 300~500cm),거실 창측 (실내깊이 150~300cm),발코니 내측 (실내깊이 50~150cm),발코니 창측 (실내깊이 0~50cm)','Dracaena sanderiana \'Virens\'',4,'있음',53002,13,'https://nongsaro.go.kr/cms_contents/301/12954_MF_ATTACH_01.jpg'),(12955,NULL,NULL,50,' ','\'Cupressus macrocarpa\'라는 나무 종류에는 \'wilma\', \'goldcrest\'와 같은 여러 품종이 있습니다. \'율마\'라는 이름은 앞서 말한 \'wilma\'에서 유래된 것으로 생각해지며, 이에따라 \'율마\'라는 이름이 \'윌마\'로 교정되어야 할 가능성이 있습니다. 이 나무는 바람에 약하지만 토피아리 형식으로도 잘 키울 수 있으며, 줄기 아랫부분의 잎이 떨어져 황량한 느낌을 줍니다. 크리스마스 시즌에는 안방에서도 잘 어울리는 실내용 크리스마스 트리로 꾸민다면 멋진 분위기를 연출하기 좋습니다.',' ','보통','직립형',100,'응애,깍지벌레','골드크레스트 \'윌마\'',4,20,70,'보통 (약간 잘 견딤)',2,'겨울에는 가지런히 관리해 주시면 좋습니다. 신진 나무일수록 꾸준히 물을 주는 것이 필요합니다.',15,40,'거실 창측 (실내깊이 150~300cm),발코니 내측 (실내깊이 50~150cm),발코니 창측 (실내깊이 0~50cm)','Cupressus macrocarpa \'Wilma\'',1,'',53003,10,'https://nongsaro.go.kr/cms_contents/301/12955_MF_ATTACH_04.jpg'),(12956,NULL,NULL,50,' ','잎과 열매가 화려하게 반짝이고, 이쁘게 빛나는 것이 멋있습니다.',' ','보통','관목형',150,'응애,깍지벌레','후피향나무',4,20,70,'낮음 (잘 견딤)',1,'',15,40,'발코니 내측 (실내깊이 50~150cm),발코니 창측 (실내깊이 0~50cm)','Ternstroemia japonica',2,'',53003,0,'https://nongsaro.go.kr/cms_contents/301/12956_MF_REPR_ATTACH_01.jpg'),(12957,NULL,NULL,100,' ','포름알데히드, 벤젠, 톨루엔, 트리클로로 에틸렌은 인체에 해로운 화학물질입니다.',' ','보통','직립형',300,'응애,깍지벌레','공작야자',6,25,100,'필요함',2,'',20,70,'거실 창측 (실내깊이 150~300cm),발코니 내측 (실내깊이 50~150cm),발코니 창측 (실내깊이 0~50cm)','Caryota mitis',4,'',53003,13,'https://nongsaro.go.kr/cms_contents/301/12957_MF_REPR_ATTACH_01.jpg'),(12962,NULL,NULL,30,' ','',' ','보통','관목형',30,'응애,깍지벌레,온실가루이','관엽베고니아',6,20,70,'보통 (약간 잘 견딤)',2,'',15,40,'거실 창측 (실내깊이 150~300cm),발코니 내측 (실내깊이 50~150cm),발코니 창측 (실내깊이 0~50cm)','Begonia  spp.',4,'',53003,13,'https://nongsaro.go.kr/cms_contents/301/12962_MF_REPR_ATTACH_01.jpg'),(12963,NULL,NULL,70,' ','손바닥 모양의 잎을 가진 식물은 집안에서 기르기가 쉬워요. 이런 식물은 그늘과 추위에도 잘 견디며 병해충에도 강해서 관리가 쉽답니다. 또한, 자라는 속도가 느려서 그나마 더 운좋게도 쉬운 관리가 가능해요. 반엽이 있는 종은 아름다운 색상으로 더욱 눈길을 끌어요. 분갈이는 2년에 한 번 해주면 좋아요.',' ','느림','관목형',200,'응애,깍지벌레','관음죽',7,20,70,'보통 (약간 잘 견딤)',2,'만약 관음죽을 지하관수나 수경재배로 키우시는 경우에는 수돗물의 염분과 미네랄로 인해 잎 끝이 갈색으로 변할 수도 있습니다. 이러한 경우 갈색으로 변한 부분만 가위로 자르시면 염분을 제거하면서도 아름다운 톱니모양의 녹색 잎을 유지하실 수 있습니다.',15,40,'실내 어두운 곳 (실내깊이 500 이상cm),거실 내측 (실내깊이 300~500cm),거실 창측 (실내깊이 150~300cm),발코니 내측 (실내깊이 50~150cm),발코니 창측 (실내깊이 0~50cm)','Rhapis excelsa',4,'수액이 인체의 피부나 점막을 자극할 수 있음',53003,5,'https://nongsaro.go.kr/cms_contents/301/12963_MF_ATTACH_01.jpg'),(12966,NULL,NULL,50,' ','',' ','','관목형',50,'응애,깍지벌레,온실가루이','구문초',6,20,70,'필요함',0,'',15,40,'거실 창측 (실내깊이 150~300cm),발코니 내측 (실내깊이 50~150cm),발코니 창측 (실내깊이 0~50cm)','Pelargonium rosium',2,'모기퇴치 식물',53003,10,'https://nongsaro.go.kr/cms_contents/301/12966_MF_REPR_ATTACH_01.jpg'),(12971,NULL,NULL,30,' ','',' ','','풀모양',30,'응애,깍지벌레','홀리아페페로미아',6,25,70,'필요함',2,'',20,40,'거실 내측 (실내깊이 300~500cm),거실 창측 (실내깊이 150~300cm),발코니 내측 (실내깊이 50~150cm)','Peperomia angula',4,'',53003,13,'https://nongsaro.go.kr/cms_contents/301/12971_MF_REPR_ATTACH_01.jpg'),(12972,NULL,NULL,30,' ','잎과 잎 포기 사이에 위치한 식물체에 물을 공급하여 물통에 물이 채워지도록 도와줍니다.',' ','느림','로제트형',30,'응애','구즈마니아',6,25,70,'필요함',2,'이 구즈마니아는 높은 습도를 좋아하며, 실내에서는 음영에서 잘 자랍니다. 따라서 아파트에서 기르는 경우, 창문을 가리는 방법 등으로 강한 차광을 유지해주는 것이 좋습니다. 또한, 생육에 알맞은 온도는 낮에는 25-30℃, 밤에는 20℃ 정도이며, 겨울에는 약간은 낮아져도 10℃ 이상 유지해야 안전하게 월동할 수 있습니다.',20,40,'거실 창측 (실내깊이 150~300cm),발코니 내측 (실내깊이 50~150cm),발코니 창측 (실내깊이 0~50cm)','Guzmania lingulata',4,'',53003,13,'https://nongsaro.go.kr/cms_contents/301/12972_MF_ATTACH_01.jpg'),(12973,NULL,NULL,30,' ','',' ','보통','관목형',50,'응애,깍지벌레','호주매',4,25,70,'필요함',2,'',20,40,'거실 창측 (실내깊이 150~300cm),발코니 내측 (실내깊이 50~150cm),발코니 창측 (실내깊이 0~50cm)',' Leptospermum scoparium',3,'',53004,13,'https://nongsaro.go.kr/cms_contents/301/12973_MF_REPR_ATTACH_01.jpg'),(12974,NULL,NULL,30,' ','',' ','느림','풀모양',50,'응애,깍지벌레','군자란',6,20,70,'보통 (약간 잘 견딤)',2,'군자란은 장수하는 식물로, 수명은 30년 이상입니다. 식물이 어릴 때는 꽃이 피기까지 3년이 걸리지만 한 번 꽃이 피면 매년 꽃을 피우게 됩니다. 씨앗으로 번식할 수도 있지만 꽃이 피기까지 5년 정도 걸리기 때문에 보통 포기분 또는 뿌리늘리기로 작업합니다. 씨앗을 뿌리기 적합한 시기는 11월이며, 16-21℃와 같이 적당한 온도에서 발아가 이루어집니다. 포기나누기는 늦은 겨울이나 이른 봄에 시행하는 것이 좋습니다.',15,40,'거실 창측 (실내깊이 150~300cm),발코니 내측 (실내깊이 50~150cm),발코니 창측 (실내깊이 0~50cm)','Clivia miniata',4,'복용시 치명적 독성',53003,10,'https://nongsaro.go.kr/cms_contents/301/12974_MF_REPR_ATTACH_01.jpg'),(12975,NULL,NULL,30,' ','',' ','','덩굴성,다육형',20,'응애,깍지벌레','호야 엑소티카',6,25,70,'보통 (약간 잘 견딤)',2,'',20,40,'거실 창측 (실내깊이 150~300cm),발코니 내측 (실내깊이 50~150cm),발코니 창측 (실내깊이 0~50cm)','Hoya carnosa \'Exotica Hort\'',4,'',53003,13,'https://nongsaro.go.kr/cms_contents/301/12975_MF_REPR_ATTACH_01.jpg'),(12976,NULL,NULL,30,' ','',' ','빠름','덩굴성',30,'응애,깍지벌레','형광스킨답서스',6,25,70,'보통 (약간 잘 견딤)',2,'',20,40,'거실 내측 (실내깊이 300~500cm),거실 창측 (실내깊이 150~300cm),발코니 내측 (실내깊이 50~150cm)','Epipremnum aureum \'Lime\'',4,'',53003,13,'https://nongsaro.go.kr/cms_contents/301/12976_MF_ATTACH_03.jpg'),(12978,NULL,NULL,50,' ','',' ','빠름','관목형',150,'응애,깍지벌레','협죽도',4,25,70,'낮음 (잘 견딤)',1,'',20,40,'발코니 내측 (실내깊이 50~150cm),발코니 창측 (실내깊이 0~50cm)','Nerium indicum',2,'강함',53003,7,'https://nongsaro.go.kr/cms_contents/301/12978_MF_REPR_ATTACH_01.jpg'),(12979,NULL,NULL,50,' ','',' ','','직립형',150,'응애,깍지벌레','헤테로파낙스 프라그란스 (해피트리)',6,25,70,'필요함',2,'',20,40,'거실 창측 (실내깊이 150~300cm),발코니 내측 (실내깊이 50~150cm),발코니 창측 (실내깊이 0~50cm)','Heteropanax fragrans',4,'',53003,13,'https://nongsaro.go.kr/cms_contents/301/12979_MF_ATTACH_01.jpg'),(12981,NULL,NULL,20,' ','하트 모양의 잎이 매력적인 관엽식물입니다. 토양 종류로는, 아프리칸 바이올렛용 믹스 등 수분을 유지하면서도 잘 배수되는 좋은 반찬 흙을 사용하세요. 만약 직접 믹스하길 원하신다면, 정원용 흙 2부, 허무스(잎 찰흙) 2부, 거친 모래나 펄라이트 1부, 세척한 수초 숯칩 1부, 밀림에서 가져온 얇은 시재 묶음 등 적당한 양의 재료를 섞어도 괜찮습니다. 언제나 구멍이 있는 꽃볼을 사용하세요.\n\n성장 용이성: 약간의 추가 관리가 필요합니다.',' ','','로제트형',20,'응애','헤미오니티스(하트펀)',6,25,100,'필요함',2,'저는 습한 곳을 좋아하지만, 뿌리가 너무 깊게 물에 잠겨있는 것은 좀 그렇게 생각해요. 또한, 빛은 좋지만, 직사광선은 조금 싫어하는 편입니다.',20,70,'거실 내측 (실내깊이 300~500cm),거실 창측 (실내깊이 150~300cm),발코니 내측 (실내깊이 50~150cm)','Hemionitis arifolia',4,'',53002,13,'https://nongsaro.go.kr/cms_contents/301/12981_MF_REPR_ATTACH_01.jpg'),(12983,NULL,NULL,50,' ','',' ','보통','직립형',200,'응애,깍지벌레','행운목',6,25,70,'낮음 (잘 견딤)',1,'',20,40,'거실 내측 (실내깊이 300~500cm),거실 창측 (실내깊이 150~300cm),발코니 내측 (실내깊이 50~150cm)','Dracaena fragrans',1,'',53002,13,'https://nongsaro.go.kr/cms_contents/301/12983_MF_ATTACH_05.jpg'),(12986,NULL,NULL,30,' ','',' ','','덩굴성,다육형',20,'응애,깍지벌레','호야',6,25,70,'보통 (약간 잘 견딤)',2,'',20,40,'거실 창측 (실내깊이 150~300cm),발코니 내측 (실내깊이 50~150cm),발코니 창측 (실내깊이 0~50cm)','Hoya carnosa',3,'',53003,13,'https://nongsaro.go.kr/cms_contents/301/12986_MF_REPR_ATTACH_01.jpg'),(12987,NULL,NULL,20,' ','그림자가 많은 장소에서도 잘 지낼 수 있어요.',' ','느림','풀모양',20,'응애','해마리아',7,25,70,'보통 (약간 잘 견딤)',3,'',20,40,'실내 어두운 곳 (실내깊이 500 이상cm),거실 내측 (실내깊이 300~500cm),거실 창측 (실내깊이 150~300cm),발코니 내측 (실내깊이 50~150cm),발코니 창측 (실내깊이 0~50cm)','Haemaria discolor var. dawsoniana',3,'',53002,13,'https://nongsaro.go.kr/cms_contents/301/12987_MF_REPR_ATTACH_01.jpg'),(12988,NULL,NULL,50,' ','',' ','','덩굴성',10,'진딧물,응애,온실가루이','글레코마',6,20,70,'낮음 (잘 견딤)',1,'',15,40,'거실 창측 (실내깊이 150~300cm),발코니 내측 (실내깊이 50~150cm),발코니 창측 (실내깊이 0~50cm)','Glecoma hederacea \'Variegata\'',4,'',53003,5,'https://nongsaro.go.kr/cms_contents/301/12988_MF_REPR_ATTACH_01.jpg'),(12989,NULL,NULL,50,' ','',' ','보통','관목형',100,'깍지벌레','치자나무',6,25,70,'낮음 (잘 견딤)',1,'',20,40,'발코니 내측 (실내깊이 50~150cm),발코니 창측 (실내깊이 0~50cm)','Gardenia jasminoides ',1,'',53004,5,'https://nongsaro.go.kr/cms_contents/301/12989_MF_ATTACH_01.jpg'),(12990,NULL,NULL,50,' ','많은 줄기가 지면으로부터 솟아 오르며, 경작용 울타리로 좋습니다.',' ','보통','관목형',100,'응애,깍지벌레','금목서',6,20,70,'낮음 (잘 견딤)',1,'- 실내환경은 밝고 시원한 곳입니다.\n- 전지전정은 무성한 성장을 촉진하기 위해 주기적으로 나무를 심는 것입니다.',15,40,'거실 창측 (실내깊이 150~300cm),발코니 내측 (실내깊이 50~150cm),발코니 창측 (실내깊이 0~50cm)','Osmanthus fragrans',1,'',53003,0,'https://nongsaro.go.kr/cms_contents/301/12990_MF_ATTACH_04.jpg'),(12991,NULL,NULL,40,' ','',' ','','풀모양',40,'응애,깍지벌레','참쇠고비(섬쇠고비)',7,20,100,'낮음 (잘 견딤)',1,'',15,70,'실내 어두운 곳 (실내깊이 500 이상cm),거실 내측 (실내깊이 300~500cm),거실 창측 (실내깊이 150~300cm),발코니 내측 (실내깊이 50~150cm),발코니 창측 (실내깊이 0~50cm)','Cyrtomium caryotideum var. koreanum',4,'',53002,5,'https://nongsaro.go.kr/cms_contents/301/12991_MF_REPR_ATTACH_01.jpg'),(12994,NULL,NULL,70,' ','작성 수준: 초보자',' ','보통','관목형',100,'응애,깍지벌레','금사철나무',6,20,70,'보통 (약간 잘 견딤)',0,'',15,40,'거실 내측 (실내깊이 300~500cm),거실 창측 (실내깊이 150~300cm),발코니 내측 (실내깊이 50~150cm),발코니 창측 (실내깊이 0~50cm)','Euonymus japonica',3,'',53003,0,'https://nongsaro.go.kr/cms_contents/301/12994_MF_ATTACH_01.jpg'),(12996,NULL,NULL,30,' ','',' ','느림','다육형',25,'응애','털달개비',4,25,70,'보통 (약간 잘 견딤)',2,'',20,40,'거실 창측 (실내깊이 150~300cm),발코니 내측 (실내깊이 50~150cm),발코니 창측 (실내깊이 0~50cm)','Tradescantia sillamontana ',4,'',53004,13,'https://nongsaro.go.kr/cms_contents/301/12996_MF_REPR_ATTACH_01.jpg'),(12998,NULL,NULL,70,' ','나무껍질과 잎은 뱀에게 물렸을 때나 종기, 화상 등 다양한 상황에서 민간요법으로 약으로 사용되기도 한다.',' ','느림','관목형',100,'응애,깍지벌레','금식나무',6,20,70,'낮음 (잘 견딤)',1,'',15,40,'거실 창측 (실내깊이 150~300cm),발코니 내측 (실내깊이 50~150cm),발코니 창측 (실내깊이 0~50cm)','Aucuba japonica  var. variegata',3,'',53003,0,'https://nongsaro.go.kr/cms_contents/301/12998_MF_ATTACH_01.gif'),(13001,NULL,NULL,30,' ','',' ','','풀모양',40,'응애,깍지벌레,온실가루이','털머위',7,20,70,'보통 (약간 잘 견딤)',0,'',15,40,'거실 창측 (실내깊이 150~300cm),발코니 내측 (실내깊이 50~150cm),발코니 창측 (실내깊이 0~50cm)','Farfugium japonicum',4,'',53003,5,'https://nongsaro.go.kr/cms_contents/301/13001_MF_ATTACH_01.jpg'),(13002,NULL,NULL,50,' ','이 물건은 공기 정화식물로 적합하며, 수분을 공기에 방출하는 능력이 높고 함량이 높은 화학물질인 벤젠, 포름알데히드 등을 제거하는 데도 효과적입니다.',' ','보통','직립형',200,'응애,깍지벌레','테이블야자',6,25,70,'보통 (약간 잘 견딤)',1,'식물이 충분한 물을 받는 것은 매우 중요합니다.',20,40,'실내 어두운 곳 (실내깊이 500 이상cm),거실 내측 (실내깊이 300~500cm),거실 창측 (실내깊이 150~300cm),발코니 내측 (실내깊이 50~150cm),발코니 창측 (실내깊이 0~50cm)','Chamaedorea elegans',3,'',53002,13,'https://nongsaro.go.kr/cms_contents/301/13002_MF_REPR_ATTACH_01.jpg'),(13003,NULL,NULL,30,' ','',' ','','풀모양',40,'진딧물,응애,온실가루이','톨미아',6,25,70,'필요함',2,'',20,40,'거실 내측 (실내깊이 300~500cm),거실 창측 (실내깊이 150~300cm),발코니 내측 (실내깊이 50~150cm),발코니 창측 (실내깊이 0~50cm)','Tolmiea menziesii',4,'',53003,10,'https://nongsaro.go.kr/cms_contents/301/13003_MF_REPR_ATTACH_01.jpg'),(13004,NULL,NULL,25,' ','화포에서 분홍색 꽃이 각각의 포에서 차례로 피는데, 한 포에는 3~4장의 남보라색 꽃잎이 함께 피어나요. \n\n(rephrased: In the fireworks display, pink flowers bloom from each individual rocket, and in some rockets, 3-4 violet petals bloom together.)',' ','느림','로제트형',30,'응애','틸란드시아',6,25,70,'필요함',2,'',20,40,'거실 창측 (실내깊이 150~300cm),발코니 내측 (실내깊이 50~150cm)','Tillandsia cyanea',4,'',53003,10,'https://nongsaro.go.kr/cms_contents/301/13004_MF_ATTACH_04.jpg'),(13186,NULL,NULL,30,' ','그늘진 곳에서도 잘 자랄 수 있지만, 내부에서는 밝고 간접광이 더욱 좋습니다. 이 같은 식물들은 물을 많이 받으면 육안으로 볼 수 있는 광택이 생기며, 습한 환경에서는 뿌리가 부패될 수 있으니 주의가 필요합니다.',' ','느림','풀모양',60,'응애,깍지벌레','금전수',6,20,70,'낮음 (잘 견딤)',1,'',15,40,'거실 내측 (실내깊이 300~500cm),거실 창측 (실내깊이 150~300cm),발코니 내측 (실내깊이 50~150cm),발코니 창측 (실내깊이 0~50cm)','Zamioculcas zamiifolia ',4,'복용시 치명적 독성',53003,13,'https://nongsaro.go.kr/cms_contents/301/13186_MF_ATTACH_04.jpg'),(13187,NULL,NULL,30,' ','나무의 줄기에서 잎이 떨어졌을 때 생긴 경계선은 매우 신비롭고 오랜 세월이 지나도 변함없는 고대적인 느낌을 자아낸다.',' ','','풀모양',50,'응애,깍지벌레','필로덴드론 \'제나두\'',6,25,70,'보통 (약간 잘 견딤)',2,'',20,40,'거실 내측 (실내깊이 300~500cm),거실 창측 (실내깊이 150~300cm),발코니 내측 (실내깊이 50~150cm)','Philodendron \'Xanadu\'',3,'',53003,13,'https://nongsaro.go.kr/cms_contents/301/13187_MF_REPR_ATTACH_01.jpg'),(13188,NULL,NULL,30,' ','',' ','','덩굴성',50,'응애,깍지벌레','필로덴드론 옥시카르디움',6,25,70,'보통 (약간 잘 견딤)',2,'',20,40,'실내 어두운 곳 (실내깊이 500 이상cm),거실 내측 (실내깊이 300~500cm),거실 창측 (실내깊이 150~300cm),발코니 내측 (실내깊이 50~150cm)','Philodendron oxycardium',4,'',53003,13,'https://nongsaro.go.kr/cms_contents/301/13188_MF_REPR_ATTACH_01.jpg'),(13189,NULL,NULL,50,' ','',' ','','풀모양',100,'응애,깍지벌레','필로덴드론 셀로움',6,25,70,'필요함',2,'',20,40,'거실 내측 (실내깊이 300~500cm),거실 창측 (실내깊이 150~300cm),발코니 내측 (실내깊이 50~150cm)','Philodendron selloum',3,'',53003,13,'https://nongsaro.go.kr/cms_contents/301/13189_MF_REPR_ATTACH_01.jpg'),(13190,NULL,NULL,30,' ','이 식물은 잎이 광택이 있으며 두께감이 있어 거친 느낌을 줍니다. 이와 같이, 환경적인 변화에 적응하는 능력도 뛰어나다는 것입니다.',' ','빠름','풀모양',40,'응애,깍지벌레','필로덴드론 \'선라이트\'',6,25,70,'필요함',2,'',20,40,'거실 내측 (실내깊이 300~500cm),거실 창측 (실내깊이 150~300cm),발코니 내측 (실내깊이 50~150cm),발코니 창측 (실내깊이 0~50cm)','Philodendron \'Sunlight\'',4,'',53003,13,'https://nongsaro.go.kr/cms_contents/301/13190_MF_ATTACH_01.jpg'),(13191,NULL,NULL,30,' ','',' ','','덩굴성',20,'응애,깍지벌레','필로덴드론 레몬라임',6,25,70,'필요함',2,'',20,40,'거실 창측 (실내깊이 150~300cm),발코니 내측 (실내깊이 50~150cm),발코니 창측 (실내깊이 0~50cm)','Philodendron \'Lemon Lime\'',4,'',53003,13,'https://nongsaro.go.kr/cms_contents/301/13191_MF_REPR_ATTACH_01.jpg'),(13192,NULL,NULL,30,' ','',' ','보통','풀모양',50,'응애,깍지벌레','필로덴드론 고엘디',6,25,70,'필요함',2,'',20,40,'거실 내측 (실내깊이 300~500cm),거실 창측 (실내깊이 150~300cm),발코니 내측 (실내깊이 50~150cm)','Philodendron goeldii',4,'',53003,13,'https://nongsaro.go.kr/cms_contents/301/13192_MF_ATTACH_01.jpg'),(13193,NULL,NULL,30,' ','',' ','보통','풀모양,다육형',10,'응애,깍지벌레','필레아 글라우카(타라, 블루체인)',6,25,70,'보통 (약간 잘 견딤)',1,'직사광선을 피할 수 있는 밝은 곳에서 잎이 엉성하지 않고 더 만족스럽게 자랄 수 있어요. 이루다는 너무 그늘에서 자라다보면 줄기 사이가 길어져 모양이 흐트러지므로, 잎이 더 호감을 가져요.',20,40,'거실 내측 (실내깊이 300~500cm),거실 창측 (실내깊이 150~300cm),발코니 내측 (실내깊이 50~150cm),발코니 창측 (실내깊이 0~50cm)','Pilea grauca',4,'',53003,13,'https://nongsaro.go.kr/cms_contents/301/13193_MF_REPR_ATTACH_01.jpg'),(13194,NULL,NULL,30,' ','',' ','보통','풀모양',30,'응애,깍지벌레','픽투라툼 접란',6,25,70,'보통 (약간 잘 견딤)',1,'',20,40,'거실 창측 (실내깊이 150~300cm),발코니 내측 (실내깊이 50~150cm),발코니 창측 (실내깊이 0~50cm)','Chlorophytum comosum \'Picturatum\'',3,'',53003,13,'https://nongsaro.go.kr/cms_contents/301/13194_MF_REPR_ATTACH_01.jpg'),(13196,NULL,NULL,30,' ','\'포름알데히드, 벤젠, 톨루엔, 자일렌, 트리클로로 에틸렌\'은 유독하며 위험한 화학물질입니다.',' ','느림','관목형',100,'응애,깍지벌레','금천죽',7,20,70,'낮음 (잘 견딤)',1,'식물의 중앙을 차지하는 줄기와 떨어지는 잎 사이의 물통에 물을 채워, 식물체 전체에 균일하게 수분을 공급합니다.',15,40,'거실 창측 (실내깊이 150~300cm),발코니 내측 (실내깊이 50~150cm),발코니 창측 (실내깊이 0~50cm)',' Dracaena sanderiana ',4,'있음',53003,13,'https://nongsaro.go.kr/cms_contents/301/13196_MF_ATTACH_01.jpg'),(13197,NULL,NULL,20,' ','식물은 고온 다습하면서도 통풍이 잘 되는 밝은 그늘이나 반그늘에서 성장하기에 알맞습니다. 그러나 갑작스러운 강한 햇빛에 노출되면 잎이 타 버릴 수 있으니 주의가 필요합니다.',' ','','풀모양',20,'응애,온실가루이','피토니아 화이트스타',6,25,70,'필요함',2,'',20,40,'거실 내측 (실내깊이 300~500cm),거실 창측 (실내깊이 150~300cm),발코니 내측 (실내깊이 50~150cm)','Fittonia verschaffelti \'White Star\'',4,'',53003,13,'https://nongsaro.go.kr/cms_contents/301/13197_MF_REPR_ATTACH_01.jpg'),(13199,NULL,NULL,30,' ','',' ','보통','풀모양',30,'응애,온실가루이','기누라',6,20,70,'필요함',2,'',15,40,'거실 창측 (실내깊이 150~300cm),발코니 내측 (실내깊이 50~150cm),발코니 창측 (실내깊이 0~50cm)','Gynura aurantiaca',4,'',53003,13,'https://nongsaro.go.kr/cms_contents/301/13199_MF_REPR_ATTACH_01.jpg'),(13201,NULL,NULL,30,' ','',' ','빠름','풀모양',30,'응애,깍지벌레','꽃베고니아',4,25,100,'보통 (약간 잘 견딤)',2,'이 식물은 1년 내내 꽃을 피우며 매우 값진 종류 중 하나입니다. 실내나 실외 화단에서 꼭 필요하며 성장속도가 매우 빠르기 때문에 너무 무성해지면 통풍이 어려울 수 있으므로 주의해야 합니다. 또한 시든 잎이나 꽃잎은 자주 제거해야 합니다.',20,70,'거실 창측 (실내깊이 150~300cm),발코니 내측 (실내깊이 50~150cm),발코니 창측 (실내깊이 0~50cm)','Begonia semperflorens',4,'',53002,13,'https://nongsaro.go.kr/cms_contents/301/13201_MF_REPR_ATTACH_01.jpg'),(13202,NULL,NULL,20,' ','',' ','느림','로제트형',10,'응애,깍지벌레','나도풍란',2,25,100,'필요함',2,'- 일반적으로 풍란이라고 하면 소엽풍란을 말합니다.\n- 나도풍란은 잎이 넓고 큰 대엽풍란 종류입니다.\n- 자연에서는 약 6년 정도가 지나야 꽃을 피우는데, 그 풍성한 향기는 취할 만큼 좋습니다.',20,70,'발코니 내측 (실내깊이 50~150cm),발코니 창측 (실내깊이 0~50cm)','Aerides japonica',2,'',53004,7,'https://nongsaro.go.kr/cms_contents/301/13202_MF_ATTACH_01.jpg'),(13203,NULL,NULL,100,' ','나한송은 잎이 잘 떨어지지 않으며 누렇게 변하지 않아 항상 푸르른 상태를 유지하고 있어, 공기 정화 효과가 뛰어납니다. 이식물은 잎이 반짝이는 아름다움은 아니지만, 잎 모양이 매우 매력적이며 자연스러워 감상하기 좋습니다. 또한 실내에서도 특히 자리 잡기 쉽고 높이 성장 속도가 느리기 때문에 많이 선택되는 실내용 친구 중 하나입니다.',' ','느림','직립형,관목형',200,'응애,깍지벌레','나한송',6,15,70,'낮음 (잘 견딤)',1,'실내 환경이 좋지 않아도 저의 생장은 더디지만, 많은 관리를 요하지 않으며 완전히 견딜 수 있습니다.',10,40,'거실 창측 (실내깊이 150~300cm),발코니 내측 (실내깊이 50~150cm),발코니 창측 (실내깊이 0~50cm)','Podocarpus macrophyllus',4,'있음',53002,5,'https://nongsaro.go.kr/cms_contents/301/13203_MF_REPR_ATTACH_01.jpg'),(13206,NULL,NULL,100,' ','꽃, 열매, 잎, 그리고 단풍은 모두 아름답습니다. 뿐만 아니라, 그들은 실내의 동양적인 분위기와도 잘 어울립니다. 성숙한 열매는 남천실이라고 불리며 해수, 천식, 백일해, 그리고 간 기능 장애와 같은 질병에 사용되는 약제입니다.',' ','보통','관목형',150,'응애,깍지벌레','남천',4,20,70,'낮음 (잘 견딤)',1,'토양의 수분 조절은 중요해요. 지나치게 습한 환경이나 너무 건조한 환경은 식물의 잎이 변색하고 떨어뜨리게 만드니 적절한 수분 조절이 필요해요.',15,40,'거실 창측 (실내깊이 150~300cm),발코니 내측 (실내깊이 50~150cm),발코니 창측 (실내깊이 0~50cm)','Nandina domestica',4,'있음',53003,5,'https://nongsaro.go.kr/cms_contents/301/13206_MF_ATTACH_02.jpg'),(13207,NULL,NULL,50,' ','',' ','보통','관목형,덩굴성',30,'진딧물,응애,깍지벌레','네마탄투스',6,20,70,'보통 (약간 잘 견딤)',2,'',15,40,'거실 창측 (실내깊이 150~300cm),발코니 내측 (실내깊이 50~150cm),발코니 창측 (실내깊이 0~50cm)','Nematanthus gregarius',4,'',53003,10,'https://nongsaro.go.kr/cms_contents/301/13207_MF_REPR_ATTACH_01.jpg'),(13208,NULL,NULL,30,' ','토양 유형:\nNeoregelia carolinae를 건강하게 유지하기 위해 수분을 보존하면서도 잘 배수되는 좋은 품질의 풍성한 관상용 토양을 사용하는 것이 중요합니다. 아프리칸 바이올렛 토양 혼합물을 추천하며, 직접 토양 혼합물을 만들고 싶다면 1부 허무스(잎 흙), 1부 효소흙, 1부 거친 모래 또는 퍼라이트를 사용하세요. 사용하는 화분에는 배수홀이 있어야 합니다.\n\n일반적인 설명:\n브라질 열대 우림 원산지인 Neoregelia carolinae는 넓고 푸른 화기를 가진 공생성 브롬레이드 식물로, 화기 중심에서 붉게 변합니다. 상록수이며, 아치 모양의 잎은 줄무늬 모양이며 가죽 같은 질감이며 가장자리에는 잘게 치카한 모습을 띱니다. 화기 중심에는 물이 모이고 저장되는 튜브형 컵이 형성됩니다. 성장한 화기는 보라색 꽃을 피우며 이러한 \'물 컵\' 안에 위치하며, 꽃이 지난 후 새로운 오프셋(뽀새기)이 생기기 위해 시들어 갑니다.\n\n이 아름다운 나무 생물은 따뜻하고 습한 환경에서 번성하며 습기가 있는 토양에서 잘 자라납니다. 열대 정원이나 온실에서 나무에 부착하거나 스파그넘 또는 펠렛 바크와 같은 유기물이 풍부한 다공성 토양 혼합물로 용기에 심을 수 있습니다. 봄과 여름에는 특히 직사광선에 노출될 경우 \'물 컵\'에 물을 충분히 채워주어야 합니다. 가을 후반부부터 겨울에는 절제하여 물을 주어야 합니다.\n\n매력적인 외모로 Neoregelia carolinae는 서리가 없는 정원에서 멋진 경계 장식물이나 지면 덮개로 사용할 수 있으며, 실내 화분으로도 잘 자랄 수 있습니다. 이 브롬레이드 식물의 멋진 선택으로는\'Flandria\'는 잎의 테두리가 크림색이며 선명한 주홍색 중심을 가지고 있고, \'Tricolor\'는 잎에 연한 노란색과 분홍색 줄무늬가 있는 훌륭한 선택지입니다.\n\n용도:\nNeoregelia carolinae는 용기 가드닝, 지면 덮개, 혼합 경계, 실내 화분 또는 열대 정원 등 다양한 용도로 사용할 수 있습니다.',' ','보통','풀모양,로제트형',30,'응애','네오레겔리아',6,20,100,'필요함',2,'이 식물은 잎이 단단해서 오랫동안 가치가 있지만, 만지면 가시 때문에 다칠 수 있습니다. 개화기에는 중앙에 위치한 잎들이 빨갛거나 보라색으로 된 포인세티아처럼 아름다운 색으로 물이 차오르며 오랜 기간 동안 머무릅니다. 물이 가운데 쌓이면 이곳에서 청보라색 꽃이 핍니다. 이 관상용 실내식물은 우리나라에서도 재배가 많이 되며, 화원에서 손쉽게 구입할 수 있습니다. 꽃대는 거의 뻗지 않으며, 괴철한 동양란 일부와 같이 유기물인 바크(소나무 껍질)와 같은 용토에 심으면 생육이 잘 됩니다. 따라서 바람이 잘 통하는 용토에 심는 것을 권장합니다.',15,70,'거실 창측 (실내깊이 150~300cm),발코니 내측 (실내깊이 50~150cm),발코니 창측 (실내깊이 0~50cm)','Neoregelia carolinae',4,'',53003,13,'https://nongsaro.go.kr/cms_contents/301/13208_MF_ATTACH_03.jpg'),(13209,NULL,NULL,50,' ','',' ','빠름','관목형',100,'응애,깍지벌레','피라칸사',4,20,70,'낮음 (잘 견딤)',2,'',15,40,'발코니 내측 (실내깊이 50~150cm),발코니 창측 (실내깊이 0~50cm)','Pyracantha coccinea',1,'',53002,0,'https://nongsaro.go.kr/cms_contents/301/13209_MF_ATTACH_01.jpg'),(13210,NULL,NULL,30,' ','이 화분은 실내용 걸이에서 사용할 수 있는데, 건조에 강한 식물이기 때문에 흙이 완전히 마르면 물을 주면 됩니다. 작고 하얀 꽃이 파란 콩 모양의 잎과 함께 매력적이며, 계절에 관계없이 피어나요. 그러나 낮은 온도를 유지해야 할 경우에는 특별히 흙을 건조하게 관리해야 합니다.',' ','','덩굴성',5,'응애','녹영',6,20,70,'필요함',2,'',15,40,'거실 창측 (실내깊이 150~300cm),발코니 내측 (실내깊이 50~150cm),발코니 창측 (실내깊이 0~50cm)','Senecio rowleyanus',3,'복용시 치명적 독성',53004,13,'https://nongsaro.go.kr/cms_contents/301/13210_MF_ATTACH_01.jpg'),(13211,NULL,NULL,30,' ','이 관심있는 관엽식물은 중앙에 흰 무늬가 있는 긴 잎을 가지고 있는데, 이 잎은 우상복엽으로 구성되어 있고 1-3쌍이며 비교적 짧은 길이입니다. 또한, 이 식물은 다양한 모양과 색깔의 무늬를 가지며 참 아름다운 것입니다.',' ','','풀모양',30,'응애,깍지벌레','프테리스',7,25,100,'보통 (약간 잘 견딤)',1,'고사리와 중에서 잎의 크기와 모양이 매우 다양하여 기르기도 매우 쉬운 종류입니다. 배양토가 완전히 마르지 않도록 주의한다면 더욱 아름다운 색상과 모습을 감상할 수 있습니다.',20,70,'실내 어두운 곳 (실내깊이 500 이상cm),거실 내측 (실내깊이 300~500cm),거실 창측 (실내깊이 150~300cm),발코니 내측 (실내깊이 50~150cm),발코니 창측 (실내깊이 0~50cm)','Pteris cretica',4,'',53002,5,'https://nongsaro.go.kr/cms_contents/301/13211_MF_REPR_ATTACH_01.jpg'),(13212,NULL,NULL,30,' ','',' ','','덩굴성',20,'응애,깍지벌레,온실가루이','푸밀라고무나무',6,25,70,'필요함',0,'너무 자주 심지를 옮기지 않으면서 덩굴 식물의 자라는 정도가 무성해지면 2년에 한 번 가지치기를 합니다. 여름에는 잎에 자주 물을 분무해 주는 것이 좋습니다.',20,40,'거실 창측 (실내깊이 150~300cm),발코니 내측 (실내깊이 50~150cm),발코니 창측 (실내깊이 0~50cm)','Ficus pumila',4,'',53002,10,'https://nongsaro.go.kr/cms_contents/301/13212_MF_ATTACH_01.jpg'),(13213,NULL,NULL,50,' ','이 식물은 풍성하고 깔끔하게 꾸민 잎사귀와 그 위로 부드럽게 펼치는 가지 모습으로 매력적인 면모를 지니고 있어서 사람들 사이에서 인기가 높습니다.',' ','','관목형',150,'응애,깍지벌레','폴리시아스',6,25,70,'필요함',2,'',20,40,'거실 내측 (실내깊이 300~500cm),거실 창측 (실내깊이 150~300cm),발코니 내측 (실내깊이 50~150cm)','Polyscias balfouriana \'Marginata\'',4,'',53003,13,'https://nongsaro.go.kr/cms_contents/301/13213_MF_REPR_ATTACH_01.jpg'),(13214,NULL,NULL,50,' ','이 식물은 추위에 예민하여 낮은 온도에 노출되면 잎이 상할 수 있습니다. 또한, 잎에서 나오는 백색 액체는 피부나 눈에 염증을 일으킬 가능성이 있으므로 조심해야 합니다.',' ','','관목형',100,'응애,깍지벌레,온실가루이','포인세티아',4,25,70,'필요함',2,'',20,40,'거실 창측 (실내깊이 150~300cm),발코니 내측 (실내깊이 50~150cm),발코니 창측 (실내깊이 0~50cm)','Euphorbia pulcherrima',4,'',53002,13,'https://nongsaro.go.kr/cms_contents/301/13214_MF_ATTACH_07.jpg'),(13215,NULL,NULL,30,' ','',' ','','풀모양,다육형',30,'응애,깍지벌레','페페로미아 푸테올라타',6,25,70,'필요함',2,'',20,40,'거실 내측 (실내깊이 300~500cm),거실 창측 (실내깊이 150~300cm),발코니 내측 (실내깊이 50~150cm),발코니 창측 (실내깊이 0~50cm)','Peperomia puteolata',3,'',53003,13,'https://nongsaro.go.kr/cms_contents/301/13215_MF_REPR_ATTACH_01.jpg'),(13216,NULL,NULL,25,' ','',' ','','풀모양,다육형',25,'응애,깍지벌레','페페로미아 클루시폴리아',6,25,70,'보통 (약간 잘 견딤)',2,'',20,40,'거실 내측 (실내깊이 300~500cm),거실 창측 (실내깊이 150~300cm),발코니 내측 (실내깊이 50~150cm)','Peperomia clusiifolia',3,'',53003,13,'https://nongsaro.go.kr/cms_contents/301/13216_MF_REPR_ATTACH_01.jpg'),(13218,NULL,NULL,30,' ','● 이 식물은 넓은 범위에서 생육 및 개화가 잘 되는 다년생 초본이나 반 관목이며, 추운 기온에는 약하지만 반그늘에서도 잘 자라고 꽃을 피웁니다.\n● 잎은 긴 잎자루가 있는 난형피침형으로, 일반적으로 30~60cm 정도로 자란 후 겨드랑이에서 꽃을 결실하며 꽃마다 대략 2.5~4.0cm의 크기로 1~3개를 피웁니다.\n● 최적 생육 온도는 약 20~25℃ 정도이며, 이보다 낮으면 생육 및 착화가 둔화됩니다.\n● 뉴기니아봉선화는 여름을 대표하는 분화식물로, 모종을 5월에 구매해 햇빛이 잘 드는 실내 환경에서 기르면 연중 내내 원예 즐길 거리를 제공합니다.\n● 속명은 \'참을 수 없는\'을 의미하는 라틴어 단어에서 유래했습니다.\n● 이 식물은 계절에 상관없이 중성식물로, 잘 발육하여 항상 꽃을 피웁니다.',' ','보통','관목형',30,'진딧물,응애,총채벌레,온실가루이','뉴기니아봉선화',6,25,40,'보통 (약간 잘 견딤)',1,'이 식물은 수분을 매우 좋아하므로 생장기 동안 충분한 양의 물을 제공해야 하지만, 흙이 지나치게 적시거나 물에 잠길 경우 뿌리가 썩을 수 있습니다.',20,0,'거실 창측 (실내깊이 150~300cm),발코니 내측 (실내깊이 50~150cm),발코니 창측 (실내깊이 0~50cm)','Impatiens hybrid \'New Guinea\'',4,'',53002,13,'https://nongsaro.go.kr/cms_contents/301/13218_MF_ATTACH_01.jpg'),(13240,NULL,NULL,25,' ','',' ','','풀모양,다육형',25,'응애,깍지벌레','페페로미아 오브투시폴리아',6,25,70,'보통 (약간 잘 견딤)',2,'',20,40,'거실 내측 (실내깊이 300~500cm),거실 창측 (실내깊이 150~300cm),발코니 내측 (실내깊이 50~150cm)','Peperomia obtusifolia',4,'',53003,13,'https://nongsaro.go.kr/cms_contents/301/13240_MF_ATTACH_01.jpg'),(13242,NULL,NULL,40,' ','',' ','보통','관목형',50,'응애,깍지벌레','팬더 고무나무',6,25,70,'보통 (약간 잘 견딤)',2,'',20,40,'거실 창측 (실내깊이 150~300cm),발코니 내측 (실내깊이 50~150cm),발코니 창측 (실내깊이 0~50cm)','Ficus panda ',4,'',53003,13,'https://nongsaro.go.kr/cms_contents/301/13242_MF_REPR_ATTACH_01.jpg'),(13244,NULL,NULL,50,' ','큰 잎은 손가락처럼 7~11열로 깊게 갈라지며, 호숫가에서 잘 자라는 식물입니다. 잎 양면에는 털이 없고, 짙은 녹색으로 반짝이며, 뒷면은 황록색을 띄고 있습니다.',' ','보통','관목형',150,'응애,깍지벌레','팔손이나무',6,20,70,'낮음 (잘 견딤)',1,'연간 1회 영양관리를 4월부터 9월까지 권장합니다.',15,40,'거실 내측 (실내깊이 300~500cm),거실 창측 (실내깊이 150~300cm),발코니 내측 (실내깊이 50~150cm),발코니 창측 (실내깊이 0~50cm)','Fatsia japonica',3,'',53003,5,'https://nongsaro.go.kr/cms_contents/301/13244_MF_ATTACH_08.jpg'),(13245,NULL,NULL,20,' ','',' ','느림','로제트형,다육형',30,'깍지벌레','팔레놉시스(호접란)',6,25,70,'특별 관리 요구',3,'실내 공기가 매우 건조해지면, 지성벌레나 나팔벌레와 같은 해충들이 생기거나, 아기들이 울음소리를 내는 경우가 발생할 수 있습니다.',20,40,'거실 내측 (실내깊이 300~500cm),거실 창측 (실내깊이 150~300cm),발코니 내측 (실내깊이 50~150cm),발코니 창측 (실내깊이 0~50cm)','Phalaenopsis spp.',3,'',53003,13,'https://nongsaro.go.kr/cms_contents/301/13245_MF_REPR_ATTACH_01.jpg'),(13247,NULL,NULL,30,' ','',' ','느림','풀모양',30,'깍지벌레','파피오페딜럼',2,25,100,'필요함',3,'',20,70,'거실 창측 (실내깊이 150~300cm),발코니 내측 (실내깊이 50~150cm),발코니 창측 (실내깊이 0~50cm)','Paphiopedilum hybrids',3,'',53004,10,'https://nongsaro.go.kr/cms_contents/301/13247_MF_REPR_ATTACH_01.jpg'),(13248,NULL,NULL,50,' ','Money tree는 외국에서 일컫는데, 이 식물의 잎과 꽃은 채소처럼 먹을 수 있으며, 열매는 땅콩 맛이 납니다.',' ','','직립형',200,'응애,깍지벌레','파키라',6,25,70,'필요함',2,'',20,40,'거실 내측 (실내깊이 300~500cm),거실 창측 (실내깊이 150~300cm),발코니 내측 (실내깊이 50~150cm)','Pachira aquatica',4,'해독작용',53003,13,'https://nongsaro.go.kr/cms_contents/301/13248_MF_REPR_ATTACH_01.jpg'),(13249,NULL,NULL,30,' ','',' ','','풀모양',40,'응애,깍지벌레','필로덴드론 콩고',6,25,70,'필요함',2,'',20,40,'거실 내측 (실내깊이 300~500cm),거실 창측 (실내깊이 150~300cm),발코니 내측 (실내깊이 50~150cm)','Philodendron \'Congo\'',3,'',53003,13,'https://nongsaro.go.kr/cms_contents/301/13249_MF_REPR_ATTACH_01.jpg'),(13251,NULL,NULL,20,' ','식물은 고온다습하면서도 통풍이 잘되는 밝은 그늘에 자랍니다. 성장 속도는 느립니다. 그러므로 잎 주변으로 지속적인 수분 및 따뜻함을 유지해야 합니다. 또한, 올바른 공중습도를 유지하는 것이 가장 중요합니다.',' ','보통','풀모양',20,'응애,온실가루이','피토니아 핑크스타',6,25,70,'특별 관리 요구',2,'- 어떤 부분은 빛이 조금 드는 곳, 직사광선은 피하도록 해주세요.\n- 봄부터 가을까지는 충분히 물을 주되, 겨울에는 토양이 말라있을 때 절약해서 주고, 미온수를 이용합니다.\n- 갑자기 강한 햇빛에 노출되면 잎이 타서 손상을 입을 수 있으니 조심해야 합니다.',20,40,'거실 내측 (실내깊이 300~500cm),거실 창측 (실내깊이 150~300cm),발코니 내측 (실내깊이 50~150cm)','Fittonia verschaffeltii \'Pink Star\'',4,'',53003,13,'https://nongsaro.go.kr/cms_contents/301/13251_MF_REPR_ATTACH_01.jpg'),(13253,NULL,NULL,30,' ','',' ','','직립형',50,'응애,깍지벌레','팻츠헤데라',6,20,70,'보통 (약간 잘 견딤)',1,'',15,40,'거실 창측 (실내깊이 150~300cm),발코니 내측 (실내깊이 50~150cm),발코니 창측 (실내깊이 0~50cm)','Fatshedera lizei',3,'',53003,10,'https://nongsaro.go.kr/cms_contents/301/13253_MF_ATTACH_03.jpg'),(13255,NULL,NULL,30,' ','꽃이 핀 시기에는 물이 부족하거나 올라갈 곳이 없으면 안돼요. 따라서 적당량의 물과 양분을 충분히 공급해야 해요.',' ','빠름','덩굴성',50,'응애,온실가루이','클레마티스',4,25,70,'낮음 (잘 견딤)',2,'',20,40,'발코니 창측 (실내깊이 0~50cm)','Clematis florida',3,'',53002,0,'https://nongsaro.go.kr/cms_contents/301/13255_MF_ATTACH_05.jpg'),(13260,NULL,NULL,50,' ','열대 지방에서 자라는 상록이 있는 다양한 종류의 관목으로, 잎의 모양과 색상에 따라 각각 다른 특성을 가지고 있습니다. 또한, 이 식물들은 강한 적응력을 가지고 있어서 어떤 어둠 속에서도 오랫동안 지속될 수 있어요.',' ','','관목형',100,'응애,깍지벌레','크로톤',6,25,70,'필요함',2,'이 식물은 온도에 민감한 특성을 가지고 있어서 저온 환경에서는 잎이 자주 떨어지게 됩니다. 그리고 매년 봄이 오면 이식하기도 합니다.',20,40,'거실 창측 (실내깊이 150~300cm),발코니 내측 (실내깊이 50~150cm),발코니 창측 (실내깊이 0~50cm)','Codiaeum variegatum',3,'',53003,13,'https://nongsaro.go.kr/cms_contents/301/13260_MF_ATTACH_05.jpg'),(13261,NULL,NULL,50,' ','이 식물은 특별한 관리가 필요해서 경험이 있는 사람들에게 이상적이에요. 햇빛이 잘 드는 곳에서 잘 자라고, 토양은 배수가 잘 되면서도 가벼운 토양이 필요하지만 적당한 습기도 필요해요. 열대 지방과 동아시아에서 기원한 이 상록수 관목은 노란색, 핑크색, 주황색, 빨간색 등 화려한 색상의 광나는 잎을 가지고 있어요. 최대 3m (10ft)까지 자라날 수 있어요. 원산지에서는 헤지로 자주 사용되지만 영국에서도 멋진 실내식물로 사용할 수 있어요. 이 식물은 밝은 곳에 두고, 바람이 잘 통하지 않는 영역에서 16°C에서 29°C (60°F에서 85°F) 사이의 일정한 온도를 유지해야 해요. 추가로, 이식물은 습도를 좋아하기 때문에 자주 분무를 해 주세요. 여름 동안은 약한 액상 비료를 3주마다 한 번 정도 줄여주세요. 겨울에는 물을 덜 자주 주시면 됩니다.',' ','보통','관목형',100,'응애,깍지벌레','크로톤',6,25,70,'필요함',2,'',20,40,'거실 창측 (실내깊이 150~300cm),발코니 내측 (실내깊이 50~150cm),발코니 창측 (실내깊이 0~50cm)','Codiaeum variegatum var. pictum',3,'',53003,13,'https://nongsaro.go.kr/cms_contents/301/13261_MF_ATTACH_01.jpg'),(13309,NULL,NULL,40,' ','',' ','','직립형',150,'응애,깍지벌레','코르딜리네 레드에지',6,25,70,'필요함',2,'',20,40,'거실 창측 (실내깊이 150~300cm),발코니 내측 (실내깊이 50~150cm),발코니 창측 (실내깊이 0~50cm)','Cordyline terminalis \'Rededge\'',2,'',53002,13,'https://nongsaro.go.kr/cms_contents/301/13309_MF_ATTACH_02.jpg'),(13317,NULL,NULL,50,' ','',' ','보통','직립형',150,'응애,깍지벌레,온실가루이','커피나무',4,25,70,'필요함',2,'',20,40,'거실 창측 (실내깊이 150~300cm),발코니 내측 (실내깊이 50~150cm),발코니 창측 (실내깊이 0~50cm)','Coffea arabica',3,'N/A',53003,13,'https://nongsaro.go.kr/cms_contents/301/13317_MF_ATTACH_01.jpg'),(13318,NULL,NULL,150,' ','',' ','','직립형',200,'응애,깍지벌레','켄챠야자',6,25,70,'필요함',2,'',20,40,'거실 내측 (실내깊이 300~500cm),거실 창측 (실내깊이 150~300cm),발코니 내측 (실내깊이 50~150cm),발코니 창측 (실내깊이 0~50cm)','Howea forsteriana ',4,'',53003,13,'https://nongsaro.go.kr/cms_contents/301/13318_MF_ATTACH_02.jpg'),(13319,NULL,NULL,25,' ','모든 사람들이 간편하게 기를 수 있습니다.',' ','','풀모양,다육형',30,'응애,깍지벌레','칼랑코에',6,20,70,'필요함',1,'',15,40,'거실 창측 (실내깊이 150~300cm),발코니 내측 (실내깊이 50~150cm),발코니 창측 (실내깊이 0~50cm)','Kalanchoe blossfeldiana',4,'All parts of plant are poisonous if ingested',53003,13,'https://nongsaro.go.kr/cms_contents/301/13319_MF_REPR_ATTACH_01.jpg'),(13333,NULL,NULL,100,' ','‘인삼벤자민’,‘가쥬마루’라는 종류의 대만고무나무는 분재처럼 떡같은 밑둥 형태로 재배합니다. 그러나 이 식물은 환경에 빠르게 적응하지 못하기 때문에 햇빛에 갑자기 노출하거나 옮겨 사용할 경우 잎이 자주 떨어질 수 있습니다. 따라서 서서히 적응할 수 있도록 환경 조건을 바꾸는 것이 좋습니다. 대부분의 경우, 자생지에서는 25cm 정도 크기이지만, 온실 화분에서는 1.2~1.8m 정도 크기로 자라는데, 이때 줄기에 기근이 발생할 수도 있습니다. 대만고무나무 잎 길이는 보통 5~10cm 정도이며 비후하고 광택이 있습니다. 이 식물은 삽목 또는 고취법 등 여러 방법으로 번식할 수 있으며, 잎의 크기와 형태도 동일 종 내에서도 다양합니다.',' ','보통','직립형,관목형',200,'응애,깍지벌레','대만고무나무',6,25,70,'필요함',2,'식물들은 환경 변화에 민감하기 때문에, 갑자기 햇빛에 노출하거나 실내로 이동시키면 잎을 많이 떨어뜨릴 수 있습니다. 따라서 서서히 환경에 적응할 수 있도록 천천히 이동시켜 주는 것이 좋습니다.',20,40,'거실 내측 (실내깊이 300~500cm),거실 창측 (실내깊이 150~300cm),발코니 내측 (실내깊이 50~150cm),발코니 창측 (실내깊이 0~50cm)','Ficus retusa',4,'',53003,13,'https://nongsaro.go.kr/cms_contents/301/13333_MF_REPR_ATTACH_01.jpg'),(13335,NULL,NULL,30,' ','더피고사리는 습한 환경을 선호하는 양치류 식물입니다. 신선한 물과 충분한 산소를 필요로 하기 때문에 생장 기간에는 물이 부족하지 않도록 해주는 것이 중요합니다. 만약 수분이 부족하면 잎끝이 바로 상할 수 있으며, 한번 말리면 다시 회복하기 어려울 수 있습니다. 더퓨고사리의 청록색 강렬한 외형은 여름철 시원한 느낌으로 인테리어에 자주 활용되며, 추운 계절에도 상대적으로 잘 견디는 특징이 있습니다.',' ','느림','풀모양',30,'응애,깍지벌레','더피고사리',6,20,100,'낮음 (잘 견딤)',2,'매일 분사하여 공기 중 습도를 유지해줍니다. 만약 수분이 부족하면, 잎 끝이 바사르게 되어 회복하는 것이 어려울 수 있습니다.',15,70,'거실 내측 (실내깊이 300~500cm),거실 창측 (실내깊이 150~300cm),발코니 내측 (실내깊이 50~150cm),발코니 창측 (실내깊이 0~50cm)','Nephrolepis cordifolia \'Duffii\'',4,'',53002,13,'https://nongsaro.go.kr/cms_contents/301/13335_MF_REPR_ATTACH_01.jpg'),(13336,NULL,NULL,40,' ','아래는 덕구리난에 대한 친절한 설명입니다.\n\n덕구리난은 줄기 밑동에 물을 많이 저장하여 술병 모양을 지니고 있습니다. 이렇게 부푼 줄기에는 수분이 많이 저장되어, 습도가 높은 환경에서는 줄기가 부풀어서 모양이 바뀔 수 있습니다. 덕리란 이름의 유래인 일본어 술병 모습에 덕구리난의 실내 배치를 권장합니다. 하지만 너무 음지에서는 모양이 꼬이기 때문에 적절한 햇빛을 받을 수 있도록 관리해야 합니다.\n\n봄부터 가을 사이에는 화분의 흙이 마르면 충분한 물을 주어야 하고, 더운 때에는 잎을 노즐고 추운 때에는 좀 더 건조하게 관리해야 합니다. 또한 5~10월에는 완효성 비료를 2개월마다 사용하며 습기가 높을 때는 깍지벌레가 발생할 수 있으므로 조심해야 합니다.',' ','느림','직립형,다육형',100,'응애,깍지벌레','덕구리난',4,25,40,'낮음 (잘 견딤)',1,'적절한 환기는 필요합니다. 또한 여름 동안 햇볕이 잘 드는 위치에 배치하는 것이 좋습니다.',20,0,'거실 창측 (실내깊이 150~300cm),발코니 내측 (실내깊이 50~150cm),발코니 창측 (실내깊이 0~50cm)','Beaucarnea recurvata (Nolina tuberculata)',4,'없음',53003,13,'https://nongsaro.go.kr/cms_contents/301/13336_MF_ATTACH_05.jpg'),(13337,NULL,NULL,100,' ','이 데코라고무나무는 붉은 빛이 도는 짙은 녹색잎에 중륵과 잎자루가 붉은 갈색인 가지변이종입니다. 열매는 무화과처럼 생기고 노란빛을 띤 녹색이며 긴 타원형입니다. 이 식물은 무턱이거나 긴 타원형의 잎을 가지며 어릴 때는 턱잎으로 싸이고 붉은빛을 띕니다. 높이는 30cm 이상 자라며 털이 없으며 잎과 줄기를 자르면 흰 즙이 나옵니다. 꽃은 6~7월에 핀다는데 잎겨드랑이에 1~2개의 꽃차례로 핍니다. 이 식물은 털이 없으며 기계가 내리는데 잎과 줄기를 자르면 흰 새로운 나옵니다. 더불어 식물의 잎 표면 아래에 종유체가 있으며, 꽃턱은 막질이지만 반투명하여 종이처럼 보입니다. 이 데코라고무나무의 변종으로 소피아고무나무도 존재한다고 합니다.',' ','빠름','직립형,관목형',200,'응애,깍지벌레','데코라고무나무',6,25,70,'필요함',1,'',20,40,'거실 창측 (실내깊이 150~300cm),발코니 내측 (실내깊이 50~150cm),발코니 창측 (실내깊이 0~50cm)','Ficus elastica var. decora',4,'수액이 인체의 피부나 점막을 자극할 수 있다.',53003,13,'https://nongsaro.go.kr/cms_contents/301/13337_MF_ATTACH_01.jpg'),(13338,NULL,NULL,30,' ','',' ','느림','관목형,풀모양,다육형',50,'응애,총채벌레','덴파레',4,25,70,'보통 (약간 잘 견딤)',2,'봄부터 가을까지는 실외에 꽃을 두어 80% 정도 꽃이 개화할 때 꽃대를 잘라주시면, 새로운 싹이 자라기에 좋습니다.',20,40,'거실 창측 (실내깊이 150~300cm),발코니 내측 (실내깊이 50~150cm),발코니 창측 (실내깊이 0~50cm)','Dendrobium phalaenopsis',3,'',53004,13,'https://nongsaro.go.kr/cms_contents/301/13338_MF_ATTACH_04.jpg'),(13339,NULL,NULL,30,' ','이 식물은 바닷가와 섬의 낮은 곳의 바위 사이에서 자라며,\n잎자루의 길이는 일반적으로 15~40cm이며 비늘형 조각이 붙어있습니다.\n잎 몸의 길이 및 폭은 각각 20~60cm 및 10~25cm이며,\n잎 조각은 대략 7~13cm의 길이와 2.5~5.0cm의 폭을 가집니다.\n이 식물은 상록수이며 짧고 두꺼운 뿌리를 갖고 있습니다.\n잎은 겹치는데, 끝부분이 갑자기 뾰족해지며, 포자낭군이 뒷면에 붙어있습니다.\n표면은 둥글고 익으면 중앙 부분이 검은 갈색이 됩니다.',' ','보통','풀모양',30,'응애,깍지벌레','도깨비고비',7,20,40,'낮음 (잘 견딤)',1,'',15,0,'실내 어두운 곳 (실내깊이 500 이상cm),거실 내측 (실내깊이 300~500cm),거실 창측 (실내깊이 150~300cm),발코니 내측 (실내깊이 50~150cm),발코니 창측 (실내깊이 0~50cm)','Cyrtomium falcatum',4,'',53002,0,'https://nongsaro.go.kr/cms_contents/301/13339_MF_ATTACH_01.jpg'),(13340,NULL,NULL,50,' ','제주도에서는 돈나무를 \'똥나무\'라고 부르는데, 이는 끈적이는 점액질에 열매가 둘러싸여 다양한 벌레와 곤충들이 모여들기 때문입니다. 돈나무는 대체로 남쪽에서 자랍니다. 자라는 지역에 따라 이름이 다양하며, 최대 높이는 2-3m 정도이며 잎의 길이는 4-10cm, 너비는 2-3cm입니다. 잎 가장자리에는 톱니가 없고 뒤로 말려 있으며, 꽃 크기는 약 1cm입니다. 열매 길이는 1.5cm 정도이며 둥글거나 넓은 타원형이며 길이가 1.2cm이며, 익으면 붉은 씨가 두 개가 생깁니다. 생육 온도는 16-30℃ 정도이며 습도는 40-70% 정도입니다. 해안 지방의 방풍림으로 좋아 염분 저항성이 강합니다. 목재는 어구 재료로 사용하며, 잎은 가축의 먹이로 이용할 수 있습니다. 또한, 돈나무의 지엽과 피는 \'칠리향\'이라고 부르며 약용도 가능합니다. 돈나무는 혈압을 낮추고, 습진 및 혈액순환에도 쓰이는 약초입니다.',' ','보통','관목형',100,'응애,깍지벌레','돈나무',6,20,70,'낮음 (잘 견딤)',1,'',15,40,'거실 창측 (실내깊이 150~300cm),발코니 내측 (실내깊이 50~150cm),발코니 창측 (실내깊이 0~50cm)','Pittosporum tobira',1,'애완동물에게 해로울 수 있음',53003,0,'https://nongsaro.go.kr/cms_contents/301/13340_MF_ATTACH_07.jpg'),(14663,NULL,NULL,100,' ','동백 나무는 남부 지방과 제주도에 아름다운 상록 활엽수 교목으로 자생하고 있습니다. 이 나무는 12월부터 4월까지 꽃이 피어 가을에 결실하는데, 잎은 폭 3-7cm, 길이 5-12cm로 타원형 모양입니다. 또한, 겨울에 매년 화려한 꽃봉오리를 피우는 동백나무의 엽병은 길이가 2-15mm이며, 털이 없습니다. 산다화라고 불리는 꽃의 열매는 붉은색으로 돌며 지름은 3-5mm에 이르며 9월에 성숙합니다. 이 나무는 춘추부터 곡우(4월) 사이가 꽃봉오리의 채취 시기입니다. 또한, 약용으로 이용되기도 합니다.',' ','느림','관목형',200,'응애,깍지벌레','동백',4,20,70,'필요함',2,'- 겨울철 바람으로 인해 탈수피피해를 예방하기 위해 노출을 주의하세요.\n- 식물에게 유익한 자연적인 가지치기를 추천합니다. 지나친 가지치기는 피해주세요.',15,40,'거실 창측 (실내깊이 150~300cm),발코니 내측 (실내깊이 50~150cm),발코니 창측 (실내깊이 0~50cm)','Camellia japonica',2,'없음',53003,0,'https://nongsaro.go.kr/cms_contents/301/14663_MF_ATTACH_05.jpg'),(14674,NULL,NULL,60,' ','무늬가 있는 잎과 없는 잎이 함께 아름답기 때문에, 동양적인 이미지의 나무로 사랑받고 있습니다. 큰 크기의 나무는 가격이 높게 측정되기 때문에, 대부분은 작은 크기의 나무를 관리하게 됩니다. 그렇지만, 키우기가 쉬운 작물은 아닙니다. 환경에 민감하기 때문에, 올바른 조명과 온도 관리가 필요합니다. 당신이 꼭 신경써야 할 부분은 습도입니다. 잎에 자주 분무를 해주는 것은 유익한 공기 중 습도 유지에 도움이 됩니다. 삽목할 때, 발근 촉진제를 사용하면 더 큰 확률로 성공할 수 있습니다.',' ','보통','관목형',150,'응애,깍지벌레','둥근잎 아랄리아',6,25,70,'필요함',2,'성장기인 5~9월 동안은 1주일을 기준으로 토양 상태를 확인하여 물을 공급합니다. 토양이 너무 말라지 않도록 유지하면서도, 과습하지 않도록 주의해야 합니다. 과습은 잎이 노랗게 변하면서 낙엽이 떨어지고, 줄기가 부패하는 원인이 됩니다. 또한, 온도가 낮아지면 낙엽이 떨어지며 봄이 오면 다시 새로운 잎이 나옵니다.',20,40,'거실 내측 (실내깊이 300~500cm),거실 창측 (실내깊이 150~300cm),발코니 내측 (실내깊이 50~150cm),발코니 창측 (실내깊이 0~50cm)','Polyscias balfouriana',4,'',53003,13,'https://nongsaro.go.kr/cms_contents/301/14674_MF_ATTACH_05.jpg'),(14675,NULL,NULL,100,' ','',' ','','관목형',100,'진딧물,응애,깍지벌레,온실가루이','듀란타',4,25,70,'필요함',0,'',20,40,'거실 창측 (실내깊이 150~300cm),발코니 내측 (실내깊이 50~150cm),발코니 창측 (실내깊이 0~50cm)','Duranta reptans',1,'',53003,13,'https://nongsaro.go.kr/cms_contents/301/14675_MF_ATTACH_01.jpg'),(14676,NULL,NULL,50,' ','이 식물은 2-3m로 자라며, 세로로 자랍니다. 잎은 10-22cm 길이로 길고 피침형이며, 폭이 1.5-2cm 정도입니다. 황색 바탕인데 녹색 외곽무늬가 있다면 좋은 향기가 나는 경우가 많습니다. 이 식물은 밝은 조명 아래에서 잘 자랍니다. 실내에서도 크게 문제 없이 자랄 수 있지만, 너무 어두운 그늘에 두면 줄기가 가늘게 엎저어지거나 잎이 떨어지게 될 수 있습니다. 그 외에도 광량이 부족하거나 화분 흙이 과유습한 경우, 줄기와 뿌리 부분이 부패되는 경우도 많습니다. 이 식물은 삽목하거나 어린 개체를 분할하여 번식할 수 있습니다. 또한 채취하여 번식할 수도 있습니다. 아주 오래 두면 잎끝 색이 바뀌거나 말라 들어가는 경우가 생길 수도 있으니, 2년에 한번은 분갈이를 권장합니다. 그 외에도 부들부들한 줄기와 잎 모습으로 인해 애호가들로부터 인기가 많습니다.',' ','보통','관목형',150,'응애,깍지벌레','드라세나  \'송오브자마이카\'',7,20,70,'보통 (약간 잘 견딤)',1,'- 물주기: 겨울철에는 차가운 물을 사용하지 않도록 주의하세요. 차가운 물을 사용할 경우 잎이 변색하거나 손상될 수 있으므로, 하루 정도 물을 받아서 실내 온도와 비슷한 온도로 데워서 사용해 보세요.\n- 난방으로 인해 실내가 건조해지면, 분무로 습도를 올려주시면 좋습니다. 흙의 상태나 관리 환경에 따라 분흙이 마르는 듯하면 충분히 물을 주어주세요. 물이 부족하면 잎무늬에 기미가 생기고, 너무 건조하면 응애가 발생할 수 있습니다.\n- 병충해: 반드시 관리에 주의해주세요. 불소 화합물 독성으로 인해 잎끝이 갈변될 수 있고, 살충제 사용 후 잎가장자리가 타는 경우도 있습니다. 다른 병충해로는 응애나 깍지벌레 등이 있으며, 과습이 심하면 부패, 시들거나 잎반점 등이 발생할 수 있습니다.',15,40,'거실 내측 (실내깊이 300~500cm),거실 창측 (실내깊이 150~300cm),발코니 내측 (실내깊이 50~150cm),발코니 창측 (실내깊이 0~50cm)','Dracaena reflexa \'Song of Jamaica\'',3,'없음',53003,5,'https://nongsaro.go.kr/cms_contents/301/14676_MF_ATTACH_05.jpg'),(14687,NULL,NULL,70,' ','드라세나 와네키는 생육속도가 느리지만, 누구나 쉽게 관리할 수 있는 공기정화 식물입니다. 가정에서 기르면 평균적으로 1m 정도 커지지만, 환경이 적절할 경우 최대 3m까지 커질 수 있습니다. 잎은 20~50cm 길이와 2~5cm 폭으로 형태가 다양하며, 보통 양분과 약간 건조한 환경에서 스프레이 분무가 필요합니다. 다만, 과다한 물은 잎의 끝이 변색되는 결과를 일으킬 수 있으니 주의해야 합니다. \n식물 분갈이 전에 화원에서 팔고 있는 배수성이 뛰어난 화분용 배합토에 모래나 마사토를 20~30% 정도 섞는 것만으로도 됩니다. 드라세나 와네키는 반음지를 선호하며, 여름철에는 보습을 좋아합니다. 따라서, 주기적으로 화분 위치를 바꾸어 전체적으로 골고루 햇볕을 쬐게 하는 것이 좋습니다. \n이 식물은 에코플랜트로서 벤젠 제거에 상당한 효과가 있다는 장점이 있습니다.',' ','보통','직립형,관목형',150,'응애,깍지벌레','드라세나  \'와네끼\'',6,20,70,'보통 (약간 잘 견딤)',1,'식물에 물 주는 방법: 물을 균일하게 공급하여 촉촉한 상태를 유지해주세요. 빗물을 사용하려면 산성화가 일어날 수 있으니 조심해주세요. 따뜻한 물을 사용하시면 좋습니다.',15,40,'거실 내측 (실내깊이 300~500cm),거실 창측 (실내깊이 150~300cm),발코니 내측 (실내깊이 50~150cm),발코니 창측 (실내깊이 0~50cm)','Dracaena deremensis \'Warneckii\'',3,'애완동물에게 해로울 수 있음.',53003,13,'https://nongsaro.go.kr/cms_contents/301/14687_MF_ATTACH_01.jpg'),(14688,NULL,NULL,50,' ','드라세나 드라코는 자연에서는 크게 자라지 않고, 실내에서는 약 1미터까지 자랍니다. 하지만 충분한 조명이 주어지면 잎의 가장자리에 붉은색이 띄는데, 이는 매우 아름답습니다. 또한 오래된 잎은 아래로 향한 특징적인 곡선을 갖추고 있습니다. 이 식물을 잘라내면 붉은 액체인 \'용혈수\'가 나오는데, 이로 인해 이 식물은 산소와 음이온을 방출하여 공기정화 효과가 뛰어나다는 것이 알려져 있습니다. 전체적으로 이국적인 느낌을 주어 관상 가치가 높은 실내식물입니다.',' ','느림','관목형',150,'응애,깍지벌레','드라세나 드라코',6,25,70,'필요함',2,'물을 주십시오: 온수를 사용해주세요.',20,40,'거실 내측 (실내깊이 300~500cm),거실 창측 (실내깊이 150~300cm),발코니 내측 (실내깊이 50~150cm),발코니 창측 (실내깊이 0~50cm)','Dracaena draco',3,'애완동물에게 해로울 수 있음',53003,13,'https://nongsaro.go.kr/cms_contents/301/14688_MF_ATTACH_05.jpg'),(14689,NULL,NULL,50,' ','1960년대부터 실내식물로 많이 알려진 드라세나 마지나타는 창처럼 가느다랗고 약 60cm 길이의 잎을 가지고 있습니다. 이 식물은 미술관, 관공서, 호텔, 쇼핑몰, 고급 레스토랑 등의 입구에서 우아한 자태를 뽐내며, 아름다운 잎들이 뭉쳐지는 것이 특징입니다.\n\n뿌리가 화분구멍을 통해 나오다 보면 흙이 굳어져서 물이 제대로 차지 못하는 경우나, 뿌리가 썩어서 식물 아랫부분이 시드는 경우, 분갈이를 해 주는 것이 좋습니다. 그리고 봄(4~6월)과 겨울(9~10월) 사이에 분갈이를 하는 것이 좋습니다.\n\n또한, 드라세나 마지나타는 자일렌과 트리클로로에틸렌 등의 실내독성 물질 제거 능력이 뛰어나며, 공기 정화에 좋은 역할을 합니다. 따라서 공기 청정기 역할을 톡톡히 해 낼 수 있습니다.',' ','느림','관목형',150,'응애,깍지벌레','드라세나 마지나타',6,20,70,'보통 (약간 잘 견딤)',1,'물을 주실 때는 찬물을 사용하시는 것이 안전합니다.',15,40,'거실 내측 (실내깊이 300~500cm),거실 창측 (실내깊이 150~300cm),발코니 내측 (실내깊이 50~150cm),발코니 창측 (실내깊이 0~50cm)','Dracaena marginata',3,'없음',53002,10,'https://nongsaro.go.kr/cms_contents/301/14689_MF_REPR_ATTACH_01.jpg'),(14690,NULL,NULL,50,' ','이 벌레의 체질은 수치 매우 높은 확률로 복합 단백질과 지질으로 이루어져 있기 때문에, 식용으로 인기가 매우 높습니다.\n\nThis exotic plant, originally from tropical regions, is a large species of ornamental plant. Its leaves measure about 50-90cm in length and are around 5cm in width. The wide, pointed ends of the leaves resemble those of corn leaves, and they droop down. It can grow up to 3m indoors and can benefit from cutting the top of the stem about 20cm to promote new growth and vitality.\n\nThis plant would make a wonderful addition to spaces with lots of office or indoor decor, as it not only looks nice, but can also help to freshen up stuffy rooms and create a more spacious environment. Additionally, it is quite hardy and can handle colder temperatures and partial shade. \n\nThis insect\'s body is composed primarily of complex proteins and lipids, making it a very popular food item.',' ','보통','직립형,관목형',150,'응애,깍지벌레','드라세나 맛상게아나',7,20,70,'낮음 (잘 견딤)',1,'나무를 오랫동안 기르고 있는 경우, 봄과 여름에는 비료 시비량을 늘리는 것이 좋습니다.',15,40,'거실 내측 (실내깊이 300~500cm),거실 창측 (실내깊이 150~300cm),발코니 내측 (실내깊이 50~150cm),발코니 창측 (실내깊이 0~50cm)','Dracaena fragrans var. massangeana',3,'애완동물에게 해로울 수 있음',53002,13,'https://nongsaro.go.kr/cms_contents/301/14690_MF_REPR_ATTACH_01.jpg'),(14691,NULL,NULL,50,' ','',' ','느림','직립형,관목형',100,'응애,깍지벌레,총채벌레','드라세나 산데리아나',7,25,70,'낮음 (잘 견딤)',1,'-식물 물주기: 겨울철에는 찬수돗물이 식물에 해로울 수 있으므로 하루쯤 받아두어 물을 줍니다.\n-식물 돌보기: 실내가 건조할 때는 물을 분무하여 식물 잎이 상쾌해지고 병충해를 예방할 수 있습니다.',20,40,'실내 어두운 곳 (실내깊이 500 이상cm),거실 내측 (실내깊이 300~500cm),거실 창측 (실내깊이 150~300cm),발코니 내측 (실내깊이 50~150cm),발코니 창측 (실내깊이 0~50cm)','Dracaena sanderiana',3,'애완동물에 독성',53002,13,'https://nongsaro.go.kr/cms_contents/301/14691_MF_REPR_ATTACH_01.gif'),(14692,NULL,NULL,30,' ','',' ','보통','직립형,관목형',50,'응애,깍지벌레','드라세나 산데리아나 \'세레스\'',7,20,70,'보통 (약간 잘 견딤)',1,'',15,40,'실내 어두운 곳 (실내깊이 500 이상cm),거실 내측 (실내깊이 300~500cm),거실 창측 (실내깊이 150~300cm),발코니 내측 (실내깊이 50~150cm)','Dracaena sanderiana \'Celes\'',3,'',53002,13,'https://nongsaro.go.kr/cms_contents/301/14692_MF_ATTACH_01.jpg'),(14694,NULL,NULL,50,' ','꽃말은 다양한 크기와 무늬를 가진 품종으로, 번영과 영광을 상징하는 고급스러운 이미지를 지니고 있습니다. 이 반음지식물은 어두운 그늘에서도 잘 적응하며, 직사광선은 피하고 추위에 약하므로 겨울에 따뜻하게 관리해야 합니다. 또한, 잎과 가지를 가지치기해서 정리해 주어야 새로운 가지가 잘 나오며, 영양공급을 충분히 해주어야 약하지 않고, 굵고 튼튼한 여러 개의 가지로 자라날 수 있습니다.\n\n이 소형종은 노란색 바탕의 잎에 짙은 녹색 무늬가 있어 매우 귀여우며, 낮은 광도 등의 환경에서도 잘 자라기 때문에 실내조경으로 많이 이용됩니다. 또한, 일반 가정에서도 매우 인기가 있어 선물용으로도 자주 이용됩니다.',' ','보통','관목형',150,'응애,깍지벌레','드라세나 \'송오브인디아\'',7,20,70,'보통 (약간 잘 견딤)',1,'- 식물에 물을 주실 때에는 토양의 상태와 환경 조건을 고려하여 분흙이 건조한 경우 충분히 주시면 좋습니다. 물 부족은 잎무늬에 기미가 생기고, 과한 건조는 업아차기 현상을 초래할 수 있습니다.\n- 잎끝이 갈라지는 현상은 불소 화합물 독성 때문일 수도 있습니다. 또한 살충제 사용으로 인해 잎가장자리가 치울 수도 있습니다.\n- 고습한 환경에서는 부패, 시들음, 잎반점 등의 문제가 발생할 수 있으니 반드시 조심하세요.',15,40,'거실 내측 (실내깊이 300~500cm),거실 창측 (실내깊이 150~300cm),발코니 내측 (실내깊이 50~150cm),발코니 창측 (실내깊이 0~50cm)','Dracaena reflexa \'Song of India\'',3,'없음',53002,5,'https://nongsaro.go.kr/cms_contents/301/14694_MF_ATTACH_01.gif'),(14695,NULL,NULL,100,' ','이 친구는 60~90cm 정도 자라서 미미하게 작긴 하지만, 줄기는 강하고 잎은 양 끝이 뾰족한 타원형이랍니다. 잎의 반점에 따라서 플로리다 뷰티, 밀키웨이 등으로 구분해서 불리며, 길이는 10~13cm 정도예요. 이뻐 보이지만 반들반들한 녹색 표면에 불규칙한 흰 반점이 조금 있습니다.\n꽃은 흰색이고 작은 꽃들이 얇은 꽃줄기와 함께 둥글게 모여서 피는 것이 특징입니다. 그리고 향기가 좋답니다!\n이 친구는 한여름(8~9월) 직사광선이 강한 곳은 가급적 지나치고 다른 계절에도 오전 햇빛을 받는게 적당하고 겨울에는 항상 햇빛이 들어오게 해주는게 좋아요.',' ','느림','관목형',150,'응애,깍지벌레','드라세나 수르쿨로사',7,20,40,'필요함',2,'',15,0,'거실 내측 (실내깊이 300~500cm),거실 창측 (실내깊이 150~300cm),발코니 내측 (실내깊이 50~150cm),발코니 창측 (실내깊이 0~50cm)','Dracaena surculosa (D. godseffiana)',3,'',53003,13,'https://nongsaro.go.kr/cms_contents/301/14695_MF_REPR_ATTACH_01.jpg'),(14696,NULL,NULL,100,' ','반음지성식물은 밝고 통풍이 뛰어난 그늘지는 곳에 놓는 것이 좋습니다. 직사광선은 선호하지 않아요. 이 식물의 잎은 무늬가 없기 때문에, 공기정화식물로 유명해요. 공기정화식물은 식물 내부로 주변의 공기와 수분을 흡수하여, 토양 속 미생물이 유해 물질들을 처리합니다. 이 과정에서, 수분도 쉽게 이동하며, 공기의 움직임도 생겨요. 그래서 환경이 안 좋더라도 잘 자랄 수 있어서 멋진 모양으로 자랄 수 있습니다. 목대 위에 균일하고 풍성한 잎을 형성하여, 아름다운 모습을 연출합니다.',' ','보통','관목형',150,'응애,깍지벌레','드라세나 \'자바\'',6,20,70,'보통 (약간 잘 견딤)',2,'',15,40,'거실 내측 (실내깊이 300~500cm),거실 창측 (실내깊이 150~300cm),발코니 내측 (실내깊이 50~150cm),발코니 창측 (실내깊이 0~50cm)','Dracaena angustifolia \'Java\'',3,'',53003,13,'https://nongsaro.go.kr/cms_contents/301/14696_MF_REPR_ATTACH_01.jpg'),(14697,NULL,NULL,50,' ','이 식물은 집안에서 기르기 아주 좋습니다. 여름에는 직사광선을 반드시 회피해야 하며, 옥수수 잎과 같은 넓은 잎이 방사형으로 무성하게 자라며, 층층으로 올라갑니다. 수분은 약간 축축하게 유지하되, 과습하면 잎이 가늘어지고 거칠어집니다. 또한, 짙은 암녹색의 광택나는 잎이 줄기에서 나선형으로 나열됩니다. 복합비료는 4~9월에 월 1회 사용하는 것을 권장하며, 고온다습한 장마철 겨울에는 물주기를 줄이고, 잎이 건조해질 때 분무기로 뿌려주는 것이 좋습니다. 뿐만 아니라, 이 식물은 포름알데히드, 벤젠, 톨루엔 등을 제거하는 공기정화 능력이 뛰어나다는 것도 알려져 있습니다.',' ','보통','직립형,관목형',100,'응애,깍지벌레','드라세나 \'콤팩타\'',7,20,70,'보통 (약간 잘 견딤)',1,'',15,40,'실내 어두운 곳 (실내깊이 500 이상cm),거실 내측 (실내깊이 300~500cm),거실 창측 (실내깊이 150~300cm),발코니 내측 (실내깊이 50~150cm),발코니 창측 (실내깊이 0~50cm)','Dracaena deremensis \'Virens Compacta\'',3,'애완동물에게 해로울 수 있음',53002,13,'https://nongsaro.go.kr/cms_contents/301/14697_MF_ATTACH_02.jpg'),(14698,NULL,NULL,70,' ','이 식물의 줄기는 얇으며, 3~4m까지 커집니다. 잎의 폭은 대개 1~2cm이며, 길이는 30~60cm입니다. 이 잎은 \'장검\'이라고 불리는 모양과 크기를 가지며, 가장자리는 빨강색이고 안쪽은 유백색입니다. 이식물은 전체적으로 붉은빛을 띠며, 고온다습한 환경을 선호합니다. 그러나, 이식물의 내음은 매우 좋아서, 오랜 시간 동안 실내에서도 잘 견딜 수 있습니다. 게다가, 이식물은 실내의 어떤 곳에서든 아름다운 조화를 이루게 해줍니다.',' ','보통','관목형',150,'응애,깍지벌레','드라세나 \'트리컬러 레인보우\'',6,20,70,'보통 (약간 잘 견딤)',1,'',15,40,'거실 창측 (실내깊이 150~300cm),발코니 내측 (실내깊이 50~150cm),발코니 창측 (실내깊이 0~50cm)','Dracaena concinna \'Tricolor Rainbow\'',3,'없음',53002,13,'https://nongsaro.go.kr/cms_contents/301/14698_MF_ATTACH_02.jpg'),(14699,NULL,NULL,50,' ','세계 각지에서 15종이 자생하고 있는데, 이 식물은 강직한 줄기와 좁고 긴 잎을 가지고 있다. 또한, 결각이 심한 잎은 긴 잎자루 위에 무더기로 쌓이며 높이는 9~12m까지 자랄 수 있다. 이 식물의 잎새는 얇고 길며 손가락 모양으로 7~9개로 이루어져 굵은 깊은 팬 톱니 모양으로 끝나며, 짙고 어두운 녹색이며 잎맥은 적색이다.\n\n본 식물은 수분이 부족하면 늙은 잎에 작고 타원형의 반점이 생기며, 생리적인 문제가 발생할 수 있다. 이를 예방하기 위해서는 수분양을 적절히 하고, 뿌리를 건강하게 유지하는 것이 꼭 필요하다. 디지고데카가 질병에 걸리지 않도록 정기적으로 응애와 뿌리를 확인해야 한다.',' ','빠름','직립형,관목형',100,'응애,깍지벌레','디지고데카',6,20,70,'필요함',2,'',15,40,'거실 내측 (실내깊이 300~500cm),거실 창측 (실내깊이 150~300cm),발코니 내측 (실내깊이 50~150cm),발코니 창측 (실내깊이 0~50cm)','Dizygotheca elegantissima',3,'',53003,13,'https://nongsaro.go.kr/cms_contents/301/14699_MF_ATTACH_01.jpg'),(14700,NULL,NULL,30,' ','이 작은 종은 부드러운 연녹색 잎으로, 중앙에 선명한 흰색 무늬가 있어요. 잎의 모양, 색깔, 크기 등에 따라 다양한 품종이 있습니다. 이 나물은 밝은 반그늘이 적합하며, 5월에서 9월이 생장기에는 실외에서도 잘 자라요. 녹색 바탕에 황백색의 무늬가 있어 부드러운 느낌을 자아내요. 하지만 추위에 매우 약하니 찬바람에 감싸이지 않도록 주의하세요. 따뜻하고 조명이 잘 도달하는 실내에서도 잘 자라요. 분갈이는 봄철 따뜻한 날씨에 하는 것이 가장 좋아요. 단, 수액이 흐르면 피부에 알레르기와 가려움증을 일으키므로 주의해주세요.',' ','느림','풀모양',50,'응애,깍지벌레,온실가루이','디펜바키아 \'마리안느\'',6,25,70,'필요함',2,'따뜻하고 습하게 유지하는 것이 이 부류의 선호조건이므로, 공기 중의 습도를 높게 유지시켜줍니다.',20,40,'거실 창측 (실내깊이 150~300cm),발코니 내측 (실내깊이 50~150cm),발코니 창측 (실내깊이 0~50cm)','Dieffenbachia \'Marianne\'',4,'있음 (수액이 피부 자극을 일으킬 수 있음)',53003,13,'https://nongsaro.go.kr/cms_contents/301/14700_MF_REPR_ATTACH_01.jpg'),(14713,NULL,NULL,30,' ','이 식물은 줄기가 굵고 크며, 잎은 두껍고 넓으며 내한력이 약한 강건한 품종입니다. 대형이며 줄기는 두터워지고, 잎은 광택이 있는 짙은 녹색에 유백색의 불규칙한 반점 무늬가 있습니다. 이 식물은 직사광선이 아닌 실내 밝은 장소에서 잘 자랍니다. \n\n그러나, 식물 전체에 독이 있어 일단 입에 들어가면 심한 통증과 마비 증상이 생기고, 말하기가 어려울 수 있으며, 또한 수액이 피부에 닿으면 알레르기 반응과 가려움증이 생길 수 있습니다. 따라서 이 식물은 식용을 금해야 합니다.',' ','빠름','풀모양',50,'응애,깍지벌레,온실가루이','디펜바키아 \'트로픽스노우\'',6,25,70,'필요함',2,'',20,40,'거실 내측 (실내깊이 300~500cm),거실 창측 (실내깊이 150~300cm),발코니 내측 (실내깊이 50~150cm),발코니 창측 (실내깊이 0~50cm)','Dieffenbachia amoena \'Tropic snow\'',4,'강함 (수액이 피부 자극을 일으킬 수 있음)',53003,13,'https://nongsaro.go.kr/cms_contents/301/14713_MF_ATTACH_03.jpg'),(14911,NULL,NULL,70,' ','떡갈잎 고무나무는 크고 짙은 잎 색상을 가지고 있어서 중후한 느낌이 물씬 풍기며, 멋진 모양과 강한 생명력으로 큰 인기를 얻고 있습니다. 평균적으로 약 30cm의 길이를 가지며 두꺼운 잎과 우글쭈글한 파상을 가진 짧은 잎자루로 구성됩니다. 다만, 습기가 과다한 경우에는 검은변색을 초래하여 잎이 떨어져버리므로 주의가 필요합니다. 갈나무에 익숙한 우리에게는 친근감이 느껴지며, 단독으로 심는 것보다 운치 있게 모아서 심는 것이 좀 더 아름다워 보입니다.',' ','보통','직립형,관목형',200,'응애,깍지벌레','떡갈잎 고무나무',6,20,70,'필요함',1,'여름에 물에 젖은 천으로 잎을 부드럽게 닦아서 전체적인 상쾌함을 느낄 수 있다.',15,40,'거실 창측 (실내깊이 150~300cm),발코니 내측 (실내깊이 50~150cm),발코니 창측 (실내깊이 0~50cm)','Ficus lyrata',4,'강함 (식물체 전체에 독이 있음)',53003,13,'https://nongsaro.go.kr/cms_contents/301/14911_MF_REPR_ATTACH_01.jpg'),(14913,NULL,NULL,30,' ','만약 온도가 적절하게 유지되며 식물이 건강하게 성장한다면, 적적한 비료를 자주 주어 긴 줄기로 숨겨둘 수 있습니다. 이 식물은 아름다운 폭포처럼 아래 늘어지는 특성이 있으며, 거실이나 베란다에 꽂으면 꾸미기 좋습니다. 식물의 줄기는 1~3m까지 자라며, 잎의 앞면은 회백색 그물 무늬가 있으며 뒷면은 적자색이다. 땅속줄기에 덩이뿌리(물 저장 뿌리)가 있는 등 다른 식물과는 차별화되는 특징을 가지고 있습니다. 여름철에는 유니크한 분홍색 깔때기 모양의 꽃이 피며, 꽃이 피는 기간은 길게 늘어나기도 합니다. 이식물은 줄기 삽목을 이용해 쉽게 번식할 수 있으며, 덩굴에 생기는 작은 덩이를 꺼내 땅에 묻거나 덩굴을 몇 단위로 자르면 누구나 키울 수 있습니다. 규칙적인 환기가 필요하며 과습 및 과한 물주기를 피하는 것이 중요합니다. 빗물을 사용하면 토양이 산성화될 가능성이 있으므로 따뜻한 물을 사용하세요. 이식물은 행잉 바구니에 이상적입니다.',' ','보통','덩굴성,다육형',5,'응애,깍지벌레','러브체인',6,20,40,'보통 (약간 잘 견딤)',2,'- 번식 후 일정 시기까지는 습윤한 토양과 안개를 유지해야 합니다.\n- 규칙적인 환기를 통해 공기를 유지해야 합니다. \n- 물을 줄 때는 과습과 과한 물주기를 피하며, 빗물 사용 시 토양이 산성화 될 가능성이 있으므로 따뜻한 물을 사용해주세요.\n- 행잉 바구니에 적합한 식물을 알아보세요.',15,0,'거실 창측 (실내깊이 150~300cm),발코니 내측 (실내깊이 50~150cm),발코니 창측 (실내깊이 0~50cm)','Ceropegia woodii',4,'없음',53004,10,'https://nongsaro.go.kr/cms_contents/301/14913_MF_REPR_ATTACH_01.jpg'),(14914,NULL,NULL,30,' ','',' ','보통','풀모양',50,'응애,온실가루이','칼라디움',6,25,70,'특별 관리 요구',3,'',20,40,'거실 창측 (실내깊이 150~300cm),발코니 내측 (실내깊이 50~150cm)','Caladium bicolor (hortulantum) Vent.',4,'',53003,13,'https://nongsaro.go.kr/cms_contents/301/14914_MF_ATTACH_02.jpg'),(14915,NULL,NULL,40,' ','\'Mancheonseong\' 또는 \'두메별꽃\'은 대략 1미터의 높이에 이르는 식물입니다. 가지는 펼쳐져 있으며 많은 분기를 가지고 있어요. 잎은 대칭이며 길쭉한 타원형으로, 길이는 약 2cm 정도예요. 가장자리는 매끄럽고, 잎 끝은 가시처럼 뾰족해요. 꽃은 5월부터 6월까지 피어나며, 하얀색 또는 연한 붉은보라색으로 된 색깔을 띠고 잎의 가지결에 붙어 있어요. 꽃받침은 꽃잎 끝에서 5부로 갈라지는 꽃받침이며, 안쪽에 약간의 털이 있어요. 긴 수술과 짧은 수술 두 가지 형태의 수술이 꽃받침에 붙어 있어요. 과실은 씨앗으로 발달하며 7월에 익어요. 삽화나 왕관을 쪼개어 번식할 수 있어요. 이 식물은 중국 남부 원산지로 꾸며짐과 울타리용으로 널리 재배되고 있어요. 양지꽃, \'만청꽃\'과 점이 있는 잎을 갖춘 다양한 재배 품종이 개발되었어요. T자 모양으로 보이는 외형 때문에 측면에서 볼 때 \'정화\'라는 이름을 얻게 되었어요. 이 식물은 중국 남부에서 인도 아대륙까지 분포하고 있어요.',' ','','관목형',50,'응애,깍지벌레','백정화',6,20,70,'필요함',2,'',15,40,'발코니 내측 (실내깊이 50~150cm),발코니 창측 (실내깊이 0~50cm)','Serissa foetida',2,'',53003,5,'https://nongsaro.go.kr/cms_contents/301/14915_MF_ATTACH_01.jpg'),(14916,NULL,NULL,50,' ','마삭줄 식물은 잎과 꽃이 경쾌하게 크고, 우아한 향기도 더해져 느낌적인 차이를 준답니다. 보통 5월~6월 사이에 꽃들이 피며, 한창 기운장내에서는 선한 조건에서 자라기도 하나 약한 내한력을 지닌 면이 있답니다.',' ','','덩굴성',50,'응애,깍지벌레','백화등',6,20,70,'필요함',0,'토양에 충분한 수분을 공급하고, 적절한 통풍이 보장될 수 있는 장소가 더욱 적합합니다.',15,40,'거실 창측 (실내깊이 150~300cm),발코니 내측 (실내깊이 50~150cm),발코니 창측 (실내깊이 0~50cm)','Trachelospermum asiaticum var. majus',1,'',53002,0,'https://nongsaro.go.kr/cms_contents/301/14916_MF_ATTACH_03.jpg'),(14917,NULL,NULL,30,' ','',' ','','풀모양',40,'응애,깍지벌레','칼라데아 크로카타',6,25,70,'필요함',0,'',20,40,'거실 창측 (실내깊이 150~300cm),발코니 내측 (실내깊이 50~150cm)','Calathea crocata',4,'',53003,13,'https://nongsaro.go.kr/cms_contents/301/14917_MF_REPR_ATTACH_01.jpg'),(14918,NULL,NULL,30,' ','잎의 무늬가 선명해, 포인트로 괜찮아 보여요.\n덩이줄기에서 자란 달걀모양 잎 앞면에는, 녹색이나 암갈색의 짙은 반점이 주맥 따라 나타나고 있어요.',' ','보통','풀모양',50,'응애,깍지벌레','칼라데아 인시그니스',6,25,70,'필요함',2,'오랫동안 어두운 곳에서 머무를 경우, 싹이 처지거나 잎이 시들어질 수 있습니다. 또한 건조할 경우에는 잎이 말라질 수 있으므로 직사광선을 피해야 합니다.',20,40,'거실 창측 (실내깊이 150~300cm),발코니 내측 (실내깊이 50~150cm)','Calathea insignis',4,'알려져 있지 않음',53003,13,'https://nongsaro.go.kr/cms_contents/301/14918_MF_ATTACH_01.jpg'),(14919,NULL,NULL,100,' ','이 상록 교목은 실내에서도 잘 자랄 수 있는 대형 화분에 심어져 있어요. 그리고 줄기가 유연해서 요란하게 구부릴 수도 있답니다!',' ','','직립형,관목형',150,'응애,깍지벌레','벤자민고무나무',6,25,70,'보통 (약간 잘 견딤)',0,'식물이 환경 변화에 빠르게 적응하지 못하기 때문에, 갑자기 햇빛에 내놓거나, 햇빛 속에서부터 실내로 옮기면 많은 잎을 떨굴 수 있어서 힘든 시기를 겪게 됩니다. 따라서, 서서히 적응할 수 있는 기간을 주면서 옮기는 것이 좋습니다.',20,40,'거실 내측 (실내깊이 300~500cm),발코니 내측 (실내깊이 50~150cm),발코니 창측 (실내깊이 0~50cm)','Ficus benjamina',4,'',53003,13,'https://nongsaro.go.kr/cms_contents/301/14919_MF_REPR_ATTACH_01.jpg'),(14920,NULL,NULL,40,' ','베고니아는 세 가지 부분으로 나뉘는데(꽃, 잎, 반관목성), 렉스 베고니아는 잎의 무늬로 파악하는 식물입니다. 그 잎은 매우 다양한 종류가 있으며, 잎은 두껍고 얼룩무늬가 있는 것부터 달팽이처럼 말린 것까지 있습니다. 또한 잎의 외양을 대조적으로 다른 보라색, 빨간색, 은백색, 구릿빛 등 다양한 무늬가 있습니다. 렉스베고니아는 잎꽃구이를 통해 번식이 가능하며, 시원하고 습한 그늘이 있는 벤치 아래와 같은 환경에서 생장이 가장 잘 이루어집니다.',' ','보통','풀모양',40,'진딧물,응애,깍지벌레,온실가루이','렉스베고니아',6,20,70,'필요함',2,'- 식물에게 물을 주실 때에는 차가운 물 대신 미지근한 물을 사용해주세요.\n- 식물을 물에 잠그시거나 침수시키지 말아주세요. \n- 만약 키우는 식물의 경우, 그늘진 벤치 아래와 같은 시원하고 습한 환경이 가장 이상적인 성장을 도와줍니다. \n- 행잉 바스켓은 식물이 잘 어울리는 환경 중 하나입니다.',15,40,'거실 창측 (실내깊이 150~300cm),발코니 내측 (실내깊이 50~150cm),발코니 창측 (실내깊이 0~50cm)','Begonia rex',4,'없음',53003,13,'https://nongsaro.go.kr/cms_contents/301/14920_MF_ATTACH_01.jpg'),(15828,NULL,NULL,100,' ','',' ','','직립형,관목형',150,'응애,깍지벌레','벤자민고무나무 \'킹\'',7,25,70,'필요함',0,'',20,40,'거실 내측 (실내깊이 300~500cm),거실 창측 (실내깊이 150~300cm),발코니 내측 (실내깊이 50~150cm),발코니 창측 (실내깊이 0~50cm)','Ficus benjamina \'King\'',4,'',53003,13,'https://nongsaro.go.kr/cms_contents/301/15828_MF_ATTACH_01.jpg'),(15829,NULL,NULL,30,' ','',' ','','풀모양',50,'응애,깍지벌레','칼라데아 마코야나',6,25,70,'필요함',2,'',20,40,'거실 창측 (실내깊이 150~300cm),발코니 내측 (실내깊이 50~150cm)','Calathea makoyana',4,'N/A',53003,13,'https://nongsaro.go.kr/cms_contents/301/15829_MF_ATTACH_01.jpg'),(15830,NULL,NULL,30,' ','',' ','보통','덩굴성,풀모양',30,'응애,깍지벌레','루모라고사리',6,20,100,'특별 관리 요구',3,'',15,70,'거실 창측 (실내깊이 150~300cm),발코니 내측 (실내깊이 50~150cm),발코니 창측 (실내깊이 0~50cm)','Rumohra adiantiformis',4,'없음',53002,5,'https://nongsaro.go.kr/cms_contents/301/15830_MF_REPR_ATTACH_01.jpg'),(15831,NULL,NULL,100,' ','',' ','','직립형,관목형',150,'응애,깍지벌레','벵갈고무나무',6,25,70,'보통 (약간 잘 견딤)',0,'',20,40,'거실 창측 (실내깊이 150~300cm),발코니 내측 (실내깊이 50~150cm),발코니 창측 (실내깊이 0~50cm)','Ficus benghalensis',4,'Parts of plant are poisonous if ingestedHandling',53003,13,'https://nongsaro.go.kr/cms_contents/301/15831_MF_REPR_ATTACH_01.jpg'),(15834,NULL,NULL,30,' ','',' ','','풀모양',20,'응애,깍지벌레','줄리아 페페로미아',6,25,70,'필요함',2,'',20,40,'거실 창측 (실내깊이 150~300cm),발코니 내측 (실내깊이 50~150cm),발코니 창측 (실내깊이 0~50cm)','Peperomia puteolata',4,'',53003,13,'https://nongsaro.go.kr/cms_contents/301/15834_MF_REPR_ATTACH_01.jpg'),(15835,NULL,NULL,50,' ','방망이 같은 형태를 이룬 붉은 나무가 있어요. 그 이름은 \'병솔나무\'에요. 호주와 파푸아뉴기니아 지역이 원산지이며, 대부분은 원예에서 재배됩니다. 끝이 가늘게 날아올라 밀린 수술들로 이루어진 꽃잎이 버들과 비슷한 모양을 갖추고, 진한 붉은 색이며 높이 약 5~6cm, 길이는 약 15cm 정도를 이루는 꽃방망이 모양으로 피어요. 이 꽃모양은 병처럼 솔잎 사이를 살돌게 만들어요. 꽃이 진 자리에는 콩알 크기의 열매가 달라붙어요. 잎은 폭 1cm, 길이는 6~8cm 정도이며 열매에는 좋은 향기가 있어서 호주에서는 향신료로 사용된답니다. 또한, 이 나무의 줄기는 완연하지 않게 갈라지고, 버들 같이 멋지게 늘어지는 특징이 있어요.',' ','보통','관목형',100,'응애,깍지벌레','병솔나무',4,25,70,'필요함',2,'',20,40,'거실 창측 (실내깊이 150~300cm),발코니 내측 (실내깊이 50~150cm),발코니 창측 (실내깊이 0~50cm)','Callistemon spp.',4,'',53003,7,'https://nongsaro.go.kr/cms_contents/301/15835_MF_ATTACH_01.JPG'),(16033,NULL,NULL,50,' ','',' ','','직립형',100,'응애,깍지벌레','죽백나무',6,20,70,'낮음 (잘 견딤)',1,'',15,40,'거실 창측 (실내깊이 150~300cm),발코니 내측 (실내깊이 50~150cm),발코니 창측 (실내깊이 0~50cm)','Podocarous nagi',3,'',53003,10,'https://nongsaro.go.kr/cms_contents/301/16033_MF_REPR_ATTACH_01.jpg'),(16034,NULL,NULL,50,' ','',' ','보통','관목형',70,'응애,깍지벌레','루스커스',6,20,70,'낮음 (잘 견딤)',1,'이 식물은 매우 건조하고 적막한 토양에서 가장 잘 번식하며 성장합니다.',15,40,'거실 창측 (실내깊이 150~300cm),발코니 내측 (실내깊이 50~150cm),발코니 창측 (실내깊이 0~50cm)','Ruscus spp.',4,'',53003,5,'https://nongsaro.go.kr/cms_contents/301/16034_MF_REPR_ATTACH_01.jpg'),(16035,NULL,NULL,100,' ','',' ','','관목형',200,'응애,깍지벌레','종려죽',6,20,70,'보통 (약간 잘 견딤)',2,'',15,40,'거실 내측 (실내깊이 300~500cm),거실 창측 (실내깊이 150~300cm),발코니 내측 (실내깊이 50~150cm)','Rhapis humilis',4,'unknown',53003,10,'https://nongsaro.go.kr/cms_contents/301/16035_MF_REPR_ATTACH_01.jpg'),(16036,NULL,NULL,30,' ','이 식물은 다양한 종류의 용기에서 잘 자라는데요. 수경 정원, 습지, 물 가장자리, 욕조, 또는 일반 용기를 사용할 수 있습니다.\n\n적합한 토양은 물을 잘 유지하면서도 잘 배수되는 토양입니다. 토양을 구매할 때는 통기성이 있어야 하며, 너무 밀집된 경우에는 모래와 부식토(이광고나이트)를 혼합해줄 수 있습니다. 식물이 충분히 자리를 잡은 후에 비료를 주는 것이 좋습니다. 직접 토양을 혼합하려면 정원 토양, 거친 모래나 펄라이트, 축축한 부식토나 부식토(잎 퇴비)를 같은 비율로 혼합하고, 약간의 석회를 뿌려주면 좋습니다. 물 로그가 생기지 않도록 항상 배수구가 있는 화분을 사용하는 것을 잊지 마세요.\n\n이 식물은 빠르게 성장하는 특징이 있습니다.\n\n재배하기 쉬운 식물로, 초보자부터 숙련자까지 누구나 재배할 수 있습니다.\n\n꽃은 베이지색을 띠고 있습니다.',' ','','풀모양',50,'응애,깍지벌레','종려방동사니',6,20,70,'보통 (약간 잘 견딤)',2,'',15,40,'거실 창측 (실내깊이 150~300cm),발코니 내측 (실내깊이 50~150cm),발코니 창측 (실내깊이 0~50cm)','Cyperus alternifolius',4,'',53003,10,'https://nongsaro.go.kr/cms_contents/301/16036_MF_REPR_ATTACH_01.jpg'),(16037,NULL,NULL,40,' ','나름 멋진 잎이 있다 보니, 빅토리아 시대부터 집안에서도 잘 가꿔져왔고, 이제는 아직도 베스트셀러급 실내식물이에요.',' ','빠름','풀모양',40,'진딧물,응애,깍지벌레,온실가루이','보스톤고사리',6,20,100,'보통 (약간 잘 견딤)',1,'화분용 배합토에 유기질이 많으면 식물이 잘 자라요. 그리고 뿌리가 화분 가득히 뻗어 있는 것이 가장 이상적이죠. 특히 여름에는 직사광선을 피하고 습도를 유지해야 최상의 생장 환경을 선사할 수 있어요.',15,70,'거실 내측 (실내깊이 300~500cm),거실 창측 (실내깊이 150~300cm),발코니 내측 (실내깊이 50~150cm)','Nephrolepis exaltata \'Bostoniensis\'',4,'',53002,13,'https://nongsaro.go.kr/cms_contents/301/16037_MF_ATTACH_01.JPG'),(16038,NULL,NULL,25,' ','마란타 류코뉴는 독특한 무늬를 갖고 있으며, 잎이 말려드는 특성으로 유명합니다. 그래서 영어 이름도 \'기도하는 식물(prayer plant)\'로 불립니다. 이 식물은 해질 때 기도할 때 손을 모으듯 위로 접히는 잎 모양에서 이름이 유래되었습니다. 이 식물은 낮에는 옆으로 펴져 있다가 밤이 되면 위로 모이는 현상을 보입니다. 이는 체내 습도를 유지하기 위한 자연적인 현상입니다. 초장과 초폭은 각각 30cm 정도이며, 따뜻하고 습한 환경에서 잘 자라는 특성을 갖고 있습니다. 그러나 온도와 습도가 낮은 건조하고 추운 환경에서는 잎이 갈색으로 변하거나 떨어질 수 있으므로, 이때는 습도를 유지하는 것이 중요합니다.',' ','빠름','풀모양',25,'응애,깍지벌레,온실가루이','마란타 류코뉴라',6,20,70,'필요함',1,'이 식물은 따뜻하고 습하면 성장이 잘 됩니다. 하지만 건조하고 추운 환경에서는 잎이 갈색으로 변하거나 떨어질 수도 있으며 잎이 틀어질 가능성도 있어요. 따라서 꾸준한 물 주기가 필요한데요, 만약 빗물을 사용하신다면 토양이 산성화될 수 있으니 주의하셔야 합니다. 대신 온수를 사용하시면 물 주기가 좀 더 효과적일 수 있답니다.',15,40,'거실 창측 (실내깊이 150~300cm),발코니 내측 (실내깊이 50~150cm),발코니 창측 (실내깊이 0~50cm)','Maranta leuconeura',4,'',53003,13,'https://nongsaro.go.kr/cms_contents/301/16038_MF_ATTACH_01.jpg'),(16138,NULL,NULL,40,' ','잎은 1-3쌍의 우상복엽으로 되어 있으며, 강력한 증산 효과를 가지고 있습니다.',' ','','풀모양',40,'응애,깍지벌레','봉의꼬리',6,20,100,'보통 (약간 잘 견딤)',0,'',15,70,'거실 내측 (실내깊이 300~500cm),거실 창측 (실내깊이 150~300cm),발코니 내측 (실내깊이 50~150cm)','Pteris multifida',4,'',53002,5,'https://nongsaro.go.kr/cms_contents/301/16138_MF_ATTACH_01.JPG'),(16238,NULL,NULL,50,' ','상록의 덩굴성 목본은 흑갈색 줄기를 가지고 있습니다. 줄기는 약 5미터 정도로 길게 뻗어있고, 바위나 나무에 기어오릅니다. 꽃이 피는 시기는 5월에서 6월 사이이며, 지름은 2~3cm이고, 노란색으로 바뀌며 취산꽃차례를 이룹니다. 타원형의 잎은 마주하며, 길이는 2~5cm 정도이며 윤이 나고 두껍습니다. 열매는 원통형으로, 9월에 익으며 길이는 12~22cm이며, 2개가 달립니다. 잎과 줄기는 해열, 강장, 진통, 생리통을 완화할 수 있어 약용으로도 사용됩니다. 이 식물은 산지 숲 가장자리나 습기 있는 숲속에서 큰 나무에 동그랗게 감싸들리듯 휘어붙여 자랍니다.',' ','보통','덩굴성',100,'응애,깍지벌레','마삭줄',6,20,70,'보통 (약간 잘 견딤)',1,'식물을 적당히 건조한 상태로 유지하면서 물을 주시고, 빗물을 사용할 때는 토양이 산성화될 수 있으므로 주의하며 온수를 사용하시면 좋습니다. 또한, 덩굴식물은 서로 얽히지 않도록 수시로 가지치기를 해주시면 좋습니다.',15,40,'거실 창측 (실내깊이 150~300cm),발코니 내측 (실내깊이 50~150cm),발코니 창측 (실내깊이 0~50cm)','Trachelospermum asiaticum',1,'',53003,0,'https://nongsaro.go.kr/cms_contents/301/16238_MF_REPR_ATTACH_01.jpg'),(16239,NULL,NULL,40,' ','한국에서 자란 내한성 상록 다년초에는 굵은 땅속줄기 끝에서 9~12장의 녹색 잎이 모여 30~50cm 높이로 자랍니다. 이 식물의 잎은 폭이 3~5cm, 길이는 30~40cm이며 넓은 바소꼴 모양을 이룹니다. 육질이고 윤기가 있는 잎은 열기에도 쉽게 상하지 않아서 참 좋답니다. 또한 5~7월 사이에 연한 노란색이나 흰색 꽃이 피며 잎 사이에서 수상꽃차례에 빽빽하게 한 줄로 늘어지게 됩니다. 8월에는 장과형 둥글거리의 열매가 붉게 익어 나오되 가끔 황색으로 나오기도 합니다. 잎은 수명이 길면 3~4년까지나고 1년에 보통 3~4장이 생기지만, 가능하다면 이 식물을 자르지 말아보세요. 근경에는 로데인(Rohdein)과 같은 성분을 함유하고 있는데, 강심제와 이뇨제로 다가오는 악용을 막아야 합니다. 마지막으로 잎에는 다양한 색채가 들어있는 무늬가 있어서, 관상용으로 자주 이용되곤 합니다.',' ','보통','풀모양',40,'응애,깍지벌레','만년청',7,25,70,'낮음 (잘 견딤)',1,'여름 관리에 대해서는, 오전 햇빛은 약간 받게 하고 오후 햇빛은 가능한 한 피해야 합니다. 통풍은 훌륭한 방법으로, 새싹과 뿌리가 건강하게 자라고 습기가 적어지기 때문에 가능한 한 공기가 잘 통하도록 유지해 주세요.\n\n바람이 강하게 불어 따가울 겨울과 초봄에는 식물들이 피해를 입을 수 있으므로 바람 막이나 플라스틱 막 등을 이용하여 보호해 주세요.\n\n물을 주는 방법은, 흙이 마르기 직전 물을 주는 것이 좋습니다. 또한, 표면이 약간 까칠까칠한 정도에서는 물을 주는 것이 적당합니다.',20,40,'실내 어두운 곳 (실내깊이 500 이상cm),거실 내측 (실내깊이 300~500cm),거실 창측 (실내깊이 150~300cm),발코니 내측 (실내깊이 50~150cm),발코니 창측 (실내깊이 0~50cm)','Rohdea japonica',3,'',53003,0,'https://nongsaro.go.kr/cms_contents/301/16239_MF_ATTACH_01.jpg'),(16241,NULL,NULL,50,' ','브라질 자스민과 동백 자스민은 이름처럼 아름다운 꽃과 상쾌한 향기를 지니는 매력적인 덩굴식물입니다. 그렇다면 이 식물들은 조금 건조한 쪽으로 관리해 주시면 좋습니다.',' ','보통','덩굴성',100,'응애,깍지벌레,온실가루이','만데빌라',6,20,70,'필요함',2,'',15,40,'거실 창측 (실내깊이 150~300cm),발코니 내측 (실내깊이 50~150cm),발코니 창측 (실내깊이 0~50cm)','Mandevilla sanderi',4,'강함 (식용하면 안됨)',53003,13,'https://nongsaro.go.kr/cms_contents/301/16241_MF_REPR_ATTACH_01.jpg'),(16242,NULL,NULL,30,' ','',' ','','덩굴성',20,'응애,깍지벌레','좀마삭줄',6,20,70,'낮음 (잘 견딤)',2,'',15,40,'거실 창측 (실내깊이 150~300cm),발코니 내측 (실내깊이 50~150cm),발코니 창측 (실내깊이 0~50cm)','Trachelospermum \'Atsuba Chirimen\'',4,'',53002,0,'https://nongsaro.go.kr/cms_contents/301/16242_MF_ATTACH_01.jpg'),(16245,NULL,NULL,100,' ','소철은 약 40종으로 열대 및 아열대 아메리카 지역에서 분포하며, 잎은 1년에 한번 자라나고 줄기의 끝에는 굵은 잎을 많이 내놓습니다. 새로 자란 잎이 완전히 굳어질 때까지 잎을 자르지 않는 것이 좋으며, 골판지처럼 딱딱한 잎은 이국적인 분위기 연출에 좋습니다. \n높이는 15cm로 괴기상을 형성하며, 엽장은 최대 120cm가 되며 소엽은 딱딱하고 4~22개가 마주합니다. 황록색의 반 광택 있는 잎은 엽육이 두껍고 큰 편이며, 관엽식물로 재배되며 깃털모양의 우상엽(깃털잎)입니다. 줄기와 잎은 갈색의 뽀얀 털이나 가루로 덮여있습니다.',' ','빠름','풀모양',100,'응애,깍지벌레','멕시코소철',6,25,70,'낮음 (잘 견딤)',1,'이 식물은 강한 빛과 그늘 모두에 적응하여 성장하는데 능숙합니다.',20,40,'거실 창측 (실내깊이 150~300cm),발코니 내측 (실내깊이 50~150cm),발코니 창측 (실내깊이 0~50cm)','Zamia pumila',4,'열매식용하면 안됨',53003,10,'https://nongsaro.go.kr/cms_contents/301/16245_MF_ATTACH_01.jpg'),(16246,NULL,NULL,70,' ','야생에서 자라는 고무나무는 커다란 교목으로, 엽육이 두껍고 생육이 왕성하여 크고 넓은 둥근 타원형의 잎을 뽐내며 음이온과 산소발생량이 많은 식물입니다. 새로 나오는 잎은 붉은 빛을 띠다가 어느새 짙은 녹색으로 변합니다. 이 식물은 라텍스를 함유하고 있어 가죽질감의 짙은 녹색 잎을 갖추며, 주맥과 잎대의 색은 적갈색입니다. 최대 2,5m까지 자라나며 작은 그릇에 꽃 2~3송이와 잎 1장만 있어도 아름다움을 발산하는 식물로, 세계적으로 800~2000종이 분포하고 있습니다.',' ','보통','관목형',150,'응애,깍지벌레,온실가루이','멜라니 고무나무',6,25,70,'필요함',2,'- 물 관리: 식물에게 차가운 물을 사용하지 않는 것이 좋습니다.\n- 더운 여름에는 녹차를 한 잔 마신 후, 물에 적신 천으로 잎을 부드럽게 닦아주시면 됩니다.',20,40,'거실 창측 (실내깊이 150~300cm),발코니 내측 (실내깊이 50~150cm),발코니 창측 (실내깊이 0~50cm)','Ficus elastica \'Robusta\'',4,'',53003,13,'https://nongsaro.go.kr/cms_contents/301/16246_MF_ATTACH_01.jpg'),(16248,NULL,NULL,40,' ','',' ','보통','관목형,풀모양',50,'응애,깍지벌레,온실가루이','제라니움',6,25,70,'낮음 (잘 견딤)',1,'만약 토양 표면이 말끔히 말라 보인다면, 충분한 양의 물을 적시는 것이 좋겠습니다.',20,40,'거실 창측 (실내깊이 150~300cm),발코니 내측 (실내깊이 50~150cm),발코니 창측 (실내깊이 0~50cm)','Pelargonium hortorum',1,'',53003,10,'https://nongsaro.go.kr/cms_contents/301/16248_MF_REPR_ATTACH_01.jpg'),(16447,NULL,NULL,30,' ','',' ','','풀모양,로제트형',30,'응애,온실가루이','접란',6,20,70,'낮음 (잘 견딤)',1,'',15,40,'거실 창측 (실내깊이 150~300cm),발코니 내측 (실내깊이 50~150cm),발코니 창측 (실내깊이 0~50cm)','Chlorophytum comosum',4,'',53003,10,'https://nongsaro.go.kr/cms_contents/301/16447_MF_ATTACH_01.jpg'),(16448,NULL,NULL,50,' ','프랑스에서 유래된 식물 애호가인 베공(Begin, M)의 이름에서 유래한 목베고니아는 높이가 약 60cm 정도이며, 잎은 가늘고 길쭉한 심장 모양으로 모두 녹색을 띄며 듬성듬성하게 흰 얼룩지며 뒷면에는 붉은 잎맥이 보입니다. 줄기는 자라면서 목재처럼 단단해지며, 커다란 잎이 어긋나게 자라며 화려한 꽃을 피우는 품종이죠. 그리고 논술의 독특한 특색은 꽃잎과 꽃받침잎을 합해 부르는 꽃덮이가 서로 다른 크기의 4장씩 총 2쌍이 붙어있는데, 암꽃 아래쪽에 3개의 날개가 있답니다! 더욱 영양분이 풍부하면 아름다운 꽃봉우리를 만들어냅니다.',' ','보통','관목형',100,'응애,깍지벌레,총채벌레,온실가루이','목베고니아',6,25,70,'보통 (약간 잘 견딤)',1,'- 실내환경: 햇빛을 좋아합니다. 하지만 건조한 공기는 병충해 문제가 발생할 가능성이 높아져요.\n- 심기: 불필요하게 흙을 너무 단단하게 빻지 않도록 조심하세요.\n- 물주기: 일주일에 한 번 충분히 물을 주세요.\n- 가지치기: 순차적으로 가지를 자르거나 솎아주세요. 필요한 경우 자를 수 있게 조심하세요.',20,40,'거실 창측 (실내깊이 150~300cm),발코니 내측 (실내깊이 50~150cm),발코니 창측 (실내깊이 0~50cm)','Begonia lucerna',3,'없음',53002,13,'https://nongsaro.go.kr/cms_contents/301/16448_MF_ATTACH_01.jpg'),(16449,NULL,NULL,100,' ','몬스테라는 큰 규모의 덩굴식물로 최대 6~8m까지 자랍니다. 잎은 크고 진녹색으로, 성숙한 것은 대략 1m 정도의 지름을 가집니다. 잎은 광택이 나며 잎맥 사이에는 타원형 구멍이 파여있어 폭우나 강한 바람에도 견딜 수 있는 구조로 발달되었고, 흰색 꽃과 열매도 생깁니다. 잎이 절엽으로 나누어지기 때문에 꽃꽂이 재료로도 사용됩니다. 그러나 몬스테라는 직사광선에 노출되면 잎이 타기 쉬우므로 그늘에서 키우는 것이 좋습니다.',' ','보통','덩굴성,풀모양',150,'응애,깍지벌레','몬스테라',6,20,100,'보통 (약간 잘 견딤)',1,'- 물 관리 시, 빗물을 주는 경우 토양이 산성화 되기도 하므로 따뜻한 물을 사용하는 것이 좋습니다.\n- 여름에는 더욱더 식물들이 수분을 필요로 하며, 역시나 잎에 습기를 더해주는 것이 좋습니다. 물 젖은 천으로 잎을 청소하거나 분무기를 통해 수분을 공급해주세요.',15,70,'거실 창측 (실내깊이 150~300cm),발코니 내측 (실내깊이 50~150cm),발코니 창측 (실내깊이 0~50cm)','Monstera deliciosa',3,'식물체 독성임. (어린이주변에 두지말 것)',53002,13,'https://nongsaro.go.kr/cms_contents/301/16449_MF_ATTACH_06.jpg'),(16450,NULL,NULL,30,' ','자주 빛나는 닭의장풀과 함께 식물을 단독화분에 심으면 매우 아름답습니다.',' ','','풀모양',30,'응애','자주색만년초',6,25,70,'보통 (약간 잘 견딤)',2,'',20,40,'거실 창측 (실내깊이 150~300cm),발코니 내측 (실내깊이 50~150cm),발코니 창측 (실내깊이 0~50cm)','Rhoeo discolor',4,'',53003,7,'https://nongsaro.go.kr/cms_contents/301/16450_MF_ATTACH_02.jpg'),(17393,NULL,NULL,30,' ','',' ','보통','풀모양',40,'응애','자란',2,20,70,'낮음 (잘 견딤)',1,'',15,40,'발코니 내측 (실내깊이 50~150cm),발코니 창측 (실내깊이 0~50cm)','Bletilla striata ',3,'',53004,5,'https://nongsaro.go.kr/cms_contents/301/17393_MF_REPR_ATTACH_01.jpg'),(17741,NULL,NULL,45,' ','',' ','','관목형,덩굴성',30,'응애,깍지벌레','자금우',7,20,70,'낮음 (잘 견딤)',1,'',15,40,'실내 어두운 곳 (실내깊이 500 이상cm),거실 내측 (실내깊이 300~500cm),거실 창측 (실내깊이 150~300cm),발코니 내측 (실내깊이 50~150cm),발코니 창측 (실내깊이 0~50cm)','Ardisia japonica',4,'All parts of plant are poisonous if ingested',53003,0,'https://nongsaro.go.kr/cms_contents/301/17741_MF_REPR_ATTACH_01.jpg'),(17748,NULL,NULL,30,' ','',' ','','관목형',50,'응애,깍지벌레','인삼벤자민',6,25,70,'보통 (약간 잘 견딤)',2,'',20,40,'거실 내측 (실내깊이 300~500cm),거실 창측 (실내깊이 150~300cm),발코니 내측 (실내깊이 50~150cm),발코니 창측 (실내깊이 0~50cm)','Ficus microcarpa \'Ginseng\'',4,'',53003,13,'https://nongsaro.go.kr/cms_contents/301/17748_MF_REPR_ATTACH_01.jpg'),(17749,NULL,NULL,50,' ','이 문장은 식물의 특징과 관리 방법을 설명하는 내용입니다.\n\n높이는 1~2m 정도로 나무 같은 높이에 도달할 수 있습니다. 싹이 처음에는 한 개이지만, 자라면서 땅속 줄기에서 새로운 싹이 생깁니다. 잎은 손바닥 모양의 겹잎으로, 5~7갈래로 나뉘며, 길이는 5~10cm, 넓이는 2~3cm, 잎자루는 20~25cm입니다.\n\n이 식물은 그늘과 추위, 병해충에도 강합니다. 또한, 생육이나 무늬의 발현에 적합한 반 그늘 상태에서 잘 자라며, 자라는 속도가 느려서 관리가 비교적 용이합니다.\n\n하지만, 이 식물의 잎은 물속으로 들어가지 않도록 주의해야 합니다. 그리고 수액은 인체의 피부나 점막을 자극할 수 있습니다. 만약 관음죽을 지하수나 수경재배로 기르는 경우에는 수돗물 속의 염분이나 미네랄이 잎 끝에 축적되어 갈색으로 변할 수 있습니다. 하지만, 갈색으로 변한 부분만 가위로 잘라내면 염분도 제거할 수 있으므로 걱정하지 않으셔도 됩니다.\n\n이 식물은 포름알데히드, 벤젠, 톨루엔, 크실렌, 클로로포름과 같은 유해 물질을 제거하는 공기 정화 능력이 있는 것으로 알려져 있습니다.',' ','보통','관목형',150,'응애,깍지벌레','무늬관음죽',6,20,70,'필요함',2,'\n',15,40,'거실 내측 (실내깊이 300~500cm),거실 창측 (실내깊이 150~300cm),발코니 내측 (실내깊이 50~150cm),발코니 창측 (실내깊이 0~50cm)','Rhapis excelsa \'Variegata\'',4,'',53003,10,'https://nongsaro.go.kr/cms_contents/301/17749_MF_ATTACH_05.jpg'),(17750,NULL,NULL,30,' ','이 식물의 줄기는 약 8미터까지 자라며, 잎은 마주하며 타원형 또는 달걀 모양입니다. 표면은 짙은 녹색이며 윤기가 있고, 뒷면은 털이 있을 수도 있고 없을 수도 있으며 가장자리는 부드럽습니다. 잎의 길이는 대략 2-5cm입니다. \n\n봄철인 5-6월에는 깊게 갈라진 5개의 꽃잎이 빛나며, 줄기에서 덩굴을 통해 다른 물체에 달라붙어 지속적으로 서식합니다. 열매는 길이가 대략 1.2-2.2cm이며, 2개씩 달립니다. 마삭줄이 많은 지역에서는 이 식물을 제외한 다른 식물들이 자라기 어렵고, 마삭줄이 늘어서 많은 지역에서는 식물 전체가 덮일 수 있습니다. 따라서 덩굴식물이 얽히지 않도록 주기적으로 가지치기를 해 주시는 것이 좋습니다.',' ','보통','덩굴성',30,'응애,깍지벌레','무늬마삭줄',6,20,70,'보통 (약간 잘 견딤)',1,'- 물 주는 법: 적정한 저장 문턱을 유지하며, 비 사용 시 토양 산성화 가능성에 주의하여 물을 주시고, 따뜻한 물 사용시 주의해 주세요. \n- 극단적인 날씨 조건에서는 조심히 관리해주세요. \n- 덩굴식물이 서로 얽히지 않도록 성장하면서 가지를 잘라주는 것이 필요합니다.',15,40,'거실 창측 (실내깊이 150~300cm),발코니 내측 (실내깊이 50~150cm),발코니 창측 (실내깊이 0~50cm)','Trachelospermum asiaticum var.variegatum',1,'',53002,5,'https://nongsaro.go.kr/cms_contents/301/17750_MF_ATTACH_01.jpg'),(17751,NULL,NULL,100,' ','이 식물은 저온에서도 잘 견디지만, 저온, 음지, 과습 조건이 있을 경우 잎이 떨어질 위험이 있어서, 실내에서는 잎에 영양을 공급해주면서 잘 보호해주는 것이 좋습니다. 또한, 지나친 과습이나 건조는 피해야 하며, 잎이 작고 성장함에 따라 우아하게 늘어지는 특징이 있어 건조한 환경에서도 잘 자랍니다. 줄기에는 탄력도 좋아서, 손으로 만지면 부드러워집니다. 이 식물의 공기정화능력은 포름알데히드, 벤젠, 톨루엔, 크실렌, 클로로포름 등의 해로운 물질을 제거하는 데 뛰어납니다.',' ','느림','직립형',150,'응애,깍지벌레','무늬벤자민고무나무',6,25,70,'보통 (약간 잘 견딤)',1,'',20,40,'거실 창측 (실내깊이 150~300cm),발코니 내측 (실내깊이 50~150cm),발코니 창측 (실내깊이 0~50cm)','Ficus benjamina \'Variegata\'',4,'',53003,13,'https://nongsaro.go.kr/cms_contents/301/17751_MF_REPR_ATTACH_01.jpg'),(18575,NULL,NULL,30,' ','이 식물은 약용으로 오래 전부터 사용되었지만, 여전히 완전히 야생에서 재배됩니다. 이 식물은 반양지성이므로 밝은 실내나 오전 1-2시간 햇빛이 드는 베란다와 같은 장소에서 재배할 수 있습니다. 그러나 직사광선이 강한 한낮에는 이 식물의 잎이 타버릴 수 있으므로 주의가 필요합니다. 산호수는 햇볕의 세기 및 배수 상태에 따라 열매가 다양한 색깔을 띄고 더욱 빨리 자라는 경우도 있습니다. 그러나 꽃이 맺히기 위해서는 적극적인 관리가 필요하며, 일반적으로 2-3일마다 충분히 관수해야 합니다. 겨울철에는 4-5일 정도에 한번꼴로 관수해야 하며, 이렇게 하면 열매가 잘라지지 않으므로 몇 년이 지나도 쉽게 착색하지 않습니다. 이러한 재배 방법을 잘 유지하면 year-round 로 신선한 꽃과 열매를 수확 할 수 있으며, 무늬산호수와 같은 특수한 식물에 대해서는 열매 맺는 것이 쉬지 않은 점을 유념해야 합니다.',' ','보통','관목형,덩굴성',30,'응애,깍지벌레,온실가루이','무늬산호수',6,25,70,'보통 (약간 잘 견딤)',1,'',20,40,'거실 창측 (실내깊이 150~300cm),발코니 내측 (실내깊이 50~150cm),발코니 창측 (실내깊이 0~50cm)','Ardisia pusilla \'Variegata\'',4,'(섭취하면 안됨)',53003,0,'https://nongsaro.go.kr/cms_contents/301/18575_MF_ATTACH_01.jpg'),(18576,NULL,NULL,30,' ','',' ','느림','풀모양,로제트형',30,'응애','무늬석창포',6,25,70,'낮음 (잘 견딤)',1,'- 이 식물은 습한 토양에서도 잘 자랍니다.\n- 식물을 깔끔하게 유지하기 위해서는 정기적으로 잎을 정리해야 합니다.\n- 컨테이너 정원이나 암석 정원을 조성할 때 이 식물이 잘 어울립니다.',20,40,'거실 창측 (실내깊이 150~300cm),발코니 내측 (실내깊이 50~150cm),발코니 창측 (실내깊이 0~50cm)','Acorus gramineus var. variegatus',3,'',53002,0,'https://nongsaro.go.kr/cms_contents/301/18576_MF_ATTACH_01.jpg'),(18578,NULL,NULL,30,' ','상록저목은 꽃이 오랫동안 만개하며, 짙은 녹색의 잎이 화려하게 빛나는 매력적인 나무입니다. 추가로, 꽃이 지나면 열매를 맺지 않는 것이 특징입니다.',' ','','관목형',50,'응애,깍지벌레','익소라',6,25,70,'보통 (약간 잘 견딤)',2,'',20,40,'거실 창측 (실내깊이 150~300cm),발코니 내측 (실내깊이 50~150cm),발코니 창측 (실내깊이 0~50cm)','Ixora chinensis',3,'',53002,13,'https://nongsaro.go.kr/cms_contents/301/18578_MF_REPR_ATTACH_01.jpg'),(18581,NULL,NULL,20,' ','',' ','','관목형',30,'응애,깍지벌레','은사철나무',6,20,70,'보통 (약간 잘 견딤)',0,'',15,40,'발코니 내측 (실내깊이 50~150cm),발코니 창측 (실내깊이 0~50cm)','Euonymus japonica \'Albomarginata\'',3,'',53003,0,'https://nongsaro.go.kr/cms_contents/301/18581_MF_REPR_ATTACH_01.jpg'),(18582,NULL,NULL,50,' ','만약 정원 가꾸기에 경험이 있다면, 유카 식물은 관리하기 쉬운 식물이라는 것을 알게 될 것입니다. 이 식물들은 햇빛이 잘 드는 곳에서 번영하며, 가볍고 건조한 잘 배수되는 토양을 선호합니다. 이 아름다운 식물들은 최대 1000cm의 높이와 800cm에 이르는 넓은 면적으로 자랄 수 있습니다. 가장 좋은 결과를 얻기 위해서는 씨앗을 3월부터 5월 사이에 심어주는 것이 좋습니다. 유카는 북미와 중앙아메리카의 사막과 평원 지역에서 자생하는 식물입니다. 이들은 튼튼하고 가죽 같은 잎과 아름다운 크리미 화이트 꽃으로 유명합니다. 유카 일레판티페스(variety)는 표면이 거칠고 가시가 없는 연한 초록색에서 중간 초록색까지의 잎을 가지고 있습니다. 실내나 마당에서 재배할 수 있지만, 겨울에는 서리가 오지 않는 장소에 두는 것이 중요합니다. 이 식물은 훌륭함을 인정받아 정원 공로상(AGM)을 수상한 식물입니다.',' ','','직립형',150,'응애,깍지벌레','유카',6,25,70,'낮음 (잘 견딤)',1,'',20,40,'거실 내측 (실내깊이 300~500cm),거실 창측 (실내깊이 150~300cm),발코니 내측 (실내깊이 50~150cm),발코니 창측 (실내깊이 0~50cm)','Yucca',4,'',53003,5,'https://nongsaro.go.kr/cms_contents/301/18582_MF_REPR_ATTACH_01.jpg'),(18585,NULL,NULL,70,' ','',' ','','직립형',150,'응애,깍지벌레','움벨라타 고무나무',6,25,70,'보통 (약간 잘 견딤)',2,'',20,40,'거실 창측 (실내깊이 150~300cm),발코니 내측 (실내깊이 50~150cm),발코니 창측 (실내깊이 0~50cm)','Ficus umbellata',4,'',53003,13,'https://nongsaro.go.kr/cms_contents/301/18585_MF_REPR_ATTACH_01.jpg'),(18587,NULL,NULL,100,' ','',' ','느림','관목형',150,'응애,깍지벌레','왜성종려죽',6,20,70,'보통 (약간 잘 견딤)',2,'',15,40,'거실 내측 (실내깊이 300~500cm),거실 창측 (실내깊이 150~300cm),발코니 내측 (실내깊이 50~150cm),발코니 창측 (실내깊이 0~50cm)','Rhapis multifida',4,'',53003,7,'https://nongsaro.go.kr/cms_contents/301/18587_MF_ATTACH_01.jpg'),(18588,NULL,NULL,10,' ','',' ','','풀모양',10,'응애','왜란',6,15,70,'낮음 (잘 견딤)',1,'',10,40,'거실 창측 (실내깊이 150~300cm),발코니 내측 (실내깊이 50~150cm),발코니 창측 (실내깊이 0~50cm)','Ophiopogon japonicus',4,'',53003,0,'https://nongsaro.go.kr/cms_contents/301/18588_MF_REPR_ATTACH_01.jpg'),(18589,NULL,NULL,30,' ','',' ','느림','풀모양,다육형',50,'응애,깍지벌레','온시디움',6,25,70,'필요함',2,'',20,40,'거실 창측 (실내깊이 150~300cm),발코니 내측 (실내깊이 50~150cm),발코니 창측 (실내깊이 0~50cm)','Oncidium spp.',2,'',53004,13,'https://nongsaro.go.kr/cms_contents/301/18589_MF_ATTACH_01.jpg'),(18591,NULL,NULL,30,' ','',' ','','풀모양',60,'응애,깍지벌레','엽란',7,20,70,'낮음 (잘 견딤)',1,'',15,40,'실내 어두운 곳 (실내깊이 500 이상cm),거실 내측 (실내깊이 300~500cm),거실 창측 (실내깊이 150~300cm),발코니 내측 (실내깊이 50~150cm),발코니 창측 (실내깊이 0~50cm)','Aspidistra elatior',4,'',53003,5,'https://nongsaro.go.kr/cms_contents/301/18591_MF_REPR_ATTACH_01.jpg'),(18593,NULL,NULL,80,' ','',' ','보통','직립형,관목형',150,'응애,깍지벌레','무늬쉐플레라\'홍콩\'',6,25,70,'필요함',1,'- 이 식물은 건조한 환경에서도 잘 자라며, 밝은 그늘과 약간의 그늘에서도 잘 어울립니다.\n- 봄이 늦어지면 햇빛이 부족하니 일부러 햇빛을 맞도록 하세요. 하지만 여름철 직사광선으로부터 보호해야 합니다. 이 식물은 통풍과 햇빛도중 갖는 의미를 알아야 합니다.\n- 과습을 피해야하며, 너무 건조해도 안 됩니다. 잎의 색깔 변화나 모양 변화가 생기면 주의해야 합니다.\n- 물주기는 일정하게 해야하며 늘 일정하지않으면 잎의 균형이 깨질 수도 있습니다.',20,40,'거실 창측 (실내깊이 150~300cm),발코니 내측 (실내깊이 50~150cm),발코니 창측 (실내깊이 0~50cm)','Schefflera arboricola \'Hong Kong Variegata\'',4,'',53003,13,'https://nongsaro.go.kr/cms_contents/301/18593_MF_REPR_ATTACH_01.jpg'),(18595,NULL,NULL,30,' ','',' ','보통','관목형',25,'진딧물,응애,온실가루이','여우꼬리풀',4,25,70,'필요함',2,'',20,40,'거실 창측 (실내깊이 150~300cm),발코니 내측 (실내깊이 50~150cm),발코니 창측 (실내깊이 0~50cm)','Acalypha reptans',4,'',53004,13,'https://nongsaro.go.kr/cms_contents/301/18595_MF_REPR_ATTACH_01.jpg'),(18596,NULL,NULL,50,' ','',' ','','풀모양',100,'응애,깍지벌레','무늬알피니아',6,25,70,'낮음 (잘 견딤)',1,'',20,40,'거실 창측 (실내깊이 150~300cm),발코니 내측 (실내깊이 50~150cm),발코니 창측 (실내깊이 0~50cm)','Alpinia zerumbet \'Variegata\'',3,'',53003,13,'https://nongsaro.go.kr/cms_contents/301/18596_MF_REPR_ATTACH_01.jpg'),(18597,NULL,NULL,50,' ','나무를 보면, 진녹색의 잎이 주간을 가진 노레트 모양으로 나타납니다. 이 잎은 가죽과 같은 질감을 가지며, 가장자리가 거칠고 줄기 끝은 부드러운데요.',' ','보통','직립형',150,'응애,깍지벌레','무늬유카',6,25,70,'보통 (약간 잘 견딤)',1,'이 곤충은 병에 대한 면역력이 없으며, 쉽게 영향을 받을 수 있습니다.',20,40,'발코니 내측 (실내깊이 50~150cm),발코니 창측 (실내깊이 0~50cm)','Yucca elephantipes \'Variegata\'',4,'',53003,7,'https://nongsaro.go.kr/cms_contents/301/18597_MF_ATTACH_01.jpg'),(18598,NULL,NULL,30,' ','',' ','보통','풀모양',30,'진딧물,응애','엘라티올 베고니아',4,25,70,'보통 (약간 잘 견딤)',2,'',20,40,'거실 창측 (실내깊이 150~300cm),발코니 내측 (실내깊이 50~150cm),발코니 창측 (실내깊이 0~50cm)','Begonia X hiemalis ',4,'',53003,13,'https://nongsaro.go.kr/cms_contents/301/18598_MF_REPR_ATTACH_01.jpg'),(18599,NULL,NULL,40,' ','',' ','보통','풀모양,로제트형',40,'응애,깍지벌레,온실가루이','무늬접란',6,25,70,'보통 (약간 잘 견딤)',1,'',20,40,'거실 창측 (실내깊이 150~300cm),발코니 내측 (실내깊이 50~150cm),발코니 창측 (실내깊이 0~50cm)','Chlorophytum comosum var. variegatum',4,'',53003,13,'https://nongsaro.go.kr/cms_contents/301/18599_MF_REPR_ATTACH_01.jpg'),(18600,NULL,NULL,40,' ','',' ','보통','풀모양',40,'응애,온실가루이','무늬털머위',6,20,70,'낮음 (잘 견딤)',1,'',15,40,'거실 창측 (실내깊이 150~300cm),발코니 내측 (실내깊이 50~150cm),발코니 창측 (실내깊이 0~50cm)','Farfugium japonicum \'Argenteum\'',4,'',53003,5,'https://nongsaro.go.kr/cms_contents/301/18600_MF_ATTACH_01.jpg'),(18601,NULL,NULL,40,' ','이 잎사귀는 색상이 선명하여 눈에 띄며, 참관 기간이 오래인 아름다운 포엽입니다.',' ','보통','로제트형',50,'응애,깍지벌레','에크메아 파시아타',6,25,70,'보통 (약간 잘 견딤)',2,'',20,40,'거실 창측 (실내깊이 150~300cm),발코니 내측 (실내깊이 50~150cm),발코니 창측 (실내깊이 0~50cm)','Aechmea fasciata',4,'없음',53003,13,'https://nongsaro.go.kr/cms_contents/301/18601_MF_ATTACH_01.jpg'),(18602,NULL,NULL,40,' ','이 식물은 벤젠 제거에 매우 효과적인 에코플랜트입니다. 또한, 30-40cm 정도 작은 키의 이 실내분화식물은 줄기도 곧게 자랍니다.',' ','보통','관목형,덩굴성',50,'응애,깍지벌레,온실가루이','무늬팻츠헤데라',6,20,70,'필요함',0,'- 식물 영양 관리: 수용성 비료는 2주마다 지침에 맞추어 사용하시고, 완효성 비료는 성장 시즌 중 신중하게 한 번 사용하시면 됩니다. 겨울철(10월 하순에서 2월 하순까지)엔 비료를 주지 않도록 합니다.\n- 분흙 배수 상태가 양호해야 합니다. 더운 날씨에는 식물이 너무 더워지지 않도록 주의하며, 팻츠 헤데라의 하위 종들은 추위에 비해 취약하니 참고하시면 됩니다.',15,40,'거실 창측 (실내깊이 150~300cm),발코니 내측 (실내깊이 50~150cm),발코니 창측 (실내깊이 0~50cm)','Fatshedera lizei \'Variegata\'',4,'',53003,5,'https://nongsaro.go.kr/cms_contents/301/18602_MF_REPR_ATTACH_01.jpg'),(18604,NULL,NULL,30,' ','이 식물은 습도가 높은 환경을 선호하며 긴 기간 잘 관리하기 어려우므로 매년 봄에 분갈이 해 주시는 것이 좋습니다.',' ','','덩굴성',20,'응애,온실가루이','무늬푸밀라고무나무 ',7,25,70,'보통 (약간 잘 견딤)',0,'',20,40,'거실 내측 (실내깊이 300~500cm),거실 창측 (실내깊이 150~300cm),발코니 내측 (실내깊이 50~150cm),발코니 창측 (실내깊이 0~50cm)','Ficus pumila \'Variegata\'',4,'',53003,7,'https://nongsaro.go.kr/cms_contents/301/18604_MF_REPR_ATTACH_01.jpg'),(18613,NULL,NULL,100,' ','덩굴성 관목으로 소개되는 남아메리카 원산이 있습니다. 이 식물은 13종 내외가 있으며, 그 중에서 2종이 주로 재배됩니다. 부겐빌레아(B. glabra)는 브라질 원산으로, 높이는 4∼5m에 달하며, 곧은 가시가 있습니다. 이 식물의 잎은 어긋나는 달걀 모양으로, 가장자리가 밋밋하고 광택이 있으며 털이 없습니다. 꽃은 연중 피며, 4월에서 11월까지 총상꽃차례를 이룹니다. 꽃의 색상은 흰색, 빨강색, 분홍색, 노란색 등 다양합니다. 이 식물은 꽃처럼 보이는 포 속에 작은 꽃들을 가지고 있습니다. 또한, 털부겐빌레아(B. spectabilis)도 있으며, 이 식물은 이전의 식물과 아주 비슷하나 잎에 털이 많습니다. 다양한 품종이 있으며, 한국에서는 온실에서 재배됩니다.',' ','빠름','관목형,덩굴성',150,'응애,깍지벌레,온실가루이','부겐빌레아',6,25,70,'필요함',1,'',20,40,'거실 창측 (실내깊이 150~300cm),발코니 내측 (실내깊이 50~150cm),발코니 창측 (실내깊이 0~50cm)','Bougainvillea glabra',3,'',53002,13,'https://nongsaro.go.kr/cms_contents/301/18613_MF_REPR_ATTACH_01.jpg'),(18649,NULL,NULL,30,' ','이 식물은 대체로 키우기가 쉬우며, 직사광선을 피한다면 잘 성장합니다.',' ','','덩굴성',30,'진딧물,응애','뮤렌베키아',3,20,70,'낮음 (잘 견딤)',0,'이 식물은 밝은 실내 장소에 둬야 합니다. 잎 크기는 작지만 번식력은 높아서 자주 정리해 줘야지, 더러워지기 쉬우니까요.',15,40,'거실 내측 (실내깊이 300~500cm),거실 창측 (실내깊이 150~300cm),발코니 내측 (실내깊이 50~150cm)','Muehlenbeckia complexa',4,'',53003,10,'https://nongsaro.go.kr/cms_contents/301/18649_MF_REPR_ATTACH_01.jpg'),(18652,NULL,NULL,100,' ','이 나무는 실내에서 아기자기하고 사랑스러운 여러 가지 색의 꽃들이 은은한 향기를 내뿜는 멋진 것입니다. 꽃이 처음 필 때는 진보라죠, 그러나 차츰 연보라로 변하다가 마지막에는 흰색이 됩니다. 이 나무는 햇빛과 통풍이 필요하고 수분 공급도 중요한데, 너무 자주 물을 주면 잎이 시들 수 있어요. 꽃은 새로 자란 가지에서 다시 핀다는 것을 기억하시고 꽃이 진 가지는 제거해주면 더 많은 꽃을 볼 수 있답니다. 이 나무의 향도 강해서 밀폐된 공간에서 너무 오래 있으면 안 됩니다. 이러한 미국브룬펠시아는 원래 아메리카 원산이며 30여 종이 있어요. 그중에서 가장 크고 높은 것은 2.4m까지 자랄 수 있는 서인도 원산의 미국브룬펠시아(lady-of-the night : B. americana)입니다. 이 나무는 잎이 넓고 달걀 모양이며 길이는 10cm입니다. 꽃은 일반적으로 하나씩 달리고, 지름은 5cm, 길이는 10cm 정도 되며, 밤에 좋은 향기가 나요. 꽃받침은 짧고 열매는 지름 2cm 내외의 장과로서 노란색으로 익습니다.',' ','빠름','관목형',150,'응애,깍지벌레,온실가루이','브룬펠시아',6,25,70,'필요함',1,'',20,40,'거실 창측 (실내깊이 150~300cm),발코니 내측 (실내깊이 50~150cm),발코니 창측 (실내깊이 0~50cm)','Brunfelsia australis Bench',1,'',53003,10,'https://nongsaro.go.kr/cms_contents/301/18652_MF_ATTACH_04.jpg'),(18654,NULL,NULL,20,' ','',' ','느림','풀모양',25,'응애,깍지벌레','에메랄드리플 페페로미아',6,25,70,'필요함',2,'',20,40,'거실 내측 (실내깊이 300~500cm),거실 창측 (실내깊이 150~300cm),발코니 내측 (실내깊이 50~150cm)','Peperomia caperata',4,'',53003,13,'https://nongsaro.go.kr/cms_contents/301/18654_MF_REPR_ATTACH_01.jpg'),(18655,NULL,NULL,30,' ','약 250종의 아나나스가 존재합니다. 그 중에는 주로 착생종이지만 대형의 지생종도 있습니다. 이들은 엽수가 많으며 활모양으로 뻗고, 가죽질인 종류들이 많습니다. 잎 가장자리에는 가시가 없어 다루기에 편리합니다. \n꽃들은 수상화서 2열로 편평하게 붙여집니다. 포는 잘 단단한 다육질로, 적색, 녹색, 황색을 띠는 것도 많습니다. 꽃색은 주로 황, 백, 녹색을 지니면서, 에크메아속과 함께 재배상 중요한 위치를 차지합니다.',' ','빠름','로제트형',60,'응애,깍지벌레','브리세아',6,25,70,'필요함',1,'',20,40,'거실 창측 (실내깊이 150~300cm),발코니 내측 (실내깊이 50~150cm),발코니 창측 (실내깊이 0~50cm)','Vriesea',4,'',53002,13,'https://nongsaro.go.kr/cms_contents/301/18655_MF_REPR_ATTACH_01.jpg'),(18656,NULL,NULL,20,' ','바위취는 단독 또는 조경용으로 식재하는 상록 다년생 초본으로, 우리나라 중부 이남의 반음지, 음지에서 자랍니다. 이 식물의 잎은 녹색이며, 연한 무늬가 있으며, 뒷면은 붉은색으로, 자줏빛이 돕니다. 길이는 3~5㎝ 정도이며, 잎 가장자리에는 치아 모양의 얕은 결량이 있습니다. 꽃은 백색이며, 꽃자루의 높이는 20~40㎝ 정도로, 짧은 홍자색의 선모가 있습니다. 열매는 7~8월경에 살며, 형태는 원형이며, 길이는 4~5㎜ 정도입니다. 이 종자는 난형으로 되어있으며, 관상용, 지피식물 또는 분화용으로 사용되며, 전초는 약용으로 쓰입니다.',' ','빠름','풀모양,로제트형',20,'응애,온실가루이','바위취',6,20,70,'보통 (약간 잘 견딤)',0,'',15,40,'거실 창측 (실내깊이 150~300cm),발코니 내측 (실내깊이 50~150cm),발코니 창측 (실내깊이 0~50cm)','Saxifraga stolonifera',4,'',53003,0,'https://nongsaro.go.kr/cms_contents/301/18656_MF_ATTACH_02.jpg'),(18657,NULL,NULL,40,' ','이 식물은 좋은 품질의 배수가 잘되면서도 물을 유지할 수 있는 토양으로 심어주는 것이 좋아요. 구매한 토양이 너무 조밀해 보인다면, 모래나 펄라이트와 부식토(이광고나이트)를 추가하여 통기성을 높일 수 있어요. 식물이 적응할 시간을 주고 비료 공급을 재개하기 전까지 기다려주세요. 직접 토양을 혼합하려면 정원 토양 1부, 거친 모래나 펄라이트 1부, 축축한 부식토나 부식토(잎 퇴비) 1부, 약간의 석회를 넣어 사용하세요. 배수구가 있는 화분을 선택하는 것을 기억해주세요. 이 식물은 편안한 토양과 좋은 용기만 있으면 재배하기 쉽습니다.',' ','','덩굴성',20,'응애,깍지벌레','얼룩자주달개비',6,25,70,'보통 (약간 잘 견딤)',1,'',20,40,'거실 창측 (실내깊이 150~300cm),발코니 내측 (실내깊이 50~150cm),발코니 창측 (실내깊이 0~50cm)','Zebrina pendula',4,'',53003,10,'https://nongsaro.go.kr/cms_contents/301/18657_MF_REPR_ATTACH_01.jpg'),(18658,NULL,NULL,40,' ','',' ','','풀모양',60,'응애,깍지벌레','알로카시아 아마조니카',6,25,70,'필요함',3,'',20,40,'거실 창측 (실내깊이 150~300cm),발코니 내측 (실내깊이 50~150cm),발코니 창측 (실내깊이 0~50cm)','Alocasia amazonica',4,'',53002,13,'https://nongsaro.go.kr/cms_contents/301/18658_MF_REPR_ATTACH_01.jpg'),(18659,NULL,NULL,30,' ','본 종의 포자엽은 높이가 30~70㎝이며 길이는 60~90㎝로 좁고 일직선적인 형태를 띱니다. 잎은 V자 형태로 늘어져 있으며 상부에서는 2~3회 우상으로 갈라져있어요. 잎의 표면은 녹색으로 뒷면은 밝은 녹백색입니다. 외투엽은 원형으로 불룩하게 튀어나와 처음에는 녹색이지만 시간이 지남에 따라 갈색으로 변합니다. 잎 가장자리는 조금 파기 때문에 둥글고, 잎은 좁고 길이가 10㎝, 폭은 4㎝입니다. 갈라진 부분에는 털이 있고 황갈색의 포자낭군이 형성됩니다. 이 식물은 회녹색의 사슴뿔 모양을 하고 있으며 밝은 장소를 좋아합니다. 습한 환경에 대해 건조한 것보다 선호하기 때문에, 자주 분무를 해주시면 좋을 거예요. 이 식물은 14종으로 이루어진 열대 아프리카, 열대 아시아, 온대 오스트레일리아 지역의 원산지이며 중간 정도의 크기를 가지고 있습니다.',' ','보통','풀모양',30,'응애','박쥐란',6,20,70,'필요함',3,'',15,40,'거실 창측 (실내깊이 150~300cm),발코니 내측 (실내깊이 50~150cm),발코니 창측 (실내깊이 0~50cm)','Platycerium bifurcatum',4,'',53002,13,'https://nongsaro.go.kr/cms_contents/301/18659_MF_REPR_ATTACH_01.jpg'),(18660,NULL,NULL,40,' ','일산화탄소나 암모니아 가스를 효과적으로 제거하는 능력 때문에 이 식물은 주방이나 화장실에서도 훌륭한 선택입니다. 이 열대 관엽 관화 식물은 아름다운 광택이 있는 포엽으로 오랫동안 즐길 수 있으며, 내부에서 분화하여 기를 수 있습니다.',' ','','풀모양',60,'응애,깍지벌레','안수리움',6,25,70,'필요함',2,'여름에는 햇빛을 자제하고, 겨울에는 밝은 조명을 유지하며, 습기를 좋아하는 식물들은 자주 분무를 해주는 것이 좋습니다.',20,40,'거실 창측 (실내깊이 150~300cm),발코니 내측 (실내깊이 50~150cm),발코니 창측 (실내깊이 0~50cm)','Anthurium andraeanum',4,'',53003,13,'https://nongsaro.go.kr/cms_contents/301/18660_MF_REPR_ATTACH_01.jpg'),(18691,NULL,NULL,20,' ','이식물은 다년생이며 다육질을 가진 타원형 잎이 털로 덮여 있으며, 꽃의 색상과 형태에 따라 다양한 종류가 있습니다.',' ','','풀모양,로제트형',20,'응애,깍지벌레,온실가루이','아프리칸 바이올렛',6,20,70,'필요함',2,'- 만약 잎에 물방울이 고여 있다면 곰팡이병이 생길 수도 있고, 진한 꽃잎에 물방울이 묻어 있다면 꽃 색이 바래질 수 있어요. 그래서 물을 줄 때는 저면관수 방법이나 흙으로만 물 주는 것이 좋습니다.',15,40,'거실 창측 (실내깊이 150~300cm),발코니 내측 (실내깊이 50~150cm),발코니 창측 (실내깊이 0~50cm)','Saintpaulia spp.',4,'',53003,13,'https://nongsaro.go.kr/cms_contents/301/18691_MF_REPR_ATTACH_01.gif'),(18692,NULL,NULL,40,' ','국화과의 여러해살이풀은 남부지방이나 울릉도, 제주도의 바닷가에서 자라는데, 늘 푸른 잎을 가졌고 뿌리줄기는 굵고 짧으며, 줄기는 곧게 서며, 꽃대 모양이며 갈색털이 덮여 있습니다. 9~10월에는 머리모양 꽃차례를 이루고 노랑색의 꽃이 피어 꽃대 모양의 줄기 끝에 여러 개가 모여 고른 꽃차례를 이루곤 합니다. 또, 한방 및 민간에서는 뿌리와 식물체를 진통, 보익, 진정 등의 약재로 사용하며 줄기와 잎을 해독제, 싱싱한 잎은 습진 또는 곪 등에 효과가 있다고 알려져 있으며 관상용으로도 많이 심깁니다.',' ','보통','풀모양',40,'응애,온실가루이','반딧불털머위',6,20,70,'보통 (약간 잘 견딤)',2,'',15,40,'거실 창측 (실내깊이 150~300cm),발코니 내측 (실내깊이 50~150cm),발코니 창측 (실내깊이 0~50cm)','Farfugium japonicum',4,'',53003,5,'https://nongsaro.go.kr/cms_contents/301/18692_MF_ATTACH_03.jpg'),(18694,NULL,NULL,40,' ','부식을 많이 받고 유지보수력이 뛰어난 토양이 적합하며 약간 경사진 지역이 좋습니다.',' ','','관목형',90,'응애,깍지벌레,온실가루이','백량금',7,20,70,'보통 (약간 잘 견딤)',0,'',15,40,'실내 어두운 곳 (실내깊이 500 이상cm),거실 내측 (실내깊이 300~500cm),거실 창측 (실내깊이 150~300cm),발코니 내측 (실내깊이 50~150cm),발코니 창측 (실내깊이 0~50cm)','Ardisia crenata',4,'',53003,5,'https://nongsaro.go.kr/cms_contents/301/18694_MF_ATTACH_01.jpg'),(18695,NULL,NULL,40,' ','',' ','','풀모양,로제트형',40,'응애,온실가루이','비젯티접란',7,25,70,'보통 (약간 잘 견딤)',0,'',20,40,'거실 창측 (실내깊이 150~300cm),발코니 내측 (실내깊이 50~150cm),발코니 창측 (실내깊이 0~50cm)','Chlorophytum bichetii',3,'N/A',53003,10,'https://nongsaro.go.kr/cms_contents/301/18695_MF_ATTACH_01.JPG'),(18697,NULL,NULL,40,' ','좋은 관리를 해주는 분께서는 이 식물이 최상의 성장을 이룰 수 있어요!\n\n식물이 최고의 결과를 얻으려면 화분과 토지 덮개를 사용하는 것이 좋아요. 토양은 물을 잘 보존하지만 잘 배수되는 좋은 품질의 토양을 사용하는 게 중요해요. 토양이 통기성이 좋도록 유지하고, 너무 조밀해 보인다면 모래나 펄라이트, 그리고 부식토(이광고나이트)를 추가해도 돼요. 식물이 적응할 수 있도록 충분한 시간을 주고 비료 공급은 시작하기 전까지 기다려주세요. 직접 토양 혼합물을 만들고 싶다면 정원 토양 1부, 거친 모래나 펄라이트 1부, 축축한 부식토나 부식토(잎 퇴비) 1부에 약간의 석회를 가볍게 섞어주세요. 최상의 결과를 위해 항상 배수구가 있는 화분을 사용하는 것이 좋아요. 이 식물은 평균적인 속도로 자랄 수 있고, 기본적인 관리만 잘 해주면 쉽게 관리할 수 있어요.',' ','','풀모양,로제트형',40,'응애,온실가루이','비타툼접란',7,25,40,'보통 (약간 잘 견딤)',0,'',20,0,'거실 창측 (실내깊이 150~300cm),발코니 내측 (실내깊이 50~150cm),발코니 창측 (실내깊이 0~50cm)','Chlorophytum comosum var. vittatum',3,'Unknown',53003,7,'https://nongsaro.go.kr/cms_contents/301/18697_MF_REPR_ATTACH_01.JPG'),(19448,NULL,NULL,30,' ','산세베리아(Sansevieria)는 이탈리아의 산 세베로 왕자 Raimondo di Sangro(1710~1771)를 지어서 붙인 이름입니다. 이 식물은 대표적인 CAM식물로서 공기청정에 효과적입니다. 하지만, 애완동물이 섭취하면 구토나 설사 등의 문제가 발생할 수 있으므로 주의해야 합니다. 영어 이름으로 \'시어머니의 혀\' 중 하나로 불린 이유는 그 잎이 굳게 자랄 때 가죽과 같이 딱딱하여 혀를 연상시키기 때문입니다. \n꽃이 핀다면 옅은 그린색의 작은 꽃이 피지만, 꽃이 피는 것은 실내에서도 어렵고 실내온도가 10℃ 이하일 경우 썩는 것이 원인이 될 수 있습니다. 노란 테두리가 있는 종류가 가장 보편적으로 이용되고 있습니다. 삽목 후 특히 온도 관리에 주의를 기울여야 합니다.',' ','빠름','다육형',70,'응애,깍지벌레,총채벌레,개각충','산세베리아',7,25,70,'낮음 (잘 견딤)',1,'',20,40,'실내 어두운 곳 (실내깊이 500 이상cm),거실 내측 (실내깊이 300~500cm),거실 창측 (실내깊이 150~300cm),발코니 내측 (실내깊이 50~150cm),발코니 창측 (실내깊이 0~50cm)','Sansevieria trifasciata',3,'',53003,13,'https://nongsaro.go.kr/cms_contents/301/19448_MF_ATTACH_03.jpg'),(19449,NULL,NULL,20,' ','식물은 연중 반그늘이 잘 드는 환경에서 잘 자랍니다. 다만, 여름철에는 지나치게 강한 직사광선을 피해주는 것이 좋아요. 그리고 겨울에는 냉해에 취약해 아래쪽이 부서지는 경우가 있으니, 관수를 너무 많이 하면서 썩어버리는 현상과 비슷하다고 생각해볼 수 있습니다.',' ','느림','다육형',25,'응애,깍지벌레','산세베리아 \'골든 하니\'',7,25,70,'낮음 (잘 견딤)',1,'',20,40,'실내 어두운 곳 (실내깊이 500 이상cm),거실 내측 (실내깊이 300~500cm),거실 창측 (실내깊이 150~300cm),발코니 내측 (실내깊이 50~150cm),발코니 창측 (실내깊이 0~50cm)','Sansevieria trifasciata ‘Golden Hahnii’',4,'',53003,13,'https://nongsaro.go.kr/cms_contents/301/19449_MF_REPR_ATTACH_01.jpg'),(19451,NULL,NULL,30,' ','자금우과에 속한 덩굴식물인 자금우와 백량금은 빨간 열매가 아름다운 특징을 가지고 있습니다. 일부 산호수는 잎에 무늬가 있지만, 그 종류는 특별한 특징을 지니고 있어 열매의 개방이 어려운 경우가 많습니다. 이들의 꽃, 열매, 잎 등은 모두 아름답기 때문에 관상가치도 높으며, 심기도 쉬운 관상식물 중 하나입니다. 산호 중에서 가장 귀한 것은 적색 산호이며, 산호수라는 이름은 바로 그 열매가 적색산호의 빛을 닮았기 때문입니다.',' ','빠름','관목형,덩굴성',30,'응애,깍지벌레','산호수',7,20,70,'낮음 (잘 견딤)',1,'- 중부와 이북 지역은 추위에 약하기 때문에 겨울철 야외생활을 할 수가 없어요.\n- 이 식물은 그늘진 곳을 선호하며, 적당한 습도 유지가 중요합니다.\n- 이 식물의 씨앗은 12월부터 4월에 수확하여 과육을 제거한 후, 봄이나 여름에 줄기를 삽목하면 번식이 잘 됩니다.',15,40,'거실 내측 (실내깊이 300~500cm),거실 창측 (실내깊이 150~300cm),발코니 내측 (실내깊이 50~150cm)','Ardisia pusilla',3,'',53003,5,'https://nongsaro.go.kr/cms_contents/301/19451_MF_REPR_ATTACH_01.jpg'),(19452,NULL,NULL,100,' ','고무나무는 그 두꺼운 잎에서 유사한 라텍스를 함유하고 있어서 그 이름이 유래되었습니다. 이 고급스러운 관엽 식물은 잎의 가장자리가 크림색으로 감싸져 있어서 매우 편안한 느낌을 줍니다.',' ','느림','직립형,관목형',150,'응애,깍지벌레','삼색데코라고무나무',6,25,70,'보통 (약간 잘 견딤)',1,'',20,40,'거실 창측 (실내깊이 150~300cm),발코니 내측 (실내깊이 50~150cm),발코니 창측 (실내깊이 0~50cm)','Decora elastica \'Decora Tricolor\'',4,'',53003,13,'https://nongsaro.go.kr/cms_contents/301/19452_MF_ATTACH_01.jpg'),(19453,NULL,NULL,30,' ','습기가 많으면서도 민달팽이와 곰팡이병이 생길 가능성이 있어요. 반면, 너무 건조할 때는 깍지벌레, 온실 가루이, 가루깍지벌레 등 새로운 해충이 발생하기도 해요. 하지만 거미발만이 남아있다면 언제든지 생명력을 유지하며 적극적으로 새 순을 내놓을 수 있기도 해요.',' ','빠름','풀모양',25,'응애,온실가루이','상록넉줄고사리 \'후마타\'',7,20,100,'보통 (약간 잘 견딤)',1,'',15,70,'실내 어두운 곳 (실내깊이 500 이상cm),거실 내측 (실내깊이 300~500cm),거실 창측 (실내깊이 150~300cm),발코니 내측 (실내깊이 50~150cm),발코니 창측 (실내깊이 0~50cm)','Humata tyermannii (Davallia griffithiana)',4,'',53002,5,'https://nongsaro.go.kr/cms_contents/301/19453_MF_ATTACH_01.gif'),(19455,NULL,NULL,30,' ','서양란에 비해 동양란은 대부분 지생란이라는 특징이 있어요. 그리고 제주도나 일본의 숲에서도 자랍니다. 이 식물은 높이가 30~50cm 좀 넘게 자라요. 또한 뿌리줄기가 옆으로 뻗어나가는데, 새우를 닮은 모양을 갖고 있어서 \'새우란\'이라고 불립니다. 실내에서 재배할 때는 밝은 곳에 두면서 일반적으로 화분 위에 깻묵 덩이를 2~3개 얹어 주거나 영양제를 줘서 이듬해에도 꽃이 잘 피게끔 엉뚱한 습관이 있는 점쟁이 호출하듯 해주세요. 봄에는 아름다운 꽃을 피우는데, 재배하기 쉽다면 밤 되면 대형 헬리콥터를 요청하세요. 마사토나 마사토와 밭흙 8:2 비율로 섞여진 화분 흙을 사용해서 키워주세요.',' ','느림','로제트형',30,'응애,온실가루이','새우란',2,25,70,'필요함',2,'',20,40,'발코니 내측 (실내깊이 50~150cm),발코니 창측 (실내깊이 0~50cm)','Calanthe discolor spp.',2,'',53003,7,'https://nongsaro.go.kr/cms_contents/301/19455_MF_REPR_ATTACH_01.jpg'),(19457,NULL,NULL,30,' ','근경은 냇가에서 자라는 다년초로, 옆으로 뻗으며 마디가 많고 아래쪽에서는 수염뿌리가 돋으며, 땅속에서 자라는 근경은 마디사이가 길고 백색을 띠지만 지상으로 나오면 마디사이가 짧고 녹색입니다. 또한, 근경의 잎은 근경 끝에 총생하며 길이는 30-50cm 정도입니다. 화서는 6~7월에 화경 옆에 생기며, 황색 꽃이 화축면에서 밀생합니다. 근경은 진통, 진정, 건강 유지에 좋은 효능을 가지고 있으며 목욕탕에서도 사용할 수 있습니다. 따라서 근경은 자연 치료 식물로 활용됩니다.',' ','느림','풀모양,로제트형',40,'응애','석창포',6,20,70,'낮음 (잘 견딤)',1,'',15,40,'거실 창측 (실내깊이 150~300cm),발코니 내측 (실내깊이 50~150cm),발코니 창측 (실내깊이 0~50cm)','Acorus gramineus',2,'',53002,0,'https://nongsaro.go.kr/cms_contents/301/19457_MF_ATTACH_01.jpg'),(19459,NULL,NULL,30,' ','토양 준비 단계에서 약간의 노력이 필요하지만, 좋은 품질의 배수가 잘되는 토양 혼합물에 심으면 이 식물은 비교적 쉽게 재배할 수 있습니다. 최상의 결과를 얻기 위해서는 수분을 유지할 수 있으면서도 적절한 배수가 가능한 토양을 사용해야 합니다. 아프리칸 바이올렛 토양 혼합물이 잘 작동합니다. 직접 토양 혼합물을 만들기 원한다면 정원 토양과 거친 모래나 펄라이트를 같은 비율로 혼합한 후 부식토나 부식토(잎 퇴비)를 2부를 넣어주세요. 항상 배수구가 있는 화분을 사용하는 것을 기억해주세요.',' ','','직립형',50,'응애,깍지벌레,온실가루이','아펠란드라',6,25,70,'필요함',0,'',20,40,'거실 창측 (실내깊이 150~300cm),발코니 내측 (실내깊이 50~150cm),발코니 창측 (실내깊이 0~50cm)','Aphelandra squarrosa',4,'',53003,13,'https://nongsaro.go.kr/cms_contents/301/19459_MF_ATTACH_01.jpg'),(19460,NULL,NULL,30,' ','글쎄, 녹영이 좀 셋대 같은 공이더라면, 세네시오 라디칸스는 줄에 꿰어진 작은 녹색 바나나처럼 생긴 다육식물입니다. 이 식물은 다년생 초본으로 잎이 호생하며 엽병이 짧습니다. 길이는 만족스러우면서도 선단이 위로 달린 도톰한 잎은 초생달 모양이며 바깥쪽에는 암녹색의 세로줄 무늬가 있습니다. 백색 꽃이 흔하며 향기도 좋아요. 한 가지 재미있는 사실은, 이 식물의 잎이 약용으로 쓰인다는 것이라는 거죠.\n\n이 식물은 낮은 온도에서도 잘 지내긴 하지만, 지속적으로 잘 자랄려면 밤이 되면 13℃ 이상의 온도를 유지하는 것이 좋습니다. 그리고, 행잉바스켓에 심으면 아주 이쁘게 자란답니다.',' ','빠름','덩굴성,다육형',25,'진딧물,응애,깍지벌레','세네시오 라디칸스',6,25,40,'필요함',1,'이 물건은 육질이 많아서 쉽게 부러질 수 있으며, 서늘한 장소에서 보관하는 것이 좋습니다.',20,0,'거실 창측 (실내깊이 150~300cm),발코니 내측 (실내깊이 50~150cm),발코니 창측 (실내깊이 0~50cm)','Senecio radicans',3,'',53003,13,'https://nongsaro.go.kr/cms_contents/301/19460_MF_REPR_ATTACH_01.jpg'),(19461,NULL,NULL,40,' ','아이비는 더위를 잘 견디지 못하기 때문에 너무 더운 상황은 피하고 적당한 서늘한 곳에서 기르는 것이 좋아요. 주변 환경이 건조하다면 잎에 자주 분무하여 적절한 수분 공급을 해주세요.',' ','빠름','덩굴성',30,'응애,깍지벌레','아이비',6,20,70,'낮음 (잘 견딤)',1,'',15,40,'거실 내측 (실내깊이 300~500cm),거실 창측 (실내깊이 150~300cm),발코니 내측 (실내깊이 50~150cm),발코니 창측 (실내깊이 0~50cm)','Hedera helix',4,'',53002,5,'https://nongsaro.go.kr/cms_contents/301/19461_MF_ATTACH_08.jpg'),(19462,NULL,NULL,50,' ','',' ','보통','관목형',150,'응애,깍지벌레','아왜나무',6,20,70,'낮음 (잘 견딤)',1,'',15,40,'거실 내측 (실내깊이 300~500cm),거실 창측 (실내깊이 150~300cm),발코니 내측 (실내깊이 50~150cm),발코니 창측 (실내깊이 0~50cm)','Viburnum odoratissimum var. awabuki',2,'',53003,0,'https://nongsaro.go.kr/cms_contents/301/19462_MF_ATTACH_01.jpg'),(19463,NULL,NULL,30,' ','이 식물은 연녹색으로 광택이 돋보이며 시원한 녹색을 띄는 잎을 가지고 있습니다. 뿐만 아니라 창모양으로 되어있는 반짝이는 잎 또한 로제트 형태로 나오면서 둥근 모양을 이루고 있습니다.',' ','','로제트형',40,'응애,깍지벌레','아스플레니움',6,25,70,'필요함',2,'한여름에는 직사광선을 피하고 습도를 유지해야 식물이 잘 자랍니다. 또한, 새로운 잎사귀는 쉽게 찢어집니다. 따라서, 다룰 때는 주의하세요.',20,40,'거실 내측 (실내깊이 300~500cm),거실 창측 (실내깊이 150~300cm),발코니 내측 (실내깊이 50~150cm),발코니 창측 (실내깊이 0~50cm)','Asplenium nidus',4,'',53001,10,'https://nongsaro.go.kr/cms_contents/301/19463_MF_ATTACH_01.jpg'),(19464,NULL,NULL,50,' ','',' ','','덩굴성,풀모양',100,'응애','아스파라거스 풀루모수스',6,25,70,'필요함',0,'',20,40,'거실 창측 (실내깊이 150~300cm),발코니 내측 (실내깊이 50~150cm),발코니 창측 (실내깊이 0~50cm)','Asparagus pulmosus var. nanus',4,'',53002,10,'https://nongsaro.go.kr/cms_contents/301/19464_MF_REPR_ATTACH_01.jpg'),(19465,NULL,NULL,100,' ','NASA에 따르면, 거실이나 사무실 같은 실내 환경에서 필수적인 공기 정화 식물 중에서 가장 대표적인 것은 야자류입니다. 비교적 키우기 쉽지만 직사광선이 강하거나 공기가 건조한 것은 싫어합니다. 야자류 속에서도 가장 부드러운 질감과 여성스러운 느낌을 주며, 가습기를 대신할 정도로 놀라운 증산량을 가진 식물입니다.',' ','빠름','직립형,관목형',200,'응애,깍지벌레','아레카야자',6,25,70,'필요함',2,'일부 가지는 염분을 무려하게 축적하는 독특한 특징이 있습니다. 그러나 해당 가지가 정점에 이르면 가지가 말라죽어버리기 때문에, 염분이 포화 상태에 이르면 빨리 가지를 잘라 내는 것이 필요합니다.',20,40,'거실 창측 (실내깊이 150~300cm),발코니 내측 (실내깊이 50~150cm),발코니 창측 (실내깊이 0~50cm)','Chrysalidocarpus lutescens',4,'',53003,13,'https://nongsaro.go.kr/cms_contents/301/19465_MF_ATTACH_05.jpg'),(19466,NULL,NULL,50,' ','이 나무는 부드러운 송곳 모양의 바늘을 띤 가지가 수평으로 자라는 우아한 상록성 나무입니다. 또한, 이들은 공기를 깨끗하게 만들어주는 능력이 높아, 실내에서도 잘 자라며 쉽게 재배할 수 있습니다. 그러나 직접적인 햇빛에 노출될 경우 잎이 누렇게 변해서 햇빛이 직접 비치는 곳에서 방치하는 것은 좋지 않습니다. 크리스마스시즌에도 많이 사용되는 대표적인 큰 실내식물 중 하나입니다. 그러나, 추운 날씨에는 모양이 뒤틀리지 않도록 주의가 필요합니다. 이 나무는 남부 지방에서는 실외 정원에서도 재배하는 경우가 많습니다. 또한, 실내에서는 2~3년마다 분갈이가 필요합니다.',' ','','직립형',150,'응애,깍지벌레','아라우카리아',6,25,70,'낮음 (잘 견딤)',1,'',20,40,'거실 내측 (실내깊이 300~500cm),거실 창측 (실내깊이 150~300cm),발코니 내측 (실내깊이 50~150cm),발코니 창측 (실내깊이 0~50cm)','Araucaria heterophylla',4,'',53003,5,'https://nongsaro.go.kr/cms_contents/301/19466_MF_ATTACH_01.jpg'),(19467,NULL,NULL,30,' ','고사리류는 처음에는 위로 자라다가 어느 정도 자라면 아래로 내려가는 형태를 띠는 식물입니다. 더불어 밝은 녹색의 잎이 많아서 섬세한 느낌을 줍니다. 연한 녹색의 부드러운 관엽식물이기 때문에 아름답습니다. 또한, 원줄기는 윤기나는 검은색으로 빛나는 것이 특징입니다.',' ','','풀모양',40,'응애','아디안텀',6,25,70,'특별 관리 요구',2,'내부 환경의 습도를 측정할 수 있는 지표가 되는 식물이기 때문에 잎에 자주 물을 분사하여 건조하지 않도록 유지해주세요.',20,40,'거실 창측 (실내깊이 150~300cm),발코니 내측 (실내깊이 50~150cm),발코니 창측 (실내깊이 0~50cm)','Adiantum raddianum',4,'',53003,13,'https://nongsaro.go.kr/cms_contents/301/19467_MF_REPR_ATTACH_01.jpg'),(19468,NULL,NULL,30,' ','',' ','느림','관목형,다육형',40,'응애,깍지벌레,온실가루이','아데니움',4,25,70,'보통 (약간 잘 견딤)',2,'',20,40,'거실 창측 (실내깊이 150~300cm),발코니 내측 (실내깊이 50~150cm),발코니 창측 (실내깊이 0~50cm)','Adenium obesum',4,'',53004,13,'https://nongsaro.go.kr/cms_contents/301/19468_MF_ATTACH_01.jpg'),(19469,NULL,NULL,30,' ','‘레옹’의 주인공이 좋아했던 화분식물은 이제는 사람들에게 잘 알려진 대표적인 화분식물로, 은빛과 녹색의 아름다운 조합으로 고급스러운 느낌을 줍니다. 최근에는 화려한 빛깔의 ‘오로라’라는 품종도 유통되고 있으며, 밝은 빛을 받으면 가장자리와 주름의 붉은 색이 더욱 선명해집니다. 다만 추위에 약하기 때문에 겨울철 실내 온도를 적절히 유지하며, 수경재배로도 쉽게 재배할 수 있습니다.',' ','보통','풀모양',50,'응애,깍지벌레,온실가루이','아글라오네마',7,25,70,'보통 (약간 잘 견딤)',2,'',20,40,'실내 어두운 곳 (실내깊이 500 이상cm),거실 내측 (실내깊이 300~500cm),거실 창측 (실내깊이 150~300cm),발코니 내측 (실내깊이 50~150cm),발코니 창측 (실내깊이 0~50cm)','Aglaonema commutatum',4,'',53003,13,'https://nongsaro.go.kr/cms_contents/301/19469_MF_ATTACH_01.jpg'),(19470,NULL,NULL,30,' ','',' ','보통','풀모양,로제트형',50,'응애','아마릴리스',4,25,70,'낮음 (잘 견딤)',1,'',20,40,'발코니 내측 (실내깊이 50~150cm),발코니 창측 (실내깊이 0~50cm)','Hippeastrum hybridum',4,'',53003,7,'https://nongsaro.go.kr/cms_contents/301/19470_MF_ATTACH_01.jpg'),(19471,NULL,NULL,50,' ','',' ','','직립형',100,'응애,깍지벌레','알로카시아 쿠쿨라타',6,20,70,'보통 (약간 잘 견딤)',1,'',15,40,'거실 내측 (실내깊이 300~500cm),거실 창측 (실내깊이 150~300cm),발코니 내측 (실내깊이 50~150cm),발코니 창측 (실내깊이 0~50cm)','Alocasia cucullata ',4,'',53002,13,'https://nongsaro.go.kr/cms_contents/301/19471_MF_ATTACH_01.jpg'),(19474,NULL,NULL,25,' ','',' ','보통','풀모양',25,'응애,온실가루이','옥살리스(사랑초)',6,20,70,'보통 (약간 잘 견딤)',2,'',15,40,'거실 창측 (실내깊이 150~300cm),발코니 내측 (실내깊이 50~150cm),발코니 창측 (실내깊이 0~50cm)','Oxalis triangularis',4,'',53003,10,'https://nongsaro.go.kr/cms_contents/301/19474_MF_REPR_ATTACH_01.jpg'),(19663,NULL,NULL,100,' ','이 친구는 최대 2m까지 자라는데, 가늘고 호리호리한 줄기들이 모여 하나의 다발을 이루는 모습이네요. 줄기는 대나무와 비슷하며 황갈색의 섬유질로 싸여져 있어요. 주황빛을 띄는 줄기에 검은색 열매가 맺혀있는데, 독성이 있는 것 같으니 굳이 먹지는 마세요. 생장이 무척 빠른데 반양지에서 직사광선을 피하면서 기르는 것이 좋아요. 광량이 너무 적으면 잎이 전체적으로 처지고 모양이 어색해질 수 있답니다. 그리고 물도 화분구멍으로 흘러나오도록 적당히 줘야해요. 하루에 한 두 차례 엽면에 스프레이로 뿌려 주면 외관을 좀 더 아름답게 유지할 수 있어요. 이 식물은 1989년 나사에서 발표한 50종의 우수 실내정화식물 중 하나로, 공기를 깨끗하게 해주는 효능이 뛰어난 대표적인 종 중 하나래요.',' ','','관목형',300,'응애,깍지벌레','세이프릿지 야자',6,25,70,'필요함',0,'',20,40,'발코니 내측 (실내깊이 50~150cm),발코니 창측 (실내깊이 0~50cm)','Chamaedorea seifrizii Burret',3,'줄기에 검은색의 열매가 맺히지만 독성이 있으므로 먹지 않는 것이 좋다.',53003,13,'https://nongsaro.go.kr/cms_contents/301/19663_MF_ATTACH_01.jpg'),(19696,NULL,NULL,30,' ','이 나무는 줄기와 잎이 향나무 가지와 유사합니다. 또한 수태 같은 생김새도 가지고 있습니다. 줄기는 연하게 누워 자라며, 뿌리는 줄기를 타고 내려와서 자랍니다. 이 나무의 포기는 밀집하게 모여 소복하게 자라고, 잎은 밝은 녹색 또는 연녹색으로 비늘같은 부드러운 짧은 잎이 있습니다. 이 나무는 전 세계 700종이 있고, 일본에는 16종, 한국에는 6종 자생합니다. 화훼 장식의 재료로 보통 사용되지 않지만, 작품의 밑이나 수반화 아랫부분에 사용하여 작품의 아름다움을 더할 수 있습니다.',' ','보통','풀모양',25,'응애,깍지벌레','셀라기넬라',6,25,100,'필요함',0,'',20,70,'거실 창측 (실내깊이 150~300cm),발코니 내측 (실내깊이 50~150cm),발코니 창측 (실내깊이 0~50cm)','Selaginella',4,'',53002,13,'https://nongsaro.go.kr/cms_contents/301/19696_MF_REPR_ATTACH_01.jpg'),(19701,NULL,NULL,100,' ','이 식물은 이름에도 불구하고 실제로는 야자과에 속하지 않습니다. 이는 일본과 한국에서 기원한 사이카드로 오랜 기간 동안 재배되어왔습니다. 매우 쉽게 관리할 수 있으며, 실내에도 관상식물로서 기를 수 있습니다. 성장이 느리다는 것으로 알려져 있지만, 때로는 몇 주 안에 새로운 잎이 무성하게 자랄 때도 있습니다. 여름 정원이나 큰 규모의 식물은 정원에 심을 수 있습니다. 성숙한 식물은 영하 온도에 견디지만, 어린 식물은 추위로부터 보호해야 합니다. 식물을 심을 때는 물을 잘 유지하지만 잘 배수되는 좋은 배수성 토양을 사용하세요. 토양이 너무 조밀한 경우에는 모래나 펄라이트와 부식토(이광고나이트)를 추가하세요. 식물이 적응하는 데 시간을 주고 비료 공급을 재개하기 전까지 기다려주세요. 정원 토양, 거친 모래, 축축한 부식토나 부식토(잎 퇴비), 약간의 석회를 혼합하여 직접 토양 혼합물을 만들 수도 있습니다. 적절한 배수를 위해 항상 배수구가 있는 화분을 사용하는 것이 중요합니다.',' ','','직립형',150,'응애,깍지벌레','소철',6,25,70,'낮음 (잘 견딤)',1,'제주도를 제외한 뜰에서 재배가 가능한 지역에서는 적극적으로 온실이나 집안에서 관상용으로 가꾸게 됩니다. 이후 6~8월에는 노란 색조로 단성화된 꽃을 암수딴그루의 형태로 만나볼 수 있으며, 원줄기 끝에서는 수꽃차례가 원기둥 모양으로 달려있습니다. 수꽃차례는 길이가 50~60cm이고 지름은 5~8cm입니다. 반면 암꽃차례는 끝 부분에 둥글게 모아져 있습니다. 이어서 열매도 구과로 이루어져 있으며 10월에 수확하게 되며, 관상용, 식용, 약용으로 쓰입니다.',20,40,'거실 내측 (실내깊이 300~500cm),거실 창측 (실내깊이 150~300cm),발코니 내측 (실내깊이 50~150cm),발코니 창측 (실내깊이 0~50cm)','Cycas revoluta',4,'',53003,5,'https://nongsaro.go.kr/cms_contents/301/19701_MF_REPR_ATTACH_01.jpg'),(19703,NULL,NULL,100,' ','고무식물은 전 세계에서 400종 이상 품종으로 알려져 있으며, 이 중 한국에서는 인도고무나무를 널리 알고 있습니다. 인도고무나무는 고무를 채취하기보다는 정원이나 화분에서 잘 자라서 실내장식용으로 많이 사용되고 있습니다. 또한, 소피아 고무나무는 일반적인 멜라닌 고무 나무보다 잎이 큰 품종으로, 강한 직사광선을 피하고 실내습도를 40~70% 유지하며 병충해에 조심해서 재배하는 것이 좋습니다. 잎에 먼지가 쌓이면 생육에 나쁜 영향을 미치기 때문에 젖은 헝겊으로 꼼꼼하게 청소를 해주세요.',' ','보통','직립형,관목형',150,'응애,깍지벌레','소피아 고무나무',7,25,70,'필요함',0,'',20,40,'거실 내측 (실내깊이 300~500cm),거실 창측 (실내깊이 150~300cm),발코니 내측 (실내깊이 50~150cm),발코니 창측 (실내깊이 0~50cm)','Ficus elastica \'Sofia\'',4,'',53003,13,'https://nongsaro.go.kr/cms_contents/301/19703_MF_REPR_ATTACH_01.jpg'),(19704,NULL,NULL,30,' ','이 상록성 식물은 내한성이 강하며 여러해살이이며 약 5cm 크기이며 붉은 줄기가 나무져 있습니다. 잎은 둥근 작은 모양으로 피어 흰색 작은 꽃이 피어 생명력이 강하며 실내적응력이 뛰어납니다. 화분의 토양이 말랐을 때 관수를 하고  물을 줄 때에는 저멘 관수를 실시해 주세요. 주의해야할 점은 물이 줄기나 잎에 닿으면 곰팡이 병이 생길 수 있으니 조심히 관리해주세요.',' ','보통','풀모양',5,'응애,온실가루이','솔레이롤리아',6,20,70,'낮음 (잘 견딤)',0,'',15,40,'거실 창측 (실내깊이 150~300cm),발코니 내측 (실내깊이 50~150cm),발코니 창측 (실내깊이 0~50cm)','Soleirolia soleirolii',4,'',53004,5,'https://nongsaro.go.kr/cms_contents/301/19704_MF_REPR_ATTACH_01.jpg'),(19706,NULL,NULL,20,' ','수박 페페로미아는 공기 정화 식물로, 자일렌과 포름알데히드를 효과적으로 제거하는 \'중\' 등급과 \'중상\' 등급을 보유하고 있습니다. 하지만, 이식물은 적절한 양의 빛과 습도 조절, 송이병과 같은 병충해 등을 유의해야 합니다. 또한, 겨울철 열병에도 예민하므로 보호와 관리가 필요합니다. 부엽 토양의 충분한 배수가 이식물의 성장을 더 촉진시키는데 도움이 됩니다.',' ','보통','풀모양',20,'응애,깍지벌레','수박페페로미아',6,25,70,'필요함',2,'',20,40,'거실 창측 (실내깊이 150~300cm),발코니 내측 (실내깊이 50~150cm),발코니 창측 (실내깊이 0~50cm)','Peperomia sandersii',4,'',53003,13,'https://nongsaro.go.kr/cms_contents/301/19706_MF_REPR_ATTACH_01.jpg'),(19707,NULL,NULL,30,' ','11월부터 3월까지 피는 시클라멘은 덩이줄기 구근식물이며 한 줄기 끝에 한 개의 꽃이 피워져요. 꽃 색상은 분홍색, 빨강색, 보라색, 흰색 등 다양합니다. 서늘하면서도 통풍이 좋은 장소를 선호해요. 하트모양의 독특한 화형을 오랫동안 감상할 수 있고 겨울철 실내에서 재배하기 용이합니다. 관수 시 잎이나 구근과 닿지 않도록 저면관수하는 것이 좋아요. 생육 온도는 16~20℃로 유지하고, 여름에는 차광을 통한 온도 조절이 필요해요. 진딧물, 응애, 온실 가루 등의 병충해에는 조심해야 합니다.',' ','느림','풀모양',30,'진딧물,응애,온실가루이','시클라멘',6,20,70,'필요함',3,'',15,40,'거실 창측 (실내깊이 150~300cm),발코니 내측 (실내깊이 50~150cm),발코니 창측 (실내깊이 0~50cm)','Cyclamen persicum',2,'',53003,7,'https://nongsaro.go.kr/cms_contents/301/19707_MF_REPR_ATTACH_01.jpg'),(19709,NULL,NULL,30,' ','타원형 잎의 위쪽에는 톱니가 있으며, 규칙적인 은색 무늬가 있는 표면입니다.',' ','','관목형,풀모양',40,'응애,깍지벌레,온실가루이','수박필레아',6,25,70,'특별 관리 요구',0,'이 식물은 열대식물이지만, 10℃ 이상의 기온에서도 겨울을 견뎌내며 온실 안에서 잘 자라는 특징이 있습니다. 또한, 그늘이나 직사광선 아래에서도 잘 자랄 수 있습니다.',20,40,'거실 창측 (실내깊이 150~300cm),발코니 내측 (실내깊이 50~150cm),발코니 창측 (실내깊이 0~50cm)','Pilea cadierei',4,'',53003,13,'https://nongsaro.go.kr/cms_contents/301/19709_MF_REPR_ATTACH_01.jpg'),(19711,NULL,NULL,25,' ','',' ','느림','덩굴성',50,'','수염 틸란드시아',6,25,100,'필요함',2,'위의 문장을 다음과 같이 바꿀 수 있습니다.\n\'루트가 없이 공중에서 습도와 영양분을 흡수하기 때문에, 식물이 건조하지 않도록 자주 분무해주시면 좋습니다.\'',20,70,'거실 내측 (실내깊이 300~500cm),거실 창측 (실내깊이 150~300cm),발코니 내측 (실내깊이 50~150cm),발코니 창측 (실내깊이 0~50cm)','Tillandsia usneoides',4,'',53003,13,'https://nongsaro.go.kr/cms_contents/301/19711_MF_REPR_ATTACH_01.jpg'),(19712,NULL,NULL,30,' ','‘물 위의 배’라는 뜻으로 꽃은 2개의 꽃잎, 1개의 설판, 3개의 꽃받침으로 이루어져 있습니다. 다양한 분홍색, 빨강색, 노란색, 흰색 등의 색으로 화려하지만 대부분 향기가 없습니다. 우리나라에서는 겨울철에 꽃이 피어 화분용이나 절화로 많이 쓰이고 결혼식 축하 코사지로도 자주 사용됩니다. 지하부 배지의 과습에 약하니 건조하게 관리하는 것이 좋습니다. 뿌리가 꽉 차기 전인 3~4월에 분갈이를 하는 것도 좋은 배양법입니다.',' ','보통','풀모양',50,'응애,깍지벌레','심비디움',6,25,100,'필요함',3,'',20,70,'발코니 내측 (실내깊이 50~150cm),발코니 창측 (실내깊이 0~50cm)','Cymbidium spp.',2,'',53004,10,'https://nongsaro.go.kr/cms_contents/301/19712_MF_ATTACH_01.JPG'),(19713,NULL,NULL,25,' ','',' ','느림','관목형',25,'진딧물,응애','숙근이베리스',4,25,70,'필요함',2,'',20,40,'거실 창측 (실내깊이 150~300cm),발코니 내측 (실내깊이 50~150cm),발코니 창측 (실내깊이 0~50cm)',' Iberis sempervirens',3,'',53003,10,'https://nongsaro.go.kr/cms_contents/301/19713_MF_REPR_ATTACH_01.jpg'),(19714,NULL,NULL,30,' ','이 풀은 연두, 흰, 빨강, 분홍 등 다양한 잎 색상과 모양을 가진 대표적인 잎마다식물입니다. 실내에서 아유르명 시키는 능력이 뛰어나며 반음광을 선호하고 습한 고온환경에서는 웅 거리게 자라요. 이 식물은 덩굴성이어서 줄기가 다는 작고 아낌없이 물을 먹는 특성으로 인해 다른 물체에 붙어서 자랍니다. 줄기를 잘라내면 즙액이 나오는데, 이는 위험하므로 섭취하지 않는 것이 좋아요. 또한, 해충 예\'갸, 깔고제 어파바나 야생진드기에 감염될 가능성이 있으니 각별히 조심해야 합니다.',' ','','덩굴성,풀모양',30,'응애,깍지벌레,온실가루이','싱고니움',6,25,70,'필요함',2,'',20,40,'거실 창측 (실내깊이 150~300cm),발코니 내측 (실내깊이 50~150cm),발코니 창측 (실내깊이 0~50cm)','Syngonium podophyllum',4,'',53002,10,'https://nongsaro.go.kr/cms_contents/301/19714_MF_ATTACH_02.jpg'),(19715,NULL,NULL,50,' ','쉐플레라 ‘홍콩’은 실내 공기정화력이 뛰어나고 특히 담배 연기까지 효과적으로 흡수하여 유명한 식물입니다. 큰 키와 작은 키의 두 종류가 있습니다. 뿌리가 강하게 내리기 때문에 물 꽂이 화분에서도 잘 자라지만, 추운 날씨에는 약합니다. 잎의 윤기를 높이기 위해 수건으로 부드럽게 닦아주면 아름답게 유지할 수 있습니다. 관상을 즐겨보시는 분이라면 꼭 한 번 추천드릴만한 식물입니다.',' ','','직립형,관목형',150,'응애,깍지벌레','쉐플레라 \'홍콩\'',7,25,70,'보통 (약간 잘 견딤)',1,'',20,40,'실내 어두운 곳 (실내깊이 500 이상cm),거실 내측 (실내깊이 300~500cm),거실 창측 (실내깊이 150~300cm),발코니 내측 (실내깊이 50~150cm),발코니 창측 (실내깊이 0~50cm)','Schefflera arboricola',4,'',53003,7,'https://nongsaro.go.kr/cms_contents/301/19715_MF_ATTACH_01.jpg'),(19716,NULL,NULL,30,' ','에코플렌트 중에서 가장 관리가 쉽고 자라기 쉬운 식물이며, 병해충에 대한 강한 저항성을 가지고 있습니다. 이 종은 일산화탄소를 효과적으로 제거하는 능력이 뛰어나고, 주방에서 유용한 기능성 식물로 알려져 있습니다. 또한 어두운 장소에서도 적응력이 좋으며, 길이가 약 40m까지 자랄 수 있는 덩굴성을 가지고 있습니다. 이 식물은 다양한 무늬의 종이 있으므로, 공기 정화력도 갖추고 있습니다. 단, 애완동물에게 독성이 있으므로 주의가 필요합니다. 수경재배가 가능하며, 줄기를 물꽂이 삽목하여 쉽게 재배할 수 있습니다. 반음지에서 자라는데, 겨울철에는 충분한 조도를 유지하고 물을 적게 주는 것이 좋습니다.',' ','','덩굴성',20,'응애,깍지벌레','스킨답서스',7,25,70,'보통 (약간 잘 견딤)',0,'',20,40,'실내 어두운 곳 (실내깊이 500 이상cm),거실 내측 (실내깊이 300~500cm),거실 창측 (실내깊이 150~300cm),발코니 내측 (실내깊이 50~150cm),발코니 창측 (실내깊이 0~50cm)','Epipremnum aureum',4,'',53003,13,'https://nongsaro.go.kr/cms_contents/301/19716_MF_REPR_ATTACH_01.jpg'),(19717,NULL,NULL,30,' ','이 식물의 대표적인 품종은 다음과 같아요.\n\n① 파티니이(S. patinii): \n한국에서 널리 재배되며, 원산지는 명확하지 않아요. 높이는 대략 40~50cm 정도이며 무리지어 생장해요. 잎은 가죽과 비슷한 질감의 긴 타원 모양으로, 길이는 약 20cm, 너비는 8cm 정도에요. 불염포는 길이가 8~10cm로 흰색을 띠고, 그늘 지역에서 잘 자란다는 특징이 있어요.\n\n② 칸니폴리움(S. cannifolium): \n남아메리카 북부와 트리니다드토바고에서 원산지를 두며, 원예종으로 많이 재배돼요. 높이는 대략 80~100cm 정도이고, 땅속줄기가 자란다는 특징이 있어요. 잎은 두껍고 길이는 30~50cm, 너비는 10~18cm 정도이며, 잎자루와 동일한 길이예요. 추운 날씨에는 조금 약하지만, 그늘에서도 잘 자란답니다.\n\n③ 플로리분둠(S. floribundum): \n콜럼비아에서 원산지를 두며, 높이는 대략 30cm 정도에요. 이 식물은 약한 왜성종으로, 잎이 무럭무럭 자라지 않아서 무리를 이루지는 못하지만 열매를 잘 맺는 특징이 있어요. 잎은 둥그스름한 타원 모양으로 길이는 15~20cm, 너비는 8cm 정도이고, 불염포는 넓은 달걀 모양을 띠며 육수꽃차례로 달려있어요. 분유하처럼 퍽퍽한 꽃차례에 강한 향기가 나요.\n\n④ 왈리시(S. wallisii):\n중앙 아메리카 원산지의 상록다년종이에요. 최대 90cm까지 자란다는 특징이 있고, 흰색 불염포가 약 10~12cm 정도의 타원형 모양으로 나와요. 잎은 약 60cm 정도 자라서 다른 종들보다 큰 편이며, 광택이 나는 느낌이에요. 다양한 원예 품종의 모태가 되어 오늘날 거의 모든 원예용 관속수에 사용되고 있어요. 가장 많이 이용되는 대형 원예종인 마우나로아는 미항공우주국이 공기정화식물 실험을 거친 종으로, 다양한 성분들을 효과적으로 제거하는 능력으로 인기를 끌고 있어요. \n\n이 식물은 긴 꽃자루에 아름다운 포엽이 달려있어요. 아름답게 전개되는 느낌에 거미줄 같은 작은 화서나 다른 개성 있는 화서들과 함께 붙으면 더욱 멋스러워지죠. 흰색의 포엽은 시간이 지남에 따라 초록색으로 변해요. 공중습도와 습도 관리에 신경써야 하므로 여름철을 제외한 분기에 잎을 자주 때리는 것이 좋아요. 또한 추운 온도에도 약하므로 겨울철에는 따뜻하게 보호해 주는 것이 좋아요.',' ','','풀모양',40,'응애,깍지벌레','스파티필룸',7,25,70,'보통 (약간 잘 견딤)',2,'',20,40,'실내 어두운 곳 (실내깊이 500 이상cm),거실 내측 (실내깊이 300~500cm),거실 창측 (실내깊이 150~300cm),발코니 내측 (실내깊이 50~150cm),발코니 창측 (실내깊이 0~50cm)','Spathiphyllum wallisii',4,'약간 있음',53003,13,'https://nongsaro.go.kr/cms_contents/301/19717_MF_REPR_ATTACH_01.jpg'),(19718,NULL,NULL,40,' ','',' ','','풀모양',60,'응애,깍지벌레','스파티필룸 (광엽)',7,25,70,'보통 (약간 잘 견딤)',0,'',20,40,'실내 어두운 곳 (실내깊이 500 이상cm),거실 내측 (실내깊이 300~500cm),거실 창측 (실내깊이 150~300cm),발코니 내측 (실내깊이 50~150cm),발코니 창측 (실내깊이 0~50cm)','Spathiphyllum \'Clevelandii\'',4,'약간 있음',53003,13,'https://nongsaro.go.kr/cms_contents/301/19718_MF_ATTACH_01.jpg'),(19719,NULL,NULL,40,' ','\'시서스\'란 그리스어로 \'담쟁이덩굴\'을 뜻합니다. 이 식물은 엔렌다니카라 불리는 강한 생명력을 가진 포도아이비와 안타르티카라 불리는 캥거루이이비 등 다양한 종류가 있습니다. 시서스 안타르티카는 밝은 녹색의 잎이 난형으로 자랍니다. 덧붙여 가장자리에는 엉성한 톱니가 있어요. 끈에 매달려 다른 물체에 올라탈 수 있는 덩굴손이 있기 때문에 기는 유인시켜서 육성하는 것이 가능합니다. 또한, 이 식물은 오존에 민감하며, 실내에서 기를 때 오존 농도를 측정할 수 있는 기능을 갖고 있습니다.',' ','','덩굴성',30,'응애,깍지벌레,온실가루이','시서스',6,25,70,'보통 (약간 잘 견딤)',2,'',20,40,'거실 내측 (실내깊이 300~500cm),거실 창측 (실내깊이 150~300cm),발코니 내측 (실내깊이 50~150cm),발코니 창측 (실내깊이 0~50cm)','Cissus antarctica',4,'',53003,13,'https://nongsaro.go.kr/cms_contents/301/19719_MF_ATTACH_01.jpg'),(204774,NULL,NULL,30,'','작고 동글동글한 황록색 잎들이 서로 가까이 붙어 자랍니다.',' ','빠름','포도송이형',25,'','청옥',3,25,25,'잘 견딤',1,'식물이 작아지도록 너무 많이 건조하게 관리하지 않는 것이 좋습니다.',20,20,'발코니 창측까지 이용 가능함','Sedum burrito',4,'',53003,5,'http://www.nongsaro.go.kr/cms_contents/1122/204774_MF_BIMG_01.jpg'),(204775,NULL,NULL,30,'','이 식물은 키가 약 15cm 정도이며 지제부에서 자구가 나옵니다. 녹색의 잎에는 약간의 백분이 보이며 주걱처럼 둥근 모양을 띠고 있습니다.',' ','보통','군생형',25,'','세덤 \'라울\'',3,25,25,'약간 돌봄',1,'',20,20,'발코니 내측까지 이용 가능함창측에 비해 약간 키가 커지지만 관상가치 있음','Sedum clavatum \'Lawool\' ',4,'',53003,5,'http://www.nongsaro.go.kr/cms_contents/1122/204775_MF_BIMG_01.jpg'),(204776,NULL,NULL,30,'','자구는 자라면서 군생이 되어 붉은 색상을 띄게 됩니다. 이 과정은 가을에 더욱 두드러집니다.',' ','느림','군생형',25,'','세덤 \'리틀잼\'',3,25,25,'필요함',3,'',20,20,'발코니 창측까지 이용 가능함','Sedum \'LittleGem\' ',4,'',53004,3,'http://www.nongsaro.go.kr/cms_contents/1122/204776_MF_BIMG_01.jpg'),(204777,NULL,NULL,30,'','송록보다 잎이 더 풍성하고 둥글게 울퉁불퉁하게 런너 형태를 이룹니다. 충분한 태양을 받을 시, 잎 끝에는 어둡게 갈라진 선들이 많이 형성되며, 향기도 나오고 더욱 빠른 성장을 보입니다.',' ','빠름','관목형',25,'','환엽송록',3,25,25,'약간 돌봄',2,'식물의 건강을 위해서는 통풍이 잘 되는 환경에서 건조하게 키우는 것이 좋습니다.',20,20,'발코니 창측까지 이용 가능함','Sedum lucidum \'Obesum\' ',4,'',53003,5,'http://www.nongsaro.go.kr/cms_contents/1122/204777_MF_BIMG_01.jpg'),(204778,NULL,NULL,30,'','잎이 서로 마주 보며 밀접하게 붙어 있으며 줄기가 길게 뻗어 나가며 성장합니다.',' ','빠름','포복형',25,'응애가 생기기 쉬움','황금세덤',3,25,25,'잘 견딤',1,'',20,20,'발코니 창측까지 이용 가능함','Sedum makinoi',4,'',53003,5,'http://www.nongsaro.go.kr/cms_contents/1122/204778_MF_BIMG_01.jpg'),(204779,NULL,NULL,30,'','장원형의 연한 백녹색 잎이 가지에 촘촘하게 붙을수록 무거운 머리 때문에 줄기가 아래로 내려향아 Hanging 디자인에 적합해 보입니다.',' ','보통','군생형',25,'','옥주염',3,25,25,'약간 돌봄',2,'이 처리하기 어려운 측면은 만약 접촉한다면 잎이 떨어지듯이 쉽게 손상될 수 있다는 점입니다.',20,20,'발코니 내측까지 이용 가능함- 잎의 형태와 모양을 유지함','Sedum morganianum',4,'',53004,5,'http://www.nongsaro.go.kr/cms_contents/1122/204779_MF_BIMG_01.jpg'),(204780,NULL,NULL,30,'','둥근 잎은 햇빛이 잘 들면 끝 부분이 더욱 선명한 등홍색으로 빛납니다.',' ','보통','관목형',25,'','을녀심',3,25,25,'약간 돌봄',3,'',20,20,'','Sedum pachyphyllum',4,'',53004,5,'http://www.nongsaro.go.kr/cms_contents/1122/204780_MF_BIMG_01.jpg'),(204781,NULL,NULL,30,'','이 식물은 줄기에 3cm 전후로 짧은 곤봉 모양의 빨강 잎이 나타나며 추위에 강하다는 특징을 가지고 있습니다.',' ','빠름','포도송이형',25,'','홍옥',3,25,25,'잘 견딤',1,'가을에는 물을 적게 주고 강한 햇빛 아래에서 기를 기다리는 식물이 붉게 변하는 경우가 있어요. 이 때, 아랫부분에 시든 잎이 있다면 따놓으면 위쪽으로 남은 잎들이 잘 키워질 거예요.',20,20,'','Sedum rubrotinctum',4,'',53004,5,'http://www.nongsaro.go.kr/cms_contents/1122/204781_MF_BIMG_01.jpg'),(204782,NULL,NULL,30,'','민들이 바라는 것처럼, 군생은 봄부터 가을까지 옥외에서 재배하기 좋은 작물입니다.',' ','보통','군생형',25,'','세데베리아 ‘레티지아’',2,30,25,'약간 돌봄',2,'',5,20,'발코니 창측까지 이용 가능함','Sedeveria \'Letizia\' ',4,'',53004,5,'http://www.nongsaro.go.kr/cms_contents/1122/204782_MF_BIMG_01.jpg'),(204783,NULL,NULL,30,'','이 문장을 친절하게 바꾸면 다음과 같습니다.\n\n이 식물은 교잡종이며, 길고 납작한 잎들이 밀접하게 배치되어 로제트 모양을 이루며 줄기는 나무같은 질감을 가지고 있습니다.',' ','보통','로제트형',25,'','세데베리아 ‘팡파레’',3,25,25,'필요함',3,'잎이 시들어 가는 과정은 목질화 과정일 뿐입니다. 그래서 시들은 잎은 수시로 제거하여 미관적인 측면에서 관리합니다.',20,20,'발코니 창측까지 이용 가능함','Sedeveria \'Fanfare\' ',4,'',53003,5,'http://www.nongsaro.go.kr/cms_contents/1122/204783_MF_BIMG_01.jpg'),(204784,NULL,NULL,30,'','\'작고 짧은 잎으로 이루어진 노란시슬은 성장 환경에 따라 다양한 노란시슬 모습을 보여줍니다.\'',' ','보통','군생형',25,'','바위솔',3,25,25,'약간 돌봄',2,'',20,20,'발코니 창측까지 이용 가능함- 발코니 내측에서는 꽃대가 웃자라 지탱하지 못하고 쓰러짐','Orostachys japonica',4,'',53004,0,'http://www.nongsaro.go.kr/cms_contents/1122/204784_MF_BIMG_01.jpg'),(204785,NULL,NULL,30,'','한 줄 요약: 1cm 지름의 구 모양 잎이 덩굴상 줄기를 따라 아래로 늘어지며, 줄기는 가늘면서 25cm 정도 자랍니다. 여름철에는 차광과 통풍이 좋아요.\n\n덩굴상 줄기를 타고 1cm 지름의 구 모양 잎은 아래로 늘어져요. 이 줄기는 가늘며, 최대 25cm까지 자랍니다. 더운 여름에는 이 잎은 통풍이 잘 되면서 차광 효과가 있어요.',' ','빠름','포복형',25,'병충해를 별로 입지 않음','녹영',2,25,25,'잘 견딤',1,'잎이 작고 촘촘하게 맺히는 것은 충분한 채광이 주어질 때 일어납니다. 그러나 직사광선이 잎에 직접적으로 비추면 화상의 위험이 있습니다. 그리고 10월 중순부터는 노출되는 물의 양을 서서히 줄여주세요.',20,20,'발코니 창측까지 이용 가능함- 가장 끝에 있는 줄기가 가늘어지나 전반적인 형태 변화 없음','Senecio rowleyanus',4,'',53004,5,'http://www.nongsaro.go.kr/cms_contents/1122/204785_MF_BIMG_01.jpg'),(204786,NULL,NULL,30,'','이 식물은 성장 속도가 빠르지는 않지만, 튼튼해서 키우기가 쉽습니다. 높은 온도는 괴롭혀하므로 주의해야 하고, 통기성이 매우 좋은 용토를 사용하지 않으면 뿌리가 쉽게 상해집니다. 이식물의 크기는 높이 10cm 정도이며, 짧은 줄기 끝부분에는 6~8개 정도의 평평한 잎이 자랍니다. 이 잎은 작은 로제트형으로 자란다는 특징이 있으며, 곤봉 모양으로 줄기 바로 아래에 자라고, 길이는 3~7cm이며 굵기는 1~1.5cm 정도입니다. 이식물의 잎은 녹색이며 적갈색 점무늬가 있습니다.',' ','느림','불규칙형',25,'깍지벌레, 과습으로 인한 뿌리썩음병 발생 우려','천장금',2,25,25,'필요함',3,'',20,20,'발코니 내측까지 이용 가능함- 형태 그대로 유지함','Adropmischus clavifolius',4,'',53004,10,'http://www.nongsaro.go.kr/cms_contents/1122/204786_MF_BIMG_01.jpg'),(204787,NULL,NULL,30,'','이 식물체는 지름이 약 3cm 밖에 안 되며, 길쭉하고 통통한 작은 잎들로 이루어져 있어요. 빛을 받는 정도에 따라 붉게 물드는 정도가 다르답니다.',' ','빠름','관목형',25,'','핑크세도이데스',3,25,25,'약간 돌봄',1,'',20,20,'발코니 내측까지 이용 가능함- 선명한 초록색으로 잎이 넓어짐','Echeveria macdougallii',4,'',53003,5,'http://www.nongsaro.go.kr/cms_contents/1122/204787_MF_BIMG_01.jpg'),(204788,NULL,NULL,30,'','아가보이데스라는 식물 종은 윤기나고 큰 밀랍 잎으로 이루어진 로제트 형태를 가지며, 폭이 20cm까지 커집니다. 이 종은 육묘가를 좋아하는 사람들에게 잘 알려져 있으며, 용설란과 아가베속의 유사한 형태를 가진 유래를 갖고 있습니다.',' ','보통','로제트형',25,'','에케베리아 ‘제이드포인트’',3,30,25,'약간 돌봄',2,'미래에 걸쳐 더 잘 자라기 위해서는 성장 속도는 느리더라도 충분한 공간을 확보하는 것이 필요합니다. 또한 여름이 성장기이므로, 이 시기에는 물을 규칙적으로 충분히 주는 것도 중요합니다. 하지만 겨울 동안은 가급적 건조하게 관리하는 것이 좋습니다.',5,20,'발코니 창측까지 이용 가능함- 잎이 아래로 쳐짐','Echeveria agavoides \'JadePoint\' ',4,'',53004,0,'http://www.nongsaro.go.kr/cms_contents/1122/204788_MF_BIMG_01.jpg'),(204789,NULL,NULL,30,'','',' ','느림','로제트형',25,'','에케베리아 ‘레이디스핑거’',3,25,25,'필요함',3,'좋은 성장을 위해서는 성장 속도가 느리더라도 충분한 공간을 유지하는 것이 중요합니다.',20,20,'발코니 창측까지 이용 가능함','Echeveria agavoides \'Lady\'s finger\' ',4,'',53003,5,'http://www.nongsaro.go.kr/cms_contents/1122/204789_MF_BIMG_01.jpg'),(204790,NULL,NULL,30,'','',' ','보통','로제트형',25,'','에케베리아 ‘크리스마스’',3,30,25,'약간 돌봄',2,'봄과 여름은 식물의 성장기에 해당하기 때문에, 이 기간 동안 규칙적으로 충분한 양의 물을 주실 것을 권해드립니다. 반면에 겨울철에는 가능한한 건조하게 관리해 주시는 것이 좋습니다.',5,20,'발코니 창측까지 이용 가능함','Echeveria agavoides \'Christmas\' ',4,'',53003,3,'http://www.nongsaro.go.kr/cms_contents/1122/204790_MF_BIMG_01.jpg'),(204791,NULL,NULL,30,'','이 아이의 조상은 E. chilhuahuaensis와 E. lindsayana의 교배종이며, 이것은 라우린제와 비슷한 작은 키와 녹색색상을 가지고 있습니다. 이 식물을 강하게 키우시는 것이 좋습니다.',' ','느림','로제트형',25,'','에케베리아 ‘치와와린제’',3,30,25,'약간 돌봄',3,'',5,20,'발코니 내측까지 이용 가능함- 지상부의 부피감이 커지고 한가지 색을 띰','Echeveria \'Chihuahualindsa\' ',4,'',53003,0,'http://www.nongsaro.go.kr/cms_contents/1122/204791_MF_BIMG_01.jpg'),(204792,NULL,NULL,30,'','서늘해지면, 이 꽃의 잎의 가장자리가 빨간색으로 물들고, 점점 윤기를 띄는 작은 로제트 형태로 변화합니다. 이 꽃은 잘 자라 견고합니다.',' ','빠름','군생형',25,'','홍화장',3,25,25,'약간 돌봄',1,'',20,20,'발코니 창측까지 이용 가능함- 잎이 많이 떨어져 본래의 형태와 다른 모습으로변하지만 관상가치 유지함','Echeveria \'Victor\' ',4,'',53003,5,'http://www.nongsaro.go.kr/cms_contents/1122/204792_MF_BIMG_01.jpg'),(204793,NULL,NULL,30,'','잎은 삼각형 모양을 띄며 그 중에서도 기부 지점에서는 군락생연한 녹색의 잎들이 축을 중심으로 서로 교차하는 아름다운 형태를 이룹니다. 이런 잎새는 정말로 장미 꽃잎과도 같이 아름다운데요!',' ','빠름','군생형',25,'','에케베리아 ‘펀퀸’',3,30,25,'약간 돌봄',2,'',0,20,'발코니 내측까지 이용 가능함- 지상부의 부피감이 커지나 웃자라지 않음','Echeveria \'Fun Queen\' ',4,'',53003,3,'http://www.nongsaro.go.kr/cms_contents/1122/204793_MF_BIMG_01.jpg'),(204794,NULL,NULL,30,'','이 식물체는 지름이 약 5cm 정도 되며, 밝은 녹색 빛을 내며 흰색 둥근 잎이 뭉쳐 나 외줄기를 이루고 있습니다. 나중에는 줄기가 길어져서 직경이 약 6cm 정도 될 것으로 예상됩니다.',' ','보통','군생형',25,'','정야',3,30,25,'약간 돌봄',2,'물을 적게 사용하면 웃음이 줄어들 수도 있다는 것을 알고 계시나요?',5,20,'발코니 내측까지 이용 가능함- 잎이 조금씩 커지고 벌어지면서 전체적인 부피감이 커짐','Echeveria \'Derenbergii\' ',4,'',53004,3,'http://www.nongsaro.go.kr/cms_contents/1122/204794_MF_BIMG_01.jpg'),(204795,NULL,NULL,30,'','이 식물의 지름은 약 5~8cm이며 연한 녹색 잎은 솜털로 덮여 있고 빨갛게 채색됩니다. 생장이 좋습니다.',' ','빠름','군생형',25,'','에케베리아 ‘도리스테일러’',3,25,25,'약간 돌봄',1,'',20,20,'발코니 창측까지 이용 가능함- 절간장이 길어지면서 전체적으로 키가 자라고잎이 넓어지면서 원래 형태와는 완전히 달라지지만관상 가치 있음','Echeveria \'Doris Taylor\' ',4,'',53003,0,'http://www.nongsaro.go.kr/cms_contents/1122/204795_MF_BIMG_01.jpg'),(204796,NULL,NULL,30,'','이 잎의 가장 특징적인 점은 원형적인 로제트의 형태를 이루며, 반짝이는 맑은 빛을 띠고 있다는 것입니다.',' ','느림','로제트형',25,'','에케베리아 ‘라즈베리아이스’',3,25,25,'필요함',3,'',20,20,'발코니 창측까지 이용 가능함','Echeveria gilva \'Razberry ice\' ',4,'',53003,5,'http://www.nongsaro.go.kr/cms_contents/1122/204796_MF_BIMG_01.jpg'),(204797,NULL,NULL,30,'','이 식물의 줄기는 약 25cm까지 자랄 수 있으며 지름은 5~6cm 정도입니다. 또한, 어린 줄기와 잎은 부드러운 흰 털로 덮여 있으며 갈색으로 색이 짙어집니다. 길쭉한 타원형으로 긴 잎의 중심에서 가장자리 쪽으로 갈수록 붉은색이 진해집니다.',' ','빠름','관목형',25,'','부용',3,20,25,'잘 견딤',1,'여름에 심으면 식물이 열악한 환경에서 자라기 때문에 모체가 쉽게 죽을 수 있습니다. 또한, 습하고 다옥한 기후에도 영양 손실이 일어날 수 있으므로 건조하게 관리해주세요.',15,20,'발코니 내측까지 이용 가능함- 형태변화는 없고, 내측에서 약간의 붉은빛 발현됨','Echeveria harmsii',4,'',53004,5,'http://www.nongsaro.go.kr/cms_contents/1122/204797_MF_BIMG_01.jpg'),(204798,NULL,NULL,30,'','잎이 무름직한 특이한 모양으로 로제트 형태를 이룹니다.',' ','빠름','관목형',25,'','에케베리아 ‘미니벨’',3,25,25,'잘 견딤',1,'',20,20,'발코니 창측까지 이용 가능함','Echeveria hummel \'Minibelle\' ',4,'',53003,5,'http://www.nongsaro.go.kr/cms_contents/1122/204798_MF_BIMG_01.jpg'),(204799,NULL,NULL,30,'','\'라우린제의 콤팩트한 종류는 식물체의 지름이 대략 10cm이며, 잎이 상대적으로 짧습니다. 이 종류의 라우린제는 더 붉은 색감을 가지고 있지만, 높은 온도에는 비교적 민감합니다.\'',' ','보통','로제트형',25,'','먼로',3,25,25,'약간 돌봄',2,'',20,20,'발코니 창측까지 이용 가능함- 잎이 아래로 쳐짐','Echeveria lauii X E. lindsayana',4,'',53003,5,'http://www.nongsaro.go.kr/cms_contents/1122/204799_MF_BIMG_01.jpg'),(204800,NULL,NULL,30,'','',' ','보통','로제트형',25,'','에케베리아 ‘라임앤칠리’',3,25,25,'약간 돌봄',2,'',20,20,'발코니 창측까지 이용 가능함- 잎이 아래로 쳐짐','Echeveria \'Lime & Chili\' ',4,'',53003,5,'http://www.nongsaro.go.kr/cms_contents/1122/204800_MF_BIMG_01.jpg'),(204801,NULL,NULL,30,'','붉게 물든 로제트 모양이다.',' ','보통','로제트형',25,'','몰라코',3,30,25,'약간 돌봄',2,'성장 속도가 느립니다.',5,20,'발코니 창측까지 이용 가능함- 잎이 약간 쳐짐','Echeveria melaco',4,'',53003,5,'http://www.nongsaro.go.kr/cms_contents/1122/204801_MF_BIMG_01.jpg'),(204802,NULL,NULL,30,'','',' ','빠름','직립형',25,'','홍매화',3,25,25,'약간 돌봄',2,'',20,20,'발코니 창측까지 이용 가능함- 잎이 커지고 아래를 향하면서 키가 커짐웃자라 보이지 않음','Echeveria multicaulis \'Ginmei-Tennyo\' ',4,'',53003,5,'http://www.nongsaro.go.kr/cms_contents/1122/204802_MF_BIMG_01.jpg'),(204803,NULL,NULL,30,'','',' ','빠름','로제트형',25,'','샤비홍',3,25,25,'필요함',3,'',20,20,'발코니 창측까지 이용 가능함','Echeveria \'Painted Frills\' ',4,'',53003,5,'http://www.nongsaro.go.kr/cms_contents/1122/204803_MF_BIMG_01.jpg'),(204804,NULL,NULL,30,'','이 식물체는 로제트 형태의 잎이 있으며, 지름은 대략 10cm 정도입니다. 잎의 길이는 5~7cm, 폭은 2~3cm 정도로 살짝 오목한 모양을 띄고 있습니다. 또한, 식물체의 줄기는 강하며, 시작부터 바로 나란히 자라납니다.',' ','보통','로제트형',25,'','양로',3,25,25,'약간 돌봄',2,'',20,20,'','Echeveria subssilis',4,'',53004,5,'http://www.nongsaro.go.kr/cms_contents/1122/204804_MF_BIMG_01.jpg'),(204805,NULL,NULL,30,'','잎이 둥글게 휘어지며 살며시 올라가는 줄기가 강하고, 아름다운 보라색에 젖어있습니다.',' ','보통','로제트형',25,'','라일락',3,25,25,'약간 돌봄',2,'',20,20,'발코니 창측까지 이용 가능함','Echeveria \'Perle\'s Pride\' ',4,'',53003,5,'http://www.nongsaro.go.kr/cms_contents/1122/204805_MF_BIMG_01.jpg'),(204806,NULL,NULL,30,'','그늘에서 자란 식물의 잎은 푸른색으로 두꺼우며 흰색 모피로 덮여 있습니다. 작고 다발 형태의 잎을 가진 이 식물의 직경은 8센티미터입니다. 줄기 끝은 짙은 주황색 짧은 털이 떨어져 있습니다.',' ','보통','로제트형',25,'','금황성',2,30,25,'약간 돌봄',2,'',15,20,'발코니 창측까지 이용 가능함','Echeveria pulvinata',4,'',53004,5,'http://www.nongsaro.go.kr/cms_contents/1122/204806_MF_BIMG_01.jpg'),(204807,NULL,NULL,30,'','이 식물은 줄기가 없고, 지름이 대략 8~10cm 정도 작습니다. 잎이 촘촘하게 많이 자라며 뒷면은 더위에 강한 붉은 색으로 물드는 특징이 있습니다.',' ','느림','로제트형',25,'','에케베리아 푸미라',3,30,25,'필요함',3,'',5,20,'발코니 창측까지 이용 가능함','Echeveria pumila',4,'',53004,0,'http://www.nongsaro.go.kr/cms_contents/1122/204807_MF_BIMG_01.jpg'),(204808,NULL,NULL,30,'','이 식물체는 소형종으로 지름이 약 10cm정도인 만큼 작은 편입니다. 잎은 넓고 촘촘하며 갈색무늬가 선명하게 있습니다. 일반적으로는 단구 형태로 자라며, 건조한 환경에도 잘 적응하며 햇빛을 좋아합니다.',' ','느림','로제트형',25,'','대화금',2,25,25,'필요함',3,'',20,20,'발코니 창측까지 이용 가능함','Echeveria purpusorum',4,'',53003,5,'http://www.nongsaro.go.kr/cms_contents/1122/204808_MF_BIMG_01.jpg'),(204809,NULL,NULL,30,'','이 식물체는 지름이 약 10cm 정도이며, 잎의 가장 바깥쪽 부분이 내부로 굽어져 있습니다.',' ','보통','로제트형',25,'','에케베리아 ‘톱시터비’',3,25,25,'필요함',2,'만약 관수 후 잎에 물방울이 남아 있다면, 잎면이 백분으로 된 것 때문에 햇볕에 노출될 경우 서말에 노출될 수 있으며, 이에 대해 주의해야 합니다.',20,20,'발코니 창측까지 이용 가능함','Echeveria runyonii \'Topsy Turvy\' ',4,'',53004,5,'http://www.nongsaro.go.kr/cms_contents/1122/204809_MF_BIMG_01.jpg'),(204810,NULL,NULL,30,'','이 식물은 높이가 60cm이며 줄기 직경은 1.5cm입니다. 또한, 이 식물은 낙엽성 잎을 가지고 있으며 몸체와 잎은 납회색입니다. 마디에서는 곁가지가 형성되며 로제트 모양을 띠고 있습니다. 더불어, 잎 가장자리의 색은 빨간색이며 분지가 잘 이루어집니다. 더구나, 이 식물을 키우기도 쉽습니다.',' ','빠름','로제트형',25,'','에케베리아 ‘글라우카’',3,30,25,'잘 견딤',1,'이것을 친절하게 바꾸면 어떻게 될까요?\n저온에서도 잘 견디어요. \n\n양해 부탁드려요.',16,20,'발코니 창측까지 이용 가능함','Echeveria secunda \'Glauca\' ',4,'',53004,3,'http://www.nongsaro.go.kr/cms_contents/1122/204810_MF_BIMG_01.jpg'),(204811,NULL,NULL,30,'','멕시코와 미국 남부에 분포하는 식물인 \'spectabilis\'는 하단부의 줄기가 최대 60cm까지 자라고 가지가 발달하여 70cm까지 자라는 꽃대에 총상꽃을 순서대로 개화합니다. 이 식물의 이름 \'spectabilis\'는 놀라운 것을 뜻하는데, 이는 크고 화려한 꽃들이 피는 모습에서 유래한 것입니다.',' ','빠름','관목형',25,'','구미리',3,30,25,'약간 돌봄',2,'',5,20,'발코니 내측까지 이용 가능함- 형태의 변화는 크지 않으나 잎의 색은 창측과달리 연한 녹색 빛을 띰','Echeveria spectabilis \'KUMENOSATO\' ',4,'',53004,0,'http://www.nongsaro.go.kr/cms_contents/1122/204811_MF_BIMG_01.jpg'),(204812,NULL,NULL,30,'','이 식물체는 지름이 약 10cm이며, 잎은 얇고 길며 분홍색으로 물들어 있습니다.',' ','보통','군생형',25,'','조몽',3,25,25,'약간 돌봄',2,'',20,20,'발코니 창측까지 이용 가능함- 로제트형에서 직립형으로 자람','Echeveria wardii',4,'',53004,5,'http://www.nongsaro.go.kr/cms_contents/1122/204812_MF_BIMG_01.jpg'),(204813,NULL,NULL,30,'','이 문장을 다음과 같이 바꿀 수 있습니다.\n\n이 잎은 장미와 같은 모양의 로제트를 이루며, 말라서 회색 여백이 있는 것 같습니다.',' ','보통','로제트형',25,'','에케베리아 ‘릴리시아나’',3,30,25,'약간 돌봄',2,'',5,20,'발코니 내측까지 이용 가능함- 잎이 꽃잎처럼 전개됨','Echeveria \'Liliciana\' ',4,'',53003,0,'http://www.nongsaro.go.kr/cms_contents/1122/204813_MF_BIMG_01.jpg'),(204814,NULL,NULL,30,'','이름을 가진 이 식물은 홍사의 개량종입니다. 적절한 관리로 인해 잎 중앙에 올록볼록한 모양을 가진 돌기를 형성하는데, 이 식물의 잎은 홍사보다 더 진한 자주색을 띠고 있으며, 직경이 12cm인 로제트를 형성합니다.',' ','느림','로제트형',25,'','환엽홍사',3,25,25,'필요함',3,'',20,20,'발코니 창측까지 이용 가능함','Echeveria nodulosa \'Maruba Benithukasa\' ',4,'',53004,5,'http://www.nongsaro.go.kr/cms_contents/1122/204814_MF_BIMG_01.jpg'),(204815,NULL,NULL,30,'','',' ','보통','로제트형',25,'고온다습한 환경에서 충해의 피해가 큼','에케베리아 ‘데저스스타’',3,25,25,'필요함',2,'',20,20,'발코니 창측까지 이용 가능함','Echeveria \'Desert Star\' ',4,'',53004,0,'http://www.nongsaro.go.kr/cms_contents/1122/204815_MF_BIMG_01.jpg'),(204816,NULL,NULL,30,'','',' ','보통','로제트형',25,'','에케베리아 톨루센시스',3,30,25,'약간 돌봄',2,'',5,20,'발코니 내측까지 이용 가능함- 잎이 아래를 향해 벌어져 땅가에 붙어 자라는 듯 보임','Echeveria tolucensis',4,'',53004,0,'http://www.nongsaro.go.kr/cms_contents/1122/204816_MF_BIMG_01.jpg'),(204817,NULL,NULL,30,'','',' ','보통','로제트형',25,'고온다습한 환경에서 충해의 피해가 큼','에케베리아 ‘미니캐슬’',3,30,25,'필요함',2,'',5,20,'','Echeveria \'Mini Castle\' ',4,'',53004,0,'http://www.nongsaro.go.kr/cms_contents/1122/204817_MF_BIMG_01.jpg'),(204818,NULL,NULL,30,'','로제트는 더위에 약하기 때문에, 여름철 동안 조심해서 키우시는 게 좋아요. 로제트의 크기는 지름이 15cm이며, 잎의 길이는 5~7cm, 너비는 2~3cm 정도입니다.',' ','빠름','로제트형',25,'','에케베리아 ‘블루에뜨’',3,25,25,'약간 돌봄',1,'',20,20,'','Echeveria peacockckii \'Bluete\' ',4,'',53004,0,'http://www.nongsaro.go.kr/cms_contents/1122/204818_MF_BIMG_01.jpg'),(204819,NULL,NULL,30,'','',' ','보통','로제트형',25,'','에케베리아 ‘탱고’',3,30,25,'필요함',3,'',5,20,'발코니 창측까지 이용 가능함','Echeveria sp. 톱시터비의 교배품종',4,'',53004,0,'http://www.nongsaro.go.kr/cms_contents/1122/204819_MF_BIMG_01.jpg'),(204820,NULL,NULL,30,'','여러분들에게 제공하는 것은 친절하고 부드러운 변환입니다.\n\n잎이 둥글고 분홍색이면서 크며 줄기가 서면, 잎에 붉은 점이 생기게 됩니다. 이러한 잎들은 옥색의 백분으로 덮여 윗부분은 로제트 모양을 이루게 되며, 두께가 얇은 편입니다. 줄기는 더욱튼튼하게 목질화되어 성장하며, 기저부 추구물을 발달시킵니다.',' ','보통','직립형, 단측지',25,'병충해에 강한 내성','연봉',3,25,25,'약간 돌봄',2,'화분과 함께 사용할 수 있는 깨끗한 용토를 이용하고, 새로 자른 단측지를 넣으면 번식이 원활히 진행됩니다.',20,20,'발코니 내측까지 이용 가능함- 보라색의 반점을 띠고, 잎이 넓어지고 커짐','Graptoveria \'Bainesii\' ',4,'',53004,0,'http://www.nongsaro.go.kr/cms_contents/1122/204820_MF_BIMG_01.jpg'),(204821,NULL,NULL,30,'','이 식물체는 지름이 약 10cm 정도이며, 잎이 서로 겹쳐져서 더위에 강합니다.',' ','보통','직립형, 단측지',25,'','백모단',3,25,25,'약간 돌봄',2,'만약 깨끗한 화분에 새로운 단측지 잎을 넣으면 매우 잘 번식됩니다.',20,20,'발코니 창측까지 이용 가능함','Graptoveria \'Titubans\' ',4,'',53003,0,'http://www.nongsaro.go.kr/cms_contents/1122/204821_MF_BIMG_01.jpg'),(204822,NULL,NULL,30,'','이 식물체는 지름이 10cm되며 로제트 모양의 납작한 잎을 가지고 있어요. 돌려남잎은 분홍색으로 가늘고 길면서도 매우 탱탱하답니다.',' ','보통','직립형, 단측지',25,'','그랍토베리아 ‘데비’',3,25,25,'약간 돌봄',2,'만약 깨끗한 화분과 새로운 단층지를 사용한다면, 화분 안에서 묘목 번식이 잘됩니다.',20,20,'발코니 창측까지 이용 가능함','Graptoveria \'Debby\' ',4,'',53004,5,'http://www.nongsaro.go.kr/cms_contents/1122/204822_MF_BIMG_01.jpg'),(204823,NULL,NULL,30,'','이 식물은 가늘고 긴 잎이 있으며, 표면에 은색 광택이 있습니다. 또한, 잎의 끝 부분에는 붉은색의 얇은 털같은 모양이 있어 보입니다. 이러한 분홍색 부분은 잎의 중심에서 시작되어 전체적으로 퍼져 있습니다. 이 식물은 성장 속도가 느리며 군생으로 생장합니다.',' ','느림','로제트형',25,'','그랍토베리아 ‘실버스타’',3,25,25,'약간 돌봄',2,'',20,20,'발코니 내측까지 이용 가능함- 선명한 초록색으로 변함','Graptoveria \'Silverstar\' ',4,'',53003,0,'http://www.nongsaro.go.kr/cms_contents/1122/204823_MF_BIMG_01.jpg'),(204824,NULL,NULL,30,'','이 식물은 로제트 형태를 이루며, 잎은 길쭉하고 끝이 뾰족한 모양입니다. 또한, 관리가 비교적 간편하며, 짧은 시간 내에 왕성하게 자랍니다.',' ','빠름','직립형',25,'','흑괴리',3,25,25,'약간 돌봄',1,'',20,20,'발코니 창측까지 이용 가능함','Graptoveria \'FredIvers\' ',4,'',53003,0,'http://www.nongsaro.go.kr/cms_contents/1122/204824_MF_BIMG_01.jpg'),(204825,NULL,NULL,30,'','으로 열매를 맺습니다. 이 소형종은 수목형으로 성장하여 줄기를 따라 기다란 잎들이 로제트처럼 이루어지는데, 기부에서 자신을 지지하며 열매를 풍성하게 맺습니다.',' ','빠름','관목형',25,'','그랍토베리아 ‘퍼플드림’',3,25,25,'약간 돌봄',1,'',20,20,'발코니 창측까지 이용 가능함','Graptoveria \'Purpledream\' ',4,'',53003,0,'http://www.nongsaro.go.kr/cms_contents/1122/204825_MF_BIMG_01.jpg'),(204826,NULL,NULL,30,'','성장 잎은 10~15cm까지 자라며, 길이는 1.0~1.5cm이고 폭은 0.5cm까지 됩니다. 좋은 온도와 습도에서 자라면서 연한 살구색으로 아름답게 커진답니다.',' ','빠름','관목형',25,'고온다습한 환경에서 충해의 피해 큼','그랍토페탈룸 멘도자',3,25,25,'약간 돌봄',1,'겨울에는 생식이 어렵습니다.',20,20,'발코니 창측까지 이용 가능함','Graptopetalum mendozae',4,'',53004,0,'http://www.nongsaro.go.kr/cms_contents/1122/204826_MF_BIMG_01.jpg'),(204827,NULL,NULL,30,'','이 식물은 갸름한 잎을 두툼하게 로제트 형태로 자랍니다. 또한 잎 끝 부분에는 흰색 띠가 나타나며 빠른 생장력과 늘어짐이 특징입니다. 줄기는 단단하며 추위에 강합니다.',' ','빠름','직립형',25,'고온다습한 환경에서 충해의 피해 큼','홍용월',3,25,25,'잘 견딤',1,'',20,20,'','Graptopetalum paraguayense',4,'',53003,0,'http://www.nongsaro.go.kr/cms_contents/1122/204827_MF_BIMG_01.jpg'),(204828,NULL,NULL,30,'','원예용으로 사용되는 이 식물은 잎이 줄기 끝에 로제트 모양으로 자라나며, 25cm 정도 높이의 곧은 줄기에 가지가 조금씩 나옵니다. 로제트의 직경은 대략 20cm 정도이며, 암적자색으로 발생하는 잎은 주걱모양이고 선단은 뾰족하지 않은 특징을 갖습니다. 또한 잎 주위에는 흰털이 덧붙어 있습니다.',' ','빠름','직립형',25,'','흑법사(黑法師)',2,30,25,'약간 돌봄',1,'',10,20,'발코니 내측까지 이용 가능함- 잎 중심 초록색부위가 넓어져 잎끝으로만 진한 자주 빛','Aeonium arboreum \'Atropurpureum\' ',4,'',53004,-2,'http://www.nongsaro.go.kr/cms_contents/1122/204828_MF_BIMG_01.jpg'),(204829,NULL,NULL,30,'','성장하는 동안 줄기 끝 부분에서 작은 잎들이 로제트 모양으로 형성되는데, 이 잎들은 1cm 길이로 둥근 모양이며, 갈색무늬가 표면에 나타난다. 이 식물의 녹색 줄기는 시간이 지남에 따라 목질화되며, 소인 수준에 비해 큰 다양한 형태의 잎들이 자란다.',' ','빠름','관목형',25,'','유접곡',3,35,25,'약간 돌봄',2,'',3,20,'발코니 내측까지 이용 가능함- 잎이 녹색으로 변하고 잎 모양이 활짝 전개됨','Aeonium arnoldii',4,'',53004,-7,'http://www.nongsaro.go.kr/cms_contents/1122/204829_MF_BIMG_01.jpg'),(204830,NULL,NULL,30,'','이 잎은 길이가 2cm이며, 끈적거리는 줄기는 얇고 진한 갈색으로 특징을 띕니다. 또한 잘 부러지기도 하며, 유접곡보보다는 원통형으로 모양이 구성되어 있습니다.',' ','보통','관목형',25,'','소인제',3,35,25,'필요함',2,'',3,20,'발코니 내측까지 이용 가능함- 잎이 녹색으로 변하고 잎 모양이 활짝 전개됨','Aeonium sedifolium',4,'',53004,0,'http://www.nongsaro.go.kr/cms_contents/1122/204830_MF_BIMG_01.jpg'),(204831,NULL,NULL,30,'','이 꽃은 보랏빛 장미 형태이며, 빛나는 장미 향이 어렴풋이 퍼져 나갑니다. 깃털처럼 부드러운 잎 끝에 미세한 솜털이 얹혀서, 손으로 만지면 캐시미어 같은 부드러움을 느낄 수 있습니다.',' ','빠름','직립형',25,'','캐시미어바이올렛',3,24,25,'약간 돌봄',1,'',10,20,'발코니 창측까지 이용 가능함- 잎이 넓어지고 벌어짐','Aeonium velour',4,'',53004,-7,'http://www.nongsaro.go.kr/cms_contents/1122/204831_MF_BIMG_01.jpg'),(204832,NULL,NULL,30,'','줄기에는 잎이 매우 가까이 붙어 있습니다. 이 줄기는 1미터 정도까지 자라며, 잎은 10~15cm의 길이와 4~6cm의 폭을 가지며 자리가 붉고 계란 모양입니다. 또한, 잎은 백분을 띠고 있습니다.',' ','빠름','불규칙형',25,'','당인',3,35,25,'필요함',2,'',12,20,'발코니 내측까지 이용 가능함- 잎의 각도 벌어짐','Kalanchoe thyrsifolia',4,'',53004,-2,'http://www.nongsaro.go.kr/cms_contents/1122/204832_MF_BIMG_01.jpg'),(204833,NULL,NULL,30,'','기부에서 시작해서 50cm 높이까지 자란 이 가지는 상당히 다육질이며, 원형 모양이며 길이는 7cm, 폭은 2cm 정도입니다. 줄기와 잎은 조밀하게 백모로 덮여 있고 잎 가장자리에는 톱니 모양으로 진한 갈색 반점이 있습니다.',' ','빠름','로제트형',25,'','월토이',3,35,25,'잘 견딤',1,'잎에 물이 묻지 않도록 꼼꼼히 관수했어요.',15,20,'발코니 창측까지 이용 가능함- 잎의 각도 벌어짐','Kalanchoe tomentosa',4,'',53003,5,'http://www.nongsaro.go.kr/cms_contents/1122/204833_MF_BIMG_01.jpg'),(204834,NULL,NULL,30,'','이 나무는 높이 약 30cm 정도의 낮은 분기저그로 자라며, 많은 가지가 발생하여 넓게 퍼집니다. 녹색 몸체에는 좀 두툼한 털이 있으며, 잎은 길이 약 2.5cm, 폭 약 1.2cm 정도로 많이 달려 있습니다. 이 잎은 월토이와 비슷한 털집이 많이 있습니다.',' ','빠름','불규칙형',25,'','웅동자',2,35,25,'잘 견딤',1,'따뜻하고 건조한 장소에서 잘 보관하면 좋습니다.',-1,20,'발코니 내측까지 이용 가능함-잎 가장자리의 적갈색 반점을 유지','Cotyledon tomentosa',4,'',53004,-1,'http://www.nongsaro.go.kr/cms_contents/1122/204834_MF_BIMG_01.jpg'),(204835,NULL,NULL,30,'','',' ','빠름','군생형',25,'','백미인',3,25,25,'약간 돌봄',2,'',20,20,'발코니 창측까지 이용 가능함','Cotyledon orbiculata sp.',4,'',53003,5,'http://www.nongsaro.go.kr/cms_contents/1122/204835_MF_BIMG_01.jpg'),(204836,NULL,NULL,30,'','이 잎은 백색과 녹색으로 이루어져 있으며, 보랏빛 홍색의 라인으로 둘러쌓여 있습니다. 성장 속도는 겨울철에는 둔화되고, 환경 온도가 5°C 이상 유지되면서 적은 양의 물을 주어야 합니다.',' ','느림','불규칙형',25,'','복랑',3,25,25,'필요함',3,'잎에 물이 닿지 않도록 조심하십시요.',20,20,'발코니 창측까지 이용 가능함','Cotyledon orbiculata var. oophylla',4,'',53004,5,'http://www.nongsaro.go.kr/cms_contents/1122/204836_MF_BIMG_01.jpg'),(204837,NULL,NULL,30,'','잎의 너비는 약 1~2cm 정도이고 빨간색띠가 있습니다.',' ','보통','로제트형',25,'','화제',3,25,25,'약간 돌봄',2,'이 사람은 추위와 더위에 둔감합니다.',20,20,'발코니 창측까지 이용 가능함','Crassula Americana \'Flame\' ',4,'',53004,5,'http://www.nongsaro.go.kr/cms_contents/1122/204837_MF_BIMG_01.jpg'),(204838,NULL,NULL,30,'','이 나무는 소형 종류로, 잎 전체가 붉게 물들어 예쁘게 자랄 수 있습니다. 하루라도 잘 키우면 더욱 건강한 모습을 보여줄 거에요.',' ','보통','군생형',25,'','적귀성',3,25,25,'필요함',3,'',20,20,'발코니 창측까지 이용 가능함','Crassula cappitella \'Campfire\' X C. fusca \'Momigimatsuri\' ',4,'',53004,5,'http://www.nongsaro.go.kr/cms_contents/1122/204838_MF_BIMG_01.jpg'),(204839,NULL,NULL,30,'','잎들은 길게 자라며 탑처럼 쌓이며 너비는 2~3cm 정도 입니다. 또한 육각형 모양을 지닌 잎도 있습니다.',' ','느림','탑형',25,'깍지벌레 주의','크라슐라 ‘부다템플’',3,30,25,'필요함',3,'',12,20,'발코니 내측까지 이용 가능함- 키가 자라 커다란 탑 모양을 만들지만 지지하는데문제가 없고, 창측과 전혀 다른 모습이지만관상가치 있음','Crassula \'Buddha\'s Temple\' ',4,'',53004,5,'http://www.nongsaro.go.kr/cms_contents/1122/204839_MF_BIMG_01.jpg'),(204840,NULL,NULL,30,'','',' ','빠름','포복형',25,'','크라슐라 ‘다비드’',3,25,25,'약간 돌봄',2,'한겨울에 좀 참아야겠네요.',20,20,'발코니 창측까지 이용 가능함','Crassula \'David\' ',4,'',53004,5,'http://www.nongsaro.go.kr/cms_contents/1122/204840_MF_BIMG_01.jpg'),(204841,NULL,NULL,30,'','생장 속도가 빠르고 다양한 형태를 가진 12cm 이하의 자람자생지는 여러분들이 키우기에 적합합니다. 특히, 여름철에는 물을 적게 주시는 것이 좋습니다.',' ','느림','포복형',25,'','백로',3,25,25,'필요함',3,'',20,20,'발코니 창측까지 이용 가능함','Crassula deltoidea',4,'',53004,5,'http://www.nongsaro.go.kr/cms_contents/1122/204841_MF_BIMG_01.jpg'),(204842,NULL,NULL,30,'','그 잎은 가늘고 길며 털이 부드럽게 덮여 있는 것 같습니다. 이 식물은 자라고 있으며, 봄에는 줄기를 잘라 번식할 수 있다고 합니다.',' ','빠름','관목형',25,'','은전',3,25,25,'약간 돌봄',2,'',20,20,'발코니 내측까지 이용 가능함- 창측의 형태를 유지하고 정단부쪽으로 약간절간장이 길어지지만 관상가치 있음','Crassula mesembryanthemoides',4,'',53004,0,'http://www.nongsaro.go.kr/cms_contents/1122/204842_MF_BIMG_01.jpg'),(204843,NULL,NULL,30,'','이 나는 풍성하고 두꺼운 잎으로 덮인, 대략 4cm 정도의 넓이를 가졌으며, 직사각형 모양으로 생긴 기둥입니다. 이 잎은 녹색과 연한회색 색상으로 교차해 있으며, 윗면은 평평하고 각이 있는 반면에 아랫면은 부풀어 오르며 볼록한 모양으로 완성됩니다.',' ','느림','탑형',25,'잎 사이에 물이 고이면 곰팡이병에 걸리기 쉬움곰팡이병에 걸리면 잎색이 갈색으로 변하면서형태가 쭈그러듦','기천',3,25,25,'필요함',3,'',20,20,'발코니 내측까지 이용 가능함- 키만 약간 자라지만 지지하는데 문제가 없고관상가치 있음','Crassula \'Moonglow\' ',4,'',53004,5,'http://www.nongsaro.go.kr/cms_contents/1122/204843_MF_BIMG_01.jpg'),(204844,NULL,NULL,30,'','좀 더 친절한 표현으로 바꿔보면 이렇게 됩니다.\n\n덩치가 큰 삼각형 모양의 잎은 십자 형식으로 서로 대면하며, 25~30cm 정도의 높이까지 성장합니다.',' ','느림','불규칙형',25,'','애성',3,25,25,'필요함',3,'',20,20,'발코니 창측까지 이용 가능함','Crassula nudicaulis var. herrei',4,'',53003,5,'http://www.nongsaro.go.kr/cms_contents/1122/204844_MF_BIMG_01.jpg'),(204845,NULL,NULL,30,'','이 식물은 실내에서 성장하여 1미터 정도까지 크기에 이르게 됩니다.',' ','빠름','관목형',25,'진딧물, 거미응애','염자',3,35,25,'약간 돌봄',1,'이 식물은 실내에서도 잘 자랄 뿐만 아니라 겨울철에는 7-13°C로 유지하는 것이 가장 적합합니다.',15,20,'발코니 내측까지 이용 가능함','Crassula ovata',4,'',53004,3,'http://www.nongsaro.go.kr/cms_contents/1122/204845_MF_BIMG_01.jpg'),(204846,NULL,NULL,30,'','이 잎은 십자성과 비슷한 모양을 가지고 있지만, 잎에는 멋진 무늬가 있고 조금 더 얇은 편입니다. 그리고 서로 마주보는 두 잎은 연두색이며 열십자 모양으로 교차합니다. 이 잎은 분지성이라 많은 줄기가 자라며, 최대 46cm까지 자라기도 합니다.',' ','보통','탑형',25,'잎에 물기가 남아 있으면 충이 잘 생김','남십자성',3,25,25,'약간 돌봄',2,'',20,20,'발코니 창측까지 이용 가능함','Crassula perforata var. variegata',4,'',53003,4,'http://www.nongsaro.go.kr/cms_contents/1122/204846_MF_BIMG_01.jpg'),(204847,NULL,NULL,30,'','이 식물은 분지성이어서 자랄 때마다 많은 가지들이 생기는데, 가끔 중간에는 쓰러져서 자라는 경우도 있습니다. 잎은 마주 나오며, 끝 부분이 뾰족하며 타원형에 가깝습니다. 잎의 색깔은 회녹색이며 둘레에는 적색무늬가 있습니다. 길이는 15~25mm, 폭은 9~13mm 정도입니다.',' ','보통','탑형',25,'','십자성',3,25,25,'약간 돌봄',2,'',20,20,'발코니 창측까지 이용 가능함','Crassula perforata',4,'',53003,5,'http://www.nongsaro.go.kr/cms_contents/1122/204847_MF_BIMG_01.jpg'),(204848,NULL,NULL,30,'','이 잎은 끝 부분이 빨판 모양이며, 원통형 줄기는 견고하지 않고 추운 날씨에 취약합니다. \n\nThe leaves have a red, oblong shape at the tip, and the cylindrical stems are weak and vulnerable to cold weather.',' ','보통','불규칙형',25,'','우주목',3,25,25,'약간 돌봄',2,'',20,20,'발코니 내측까지 이용 가능함- 창측의 형태를 유지하나 붉은 빛은 적어지고전반적으로 녹색을 띰','Crassula portulacea monstrosa \'Gollum\' ',4,'',53003,5,'http://www.nongsaro.go.kr/cms_contents/1122/204848_MF_BIMG_01.jpg'),(204849,NULL,NULL,30,'','이 식물은 15~30cm 정도로 성장하며, 줄기에 여러 마디가 있고 그 위에 비스듬하게 만난 많은 잎이 있습니다. 잎은 둥글고 짧으며 푸석거리는 느낌이 듭니다. 줄기는 가늘고 직선적으로 자란 후에 옆으로 퍼져서 살짝접니다.',' ','보통','탑형',25,'잎에 물기가 있으면 충이 생길 수 있음','무을녀',3,30,25,'약간 돌봄',2,'',15,20,'발코니 창측까지 이용 가능함- 발코니 내측에서는 가장 선단에 있는 어린 잎 웃자람','Crassula rupestriss \'Marnieriana\' ',4,'',53004,10,'http://www.nongsaro.go.kr/cms_contents/1122/204849_MF_BIMG_01.jpg'),(204850,NULL,NULL,30,'','이 식물의 잎은 화월보다 더욱 둥글며 가장자리가 붉게 색이 입혀져 있습니다. 여름에는 파란빛으로 변하고, 가을이 되면 다시 노란색으로 변합니다.',' ','보통','관목형',25,'배수가 안 되면 잿빛곰팡이병에 걸리기 쉬움진딧물, 거미응애','신화월',3,25,25,'약간 돌봄',1,'따뜻한 환경이라면 실외에서도 식지 않습니다만, 서리에는 매우 민감하여 주의해야 합니다.',20,20,'발코니 내측까지 이용 가능함- 잎에 광택이나는 녹색으로 건강해 보임','Crassula ovata \'Obliqua\' ',4,'',53004,5,'http://www.nongsaro.go.kr/cms_contents/1122/204850_MF_BIMG_01.jpg'),(204851,NULL,NULL,30,'','이 식물체는 지름이 10cm이며, 돌려나는 독특한 모양의 두꺼운 잎을 가지고 방추형이에요. 또한 성장 속도는 느린 편이고, 줄기는 엄지손가락보다 더 굵고 나무같은 질감을 보여줘요.',' ','빠름','로제트형',25,'','군작',3,25,25,'약간 돌봄',2,'',20,20,'발코니 창측까지 이용 가능함- 잎의 각도 벌어짐','Pachyphytum viride',4,'',53004,2,'http://www.nongsaro.go.kr/cms_contents/1122/204851_MF_BIMG_01.jpg'),(204852,NULL,NULL,30,'','이 나무는 크기가 작고 낮은 모양이며 잎 끝이 넓고 둥글며 약간 뾰족합니다. 또한 잎은 옅은 청록색으로 백분이 있으며 길이는 2-4cm, 폭은 2-2.5cm이며 두께는 1-1.5cm으로 꽤 두껍습니다.',' ','빠름','불규칙형',25,'','성미인',2,25,25,'필요함',2,'',20,20,'발코니 내측까지 이용 가능함- 약간 키가 커졌으나 잎의 두께와 모양 등은변하지 않고 관상가치 유지함','Pachyphytum oviferum',4,'',53004,7,'http://www.nongsaro.go.kr/cms_contents/1122/204852_MF_BIMG_01.jpg'),(204853,NULL,NULL,30,'','목대에 얇고 가는 물감 또는 기름 등이 붙어 끈적거리는 현상이 있습니다.',' ','보통','불규칙형',25,'','홍미인',3,25,25,'약간 돌봄',2,'',20,20,'발코니 내측까지 이용 가능함- 분홍빛은 띠지 않고 연한 백분을 유지함잎의 각도가 아래로 벌어짐','Pachyphytum oviferum ‘Momovijin’ ',4,'',53004,0,'http://www.nongsaro.go.kr/cms_contents/1122/204853_MF_BIMG_01.jpg'),(204854,NULL,NULL,30,'','',' ','','로제트형',25,'','일레인',3,25,25,'약간 돌봄',2,'',20,20,'발코니 창측까지 이용 가능함','Pachyveria \'Elaine Reinelt\' ',4,'',53004,10,'http://www.nongsaro.go.kr/cms_contents/1122/204854_MF_BIMG_01.jpg'),(204855,NULL,NULL,30,'','한 줄로 더 쉽게 관측할 수 있는, 다육 식물의 모습을 살펴볼까요? 줄기가 곧게 선 상태에서 일정한 간격으로 살짝 길게 떨어진 잎들이 자란 뒤, 마지막에는 주걱 모양의 긴 잎들이 언제나 탐스러울 정도로 연속되어 나옵니다. 이 다육식물의 특징으로는 성장 기간 동안, 그리고 그 이후에도, 백분으로 미세하게 포트가 덮인 청량감 있는 흰 잎면이 자랍니다. 무늬 없이 깔끔하게 자란 이에는 언제나, 세공이 탄탄하고 강한 목화됨이 곧입니다.',' ','빠름','군생형',25,'','입전',3,25,25,'약간 돌봄',2,'',20,20,'발코니 창측까지 이용 가능함- 잎이 아래로 쳐지면서 벌어짐','Pachyveria scheideckeri',4,'',53003,3,'http://www.nongsaro.go.kr/cms_contents/1122/204855_MF_BIMG_01.jpg'),(204856,NULL,NULL,30,'','이 문장을 다음과 같이 바꿔봅시다.\n\n이 꽃은 약 15cm의 너비를 가진 장미꽃 모양이며, 그 잎은 연한 붉은색이고 두꺼운 반원통 모양입니다.',' ','빠름','군생형',25,'고온 다습 환경시 충해의 피해가 큼','자려전',3,25,25,'약간 돌봄',2,'',20,20,'발코니 창측까지 이용 가능함','Pachyveria \'Royal Flush\' ',4,'',53004,3,'http://www.nongsaro.go.kr/cms_contents/1122/204856_MF_BIMG_01.jpg'),(204857,NULL,NULL,30,'','이 나무의 잎은 두껍고 길며, 살짝 빛나는 백분이 나타납니다. 그러나 억지로 따면 상처가 남을 수 있다는 점은 주의해야 해요. 또한 여름철에는 물을 적게 주는 것이 좋고, 이 나무는 번식이 잘되니 참고하세요.',' ','보통','로제트형',25,'','상조',3,25,25,'약간 돌봄',2,'',20,20,'','Pachyveria exotica',4,'',53004,3,'http://www.nongsaro.go.kr/cms_contents/1122/204857_MF_BIMG_01.jpg'),(204858,NULL,NULL,30,'','이 식물은 잎의 길이가 약 7cm 정도이고, 얇으며 부드러운 호저기에 반문이 많이 생긴 군생잎을 가집니다. 그러나 이 식물의 성장 속도는 조금 느리며, 반점이 약하다는 특징이 있습니다.',' ','느림','로제트형',25,'','자보',3,25,25,'잘 견딤',1,'',20,20,'발코니 내측까지 이용 가능함- 창측의 형태와 반점은 변함 없고 색깔이 녹색으로 변함','Gasteria gracilis var. minima',4,'',53004,-5,'http://www.nongsaro.go.kr/cms_contents/1122/204858_MF_BIMG_01.jpg'),(204859,NULL,NULL,30,'','이 식물체는 지름이 10cm 정도인 작은 종류이며, 잎 가장자리에는 작은 가시가 있습니다. 또한, 줄기에서 분지한 모습을 보입니다.',' ','빠름','불규칙형',25,'','불야성',2,25,25,'약간 돌봄',1,'',20,20,'발코니 내측까지 이용 가능함- 창측에 비해 싱그러운 녹색을 띠며 생육하여건강해 보임','Aloe mitriformis',4,'',53004,5,'http://www.nongsaro.go.kr/cms_contents/1122/204859_MF_BIMG_01.jpg'),(204860,NULL,NULL,30,'','이 식물은 소형종으로, 지름이 10cm입니다. 널리 알려진 노란 꽃이 피는데, 많은 수의 약형태의 자주도 보입니다. 이 식물은 겨울철에도 잘 자랍니다.',' ','빠름','불규칙형',25,'','알로에',2,25,25,'약간 돌봄',1,'',20,20,'발코니 내측까지 이용 가능함- 창측에 비해 싱그러운 녹색을 띠며 생육하여건강해 보임','Aloe ssp.',4,'',53004,5,'http://www.nongsaro.go.kr/cms_contents/1122/204860_MF_BIMG_01.jpg'),(204861,NULL,NULL,30,'','이 식물은 줄기가 없고 로제트의 지름이 8~10cm입니다. 잎은 길이가 약 4~4.5cm이고 폭은 1.5cm 정도로 긴 삼각형 모양입니다. 선단은 뾰족합니다. 또한, 잎의 뒷면의 결절은 백색이며 가로줄무늬가 있어요. Haworthia속 식물 중에서 가장 널리 알려진 종 중 하나입니다.',' ','보통','로제트형',25,'','십이지권',3,25,25,'약간 돌봄',2,'',20,20,'발코니 내측까지 이용 가능함- 창측에 비해 형태 유지가 좋으며 싱그러운 녹색을띠어 건강해 보임','Haworthia reinwardtii \'Brevucula\' ',4,'',53004,10,'http://www.nongsaro.go.kr/cms_contents/1122/204861_MF_BIMG_01.jpg'),(204862,NULL,NULL,30,'','줄기가 없는 잎은 로제트 모양을 이루며, 3~5cm 크기의 두꺼운 잎은 약 15~20개정도로 넓게 직립하여 성장합니다. 이러한 잎은 진한 청색을 띠고 흰색의 라인이 있어 매우 아름다운 모습을 자랑합니다.',' ','보통','로제트형',25,'','수',2,25,25,'약간 돌봄',2,'잎사귀들이 너무 붙어있어서 공기가 잘 통하지 않으면 곰팡이 균이 번식하기 쉬워집니다. 따라서 통풍에 필요한 조치를 취해주세요.',20,20,'발코니 내측까지 이용 가능함- 잎이 진한 녹색으로 탱글탱글해짐','Haworthia bayeri',4,'',53004,10,'http://www.nongsaro.go.kr/cms_contents/1122/204862_MF_BIMG_01.jpg'),(204863,NULL,NULL,30,'','이 잎은 연한 녹색이며, 잎면에 하얀색 줄무늬가 있으며 상단에 삼각형 모양의 창이 있습니다. 이 잎은 기부에서 양성된 것입니다.',' ','보통','로제트형',25,'','야로수',2,22,25,'약간 돌봄',2,'잎사귀들이 서로 딱 붙어있어서 공기가 잘 통하지 않으면 곰팡이가 번식하기 쉬워집니다. 그래서 공기가 잘 통하도록 주의해야 합니다.',18,20,'발코니 내측까지 이용 가능함- 창측보다 싱싱한 녹색으로 탱글탱글해짐','Haworthia turgida var. longibracteata',4,'',53004,10,'http://www.nongsaro.go.kr/cms_contents/1122/204863_MF_BIMG_01.jpg'),(204864,NULL,NULL,30,'','이 식물들은 소형종으로 모여 빽빽한 군락을 이룹니다. 또한, 생장 과정에서 새로운 자구를 잎 사이에서 낸다는 점이 특징입니다. 이 식물들은 강한 햇빛이 닿으면 잎이 타버리기 쉬우므로, 반그늘에서 자라는 것이 좋으며 습지에서는 쉽게 궤양될 수 있습니다.',' ','보통','군생형',25,'','모난데스 폴리필라',2,25,25,'약간 돌봄',1,'',20,20,'','Monanthes polyphylla',4,'',53003,0,'http://www.nongsaro.go.kr/cms_contents/1122/204864_MF_BIMG_01.jpg'),(204865,NULL,NULL,30,'','바위솔로의 검은 잎은 조명에 따라 빛을 잘 받아 빛나는 효과를 줘요. 둥글고 볼륨 있고 살짝 부드러운 바위솔로 잎은 생기 있게 자라요.',' ','느림','군생형',25,'','사마로',3,25,25,'필요함',3,'',20,20,'발코니 내측까지 이용 가능함- 약간 부피감이 커지는듯 하지만 형태와 색이거의 변함 없음','Sinocrassula yunnanensis',4,'',53004,3,'http://www.nongsaro.go.kr/cms_contents/1122/204865_MF_BIMG_01.jpg'),(204866,NULL,NULL,30,'','',' ','빠름','군생형',25,'','입전봉',3,25,25,'필요함',3,'',20,20,'발코니 내측까지 이용 가능함- 약간 부피감이 커지고 붉은색이 연해짐','Sinocrassula densirosulata',4,'',53004,5,'http://www.nongsaro.go.kr/cms_contents/1122/204866_MF_BIMG_01.jpg'),(204867,NULL,NULL,30,'','이 식물은 관목 형태를 띠고, 잎은 가위 모양을 가지며, 포복성이 있어 가지가 길어지면 옆으로 살짝 기울어 진행합니다. 어린 가지는 붉은색을 띠며, 성장이 완료된 가지는 목질화됩니다. 높이는 90cm입니다.',' ','보통','불규칙형',25,'','벽어연',2,25,25,'약간 돌봄',2,'',20,20,'발코니 내측까지 이용 가능함- 창측과 형태와 색상 모두 유지함','Echinus maximilianus',4,'',53004,0,'http://www.nongsaro.go.kr/cms_contents/1122/204867_MF_BIMG_01.jpg'),(204868,NULL,NULL,30,'','이 식물은 원예에서 선발한 특별한 품종으로, 지름이 대략 4cm 정도이며 잎의 단면은 삼각형 모양을 이루고 있습니다. 더불어, 잎이 매우 빽빽하게 겹쳐져 있으며 진녹색이며 매끈합니다. 잎 가장자리는 둘러싸인 흰색 줄무늬가 있어 단인하고 독특한 느낌을 줍니다.',' ','보통','로제트형',25,'','미파',2,25,25,'필요함',3,'',20,20,'발코니 내측까지 이용 가능함- 창측과 형태와 색상 모두 유지함','Faucaria tigrina \'Kikunami\' ',4,'',53004,0,'http://www.nongsaro.go.kr/cms_contents/1122/204868_MF_BIMG_01.jpg'),(204869,NULL,NULL,30,'','이 식물의 잎은 15cm 정도 길이가 있으며 넓고 다양한 무늬가 있습니다.',' ','빠름','로제트형',25,'병충해에는 별로 걸리지 않으나 잎을 깨끗이 닦아주도록 함','산세베리아 ‘하니’',2,27,25,'약간 돌봄',1,'10월 상, 중순부터 점차 물을 줄이고 비료도 주지 않으며, 더운 기온에는 잘 자라지만 추운 기온에는 약하므로, 겨울에는 적정온도 20-25℃를 유지하여 냉해를 막는 것이 좋습니다. 그리고 잘 보온해주세요.',18,20,'발코니 내측까지 이용 가능함- 형태와 색상 모두 유지하고 싱싱한 녹색 빛을 띰','Sansevieria trifasciata \'Hahnii\' ',4,'',53004,2,'http://www.nongsaro.go.kr/cms_contents/1122/204869_MF_BIMG_01.jpg'),(204870,NULL,NULL,30,'','',' ','느림','불규칙형',25,'','페페로미아 그라베올렌스',3,25,25,'필요함',3,'직접적인 햇빛과 습한 환경을 피해주세요.',20,20,'발코니 내측까지 이용 가능함- 창측의 형태 그대로 유지','Peperomia graveolens',4,'',53004,10,'http://www.nongsaro.go.kr/cms_contents/1122/204870_MF_BIMG_01.jpg');
/*!40000 ALTER TABLE `plants` ENABLE KEYS */;
UNLOCK TABLES;

--
-- Table structure for table `plants_alt_names`
--

DROP TABLE IF EXISTS `plants_alt_names`;
/*!40101 SET @saved_cs_client     = @@character_set_client */;
/*!50503 SET character_set_client = utf8mb4 */;
CREATE TABLE `plants_alt_names` (
  `id` bigint NOT NULL AUTO_INCREMENT,
  `alt_name` varchar(255) NOT NULL,
  `plant_id` bigint NOT NULL,
  PRIMARY KEY (`id`),
  KEY `FKryrc0fka7b4ymkiis9j2bxbyn` (`plant_id`),
  CONSTRAINT `FKryrc0fka7b4ymkiis9j2bxbyn` FOREIGN KEY (`plant_id`) REFERENCES `plants` (`id`)
) ENGINE=InnoDB AUTO_INCREMENT=308 DEFAULT CHARSET=utf8mb4 COLLATE=utf8mb4_0900_ai_ci;
/*!40101 SET character_set_client = @saved_cs_client */;

--
-- Dumping data for table `plants_alt_names`
--

LOCK TABLES `plants_alt_names` WRITE;
/*!40000 ALTER TABLE `plants_alt_names` DISABLE KEYS */;
INSERT INTO `plants_alt_names` VALUES (161,'파스향나무',12938),(162,'개운죽',12954),(163,'율마',12955),(164,'골드크리스터',12955),(165,'공작야자',12957),(166,'관음죽',12963),(167,'모기풀',12966),(168,'구즈마리아',12972),(169,'목서',12990),(170,'금목서',12990),(171,'구골나무',12990),(172,'박달목서',12990),(173,'자미오쿨카스',13186),(174,'돈나무',13186),(175,'금천죽',13196),(176,'뿔우단풀',13199),(177,'나도풍란',13202),(178,'대엽풍란',13202),(179,'복어꽃',13207),(180,'네마탄서스',13207),(181,'콩선인장',13210),(182,'뉴기니임파첸스',13218),(183,'가지마루',13333),(184,'가슈말',13333),(185,'듀피',13335),(186,'더피',13335),(187,'독구리난',13336),(188,'도꾸리난',13336),(189,'덕구리난',13336),(190,'덕구리란',13336),(191,'술병난',13336),(192,'노리나',13336),(193,'덴파레',13338),(194,'도깨비고비',13339),(195,'돈나무',13340),(196,'동백',14663),(197,'둥근잎 아랄리아',14674),(198,'듀란타',14675),(199,'초코향',14675),(200,'드라세나 \'송오브자마이카\'',14676),(201,'드라세나 \'와네끼\'',14687),(202,'송오브인디아',14694),(203,'송오브인디',14694),(204,'드라세나 \'자바\'',14696),(205,'콤팩타',14697),(206,'드라세나 \'트리컬러 레인보우\'',14698),(207,'드라코',14688),(208,'드라세나 마지나타',14689),(209,'맛상게아',14690),(210,'맛상케이아',14690),(211,'드라세나 산데리아나',14691),(212,'고드세피아',14695),(213,'곳세피아나',14695),(214,'드라세나 곳세피아나',14695),(215,'디지고데카',14699),(216,'마리안느',14700),(217,'옥마리안느',14700),(218,'디펜카키아',14713),(219,'디펜바키아',14713),(220,'떡갈나무',14911),(221,'떡깔나무',14911),(222,'러브체인',14913),(223,'렉스베고니아',14920),(224,'루모라고사리',15830),(225,'루스커스',16034),(226,'마란다',16038),(227,'마란타',16038),(228,'마삭나무',16238),(229,'마삭줄',16238),(230,'만년청',16239),(231,'넬슨',16241),(232,'만데빌라',16241),(233,'멕시코소철',16245),(234,'멜라니 고무나무',16246),(235,'목베고니아',16448),(236,'몬스테라',16449),(237,'무늬관음죽',17749),(238,'무늬마삭줄',17750),(239,'무늬벤자민고무나무',17751),(240,'무늬산호수',18575),(241,'무늬석창포',18576),(242,'무늬쉐플레라\'홍콩\'',18593),(243,'무늬유카',18597),(244,'무늬접란',18599),(245,'무늬털머위',18600),(246,'무늬팻츠헤데라',18602),(247,'트리안',18649),(248,'바위취',18656),(249,'반딧불털머위',18692),(250,'마삭줄',14916),(251,'백화등',14916),(252,'벤자민고무나무',14919),(253,'킹벤자민고무나무',15828),(254,'벵갈고무나무',15831),(255,'병솔나무',15835),(256,'보스톤고사리',16037),(257,'프테리스',16138),(258,'봉의꼬리',16138),(259,'부갠빌레아',18613),(260,'부겐베리아',18613),(261,'브룬펠시아',18652),(262,'산세베리아',19448),(263,'새우란',19455),(264,'새우난초',19455),(265,'소피아',19703),(266,'천사의 눈물',19704),(267,'병아리 눈물',19704),(268,'또래기',19704),(269,'수박페페',19706),(270,'이베리스',19713),(271,'홍콩야자',19715),(272,'스킨다비스',19716),(273,'신답서스',19716),(274,'스파트',19717),(275,'스파티필럼',19717),(276,'시클라멘',19707),(277,'심비디움',19712),(278,'싱고니움',19714),(279,'아글라오네마',19469),(280,'아그로네마',19469),(281,'석화',19468),(282,'사막의 장미',19468),(283,'아라우카리아',19466),(284,'아로카리아',19466),(285,'아마릴리스',19470),(286,'여우꼬리풀',18595),(287,'붉은여우꼬리풀',18595),(288,'온시디움',18589),(289,'왜란',18588),(290,'자란',17393),(291,'부자란',16450),(292,'치자나무',12989),(293,'인신그니스',14918),(294,'인시그니스',14918),(295,'털달개비',12996),(296,'파피오페딜럼',13247),(297,'폴리샤스',13213),(298,'폴리시아스',13213),(299,'타라',13193),(300,'블루체인',13193),(301,'제나두',13187),(302,'자나두',13187),(303,'협죽도',12978),(304,'유도화',12978),(305,'호주매',12973),(306,'호주매화',12973),(307,'흰꽃나도사프란',12920);
/*!40000 ALTER TABLE `plants_alt_names` ENABLE KEYS */;
UNLOCK TABLES;

--
-- Table structure for table `pots`
--

DROP TABLE IF EXISTS `pots`;
/*!40101 SET @saved_cs_client     = @@character_set_client */;
/*!50503 SET character_set_client = utf8mb4 */;
CREATE TABLE `pots` (
  `id` bigint NOT NULL AUTO_INCREMENT,
  `created_date` datetime(6) DEFAULT NULL,
  `last_modified_date` datetime(6) DEFAULT NULL,
  `experience` int DEFAULT '0',
  `humidity` double DEFAULT NULL,
  `illuminance` int DEFAULT NULL,
  `img_path` varchar(255) NOT NULL,
  `level` int DEFAULT '1',
  `name` varchar(255) NOT NULL,
  `nutrients_date` datetime(6) DEFAULT NULL,
  `plant_id` bigint DEFAULT NULL,
  `plant_kr_name` varchar(255) NOT NULL,
  `pruning_date` datetime(6) DEFAULT NULL,
  `sale_date` datetime(6) NOT NULL,
  `share` tinyint(1) DEFAULT '0',
  `survival` tinyint(1) DEFAULT '1',
  `temperature` double DEFAULT NULL,
  `user_id` bigint DEFAULT NULL,
  `water_date` datetime(6) DEFAULT NULL,
  PRIMARY KEY (`id`),
  KEY `FKs082jatym19bq59ywppkrnc2u` (`plant_id`),
  KEY `FK3sqixyp8gjl0x43gpgr7aall7` (`user_id`),
  CONSTRAINT `FK3sqixyp8gjl0x43gpgr7aall7` FOREIGN KEY (`user_id`) REFERENCES `users` (`id`),
  CONSTRAINT `FKs082jatym19bq59ywppkrnc2u` FOREIGN KEY (`plant_id`) REFERENCES `plants` (`id`)
) ENGINE=InnoDB AUTO_INCREMENT=57 DEFAULT CHARSET=utf8mb4 COLLATE=utf8mb4_0900_ai_ci;
/*!40101 SET character_set_client = @saved_cs_client */;

--
-- Dumping data for table `pots`
--

LOCK TABLES `pots` WRITE;
/*!40000 ALTER TABLE `pots` DISABLE KEYS */;
INSERT INTO `pots` VALUES (1,'2023-05-18 06:02:07.966463','2023-05-18 16:13:25.796415',0,50,500,'https://groot-a303-s3.s3.ap-northeast-2.amazonaws.com/pot/821eae92-8980-4b79-8dd6-f0b10ca275e7-prefix8360757608291822588extension',1,'abcabc',NULL,204775,'세덤 \'라울\'',NULL,'2023-05-18 06:02:07.966859',0,0,20,1,NULL),(8,'2023-05-18 08:56:03.486698','2023-05-19 02:23:34.144434',0,50,500,'https://groot-a303-s3.s3.ap-northeast-2.amazonaws.com/pot/62356285-7844-43ee-9163-dbff5b2d01a3-prefix4664315082968620481extension',5,'랄라',NULL,204775,'세덤 \'라울\'',NULL,'2023-05-18 08:56:03.487126',0,1,20,6,NULL),(9,'2023-05-18 09:01:49.467947','2023-05-19 02:22:47.090245',0,50,500,'https://groot-a303-s3.s3.ap-northeast-2.amazonaws.com/pot/3bb0ac55-1577-42c7-af52-617d80d923e8-prefix3781300577790631705extension',5,'디그닥',NULL,204806,'금황성',NULL,'2023-05-18 09:01:49.468266',0,1,20,6,'2023-05-18 09:03:23.889675'),(10,'2023-05-18 09:08:59.054898','2023-05-19 02:22:58.092117',0,50,500,'https://groot-a303-s3.s3.ap-northeast-2.amazonaws.com/pot/f806fce4-fc86-40cb-acca-517699f09336-prefix6301490518041901690extension',5,'초밥',NULL,13333,'대만고무나무',NULL,'2023-05-18 09:08:59.055202',0,1,20,6,'2023-05-18 09:09:13.293968'),(11,'2023-05-18 09:29:52.152918','2023-05-18 09:29:52.152918',0,50,500,'http://www.nongsaro.go.kr/cms_contents/1122/204869_MF_BIMG_01.jpg',1,'산셉',NULL,204869,'산세베리아 ‘하니’',NULL,'2023-05-18 09:29:52.153491',0,1,20,6,NULL),(14,'2023-05-18 11:17:44.558518','2023-05-18 14:35:40.859836',0,50,500,'https://nongsaro.go.kr/cms_contents/301/13210_MF_ATTACH_01.jpg',1,'롱롱',NULL,13210,'녹영',NULL,'2023-05-18 11:17:44.558746',0,0,20,4,NULL),(16,'2023-05-18 11:37:01.068686','2023-05-18 11:40:51.598749',20,50,500,'https://groot-a303-s3.s3.ap-northeast-2.amazonaws.com/pot/e77573fb-01f1-450f-ae4b-832b07ef3f3f-prefix6893045154716096265extension',8,'라우리','2023-05-18 11:40:51.598125',204775,'세덤 \'라울\'','2023-05-18 11:40:51.598125','2023-05-18 11:37:01.068916',0,1,20,6,'2023-05-18 11:38:42.571258'),(18,'2023-05-18 12:31:53.041447','2023-05-18 16:56:31.999223',150,50,500,'https://groot-a303-s3.s3.ap-northeast-2.amazonaws.com/pot/321de262-793c-4821-910d-70a1ec2af221-prefix4990986444830797242extension',6,'루루티티','2023-05-18 16:56:31.998451',204775,'세덤 \'라울\'','2023-05-18 16:56:31.998451','2023-05-18 12:31:53.041784',0,1,20,9,'2023-05-18 16:56:31.998451'),(20,'2023-05-18 12:50:35.799538','2023-05-18 17:52:54.208951',0,50,500,'https://nongsaro.go.kr/cms_contents/301/18654_MF_REPR_ATTACH_01.jpg',5,'페페','2023-05-18 17:52:54.208493',18654,'에메랄드리플 페페로미아','2023-05-18 17:52:54.208493','2023-05-18 12:50:35.799812',0,1,20,5,NULL),(21,'2023-05-18 13:15:46.586197','2023-05-19 02:20:31.714675',0,50,500,'https://nongsaro.go.kr/cms_contents/301/12975_MF_REPR_ATTACH_01.jpg',5,'소소','2023-05-19 02:20:31.714279',12975,'호야 엑소티카','2023-05-19 02:20:31.714279','2023-05-18 13:15:46.586450',0,1,20,6,'2023-05-19 02:20:31.714279'),(22,'2023-05-18 13:24:00.050086','2023-05-19 02:06:27.221865',0,50,500,'https://nongsaro.go.kr/cms_contents/301/19449_MF_REPR_ATTACH_01.jpg',5,'sff',NULL,19449,'산세베리아 \'골든 하니\'',NULL,'2023-05-18 13:24:00.079043',0,1,22.1,2,'2023-05-19 02:06:27.221527'),(23,'2023-05-18 13:24:03.775426','2023-05-18 13:24:03.775426',0,50,500,'https://nongsaro.go.kr/cms_contents/301/19449_MF_REPR_ATTACH_01.jpg',1,'sff',NULL,19449,'산세베리아 \'골든 하니\'',NULL,'2023-05-18 13:24:03.776430',0,1,22.1,2,NULL),(24,'2023-05-18 13:24:07.036766','2023-05-19 02:12:42.139663',0,50,500,'https://nongsaro.go.kr/cms_contents/301/19449_MF_REPR_ATTACH_01.jpg',5,'sff',NULL,19449,'산세베리아 \'골든 하니\'',NULL,'2023-05-18 13:24:07.037764',0,1,22.1,2,NULL),(26,'2023-05-18 14:25:52.274810','2023-05-18 18:01:25.245036',40,50,500,'https://nongsaro.go.kr/cms_contents/301/16245_MF_ATTACH_01.jpg',5,'루리',NULL,16245,'멕시코소철',NULL,'2023-05-18 14:25:52.275082',0,1,20,17,'2023-05-18 14:34:12.599230'),(27,'2023-05-18 14:31:02.621625','2023-05-18 14:31:36.995209',0,50,500,'https://groot-a303-s3.s3.ap-northeast-2.amazonaws.com/pot/0a54f3d0-f3ac-41b0-b513-b699892aa3b3-prefix4897139546782912056extension',1,'랄라',NULL,204844,'애성',NULL,'2023-05-18 14:31:02.621949',0,0,20,15,NULL),(29,'2023-05-18 14:49:58.387955','2023-05-18 14:50:10.197393',0,50,500,'https://groot-a303-s3.s3.ap-northeast-2.amazonaws.com/pot/33922946-5cd2-4b5a-b668-3b731fbc5bba-prefix3776759353284152896extension',5,'마파',NULL,204868,'미파',NULL,'2023-05-18 14:49:58.388409',0,1,20,15,'2023-05-18 14:50:10.197018'),(30,'2023-05-18 14:52:16.097611','2023-05-18 16:19:38.589463',60,50,500,'https://nongsaro.go.kr/cms_contents/301/14913_MF_REPR_ATTACH_01.jpg',7,'럽럽럽','2023-05-18 14:54:38.921239',14913,'러브체인','2023-05-18 14:54:38.921239','2023-05-18 14:52:16.097949',0,1,20,15,'2023-05-18 16:19:38.588996'),(31,'2023-05-18 14:54:50.081945','2023-05-18 15:33:28.959044',0,50,500,'https://nongsaro.go.kr/cms_contents/301/14913_MF_REPR_ATTACH_01.jpg',6,'러빙유','2023-05-18 15:32:52.009081',14913,'러브체인','2023-05-18 15:32:52.009081','2023-05-18 14:54:50.082246',0,1,20,17,'2023-05-18 14:55:41.042343'),(32,'2023-05-18 14:57:25.959208','2023-05-18 16:18:01.599203',0,50,500,'http://www.nongsaro.go.kr/cms_contents/1122/204853_MF_BIMG_01.jpg',6,'홍홍',NULL,204853,'홍미인',NULL,'2023-05-18 14:57:25.959747',0,1,20,4,'2023-05-18 15:07:40.350065'),(34,'2023-05-18 15:06:42.800228','2023-05-18 15:07:47.528319',20,50,500,'https://nongsaro.go.kr/cms_contents/301/13201_MF_REPR_ATTACH_01.jpg',5,'베베',NULL,13201,'꽃베고니아',NULL,'2023-05-18 15:06:42.800452',0,1,20,4,NULL),(37,'2023-05-18 15:51:50.593110','2023-05-18 15:51:50.593110',0,50,500,'https://groot-a303-s3.s3.ap-northeast-2.amazonaws.com/pot/73896b2b-7fa2-4a71-89ab-40ca9a11a6da-prefix2510101591527077520extension',1,'그루트',NULL,13249,'필로덴드론 콩고',NULL,'2023-05-18 15:51:50.593324',0,1,20,4,NULL),(38,'2023-05-18 16:13:19.068685','2023-05-18 16:13:19.068685',0,50,500,'https://nongsaro.go.kr/cms_contents/301/19449_MF_REPR_ATTACH_01.jpg',1,'산세산세',NULL,19449,'산세베리아 \'골든 하니\'',NULL,'2023-05-18 16:13:19.079289',0,1,20,18,NULL),(39,'2023-05-18 16:14:00.417904','2023-05-18 16:14:39.267765',0,50,500,'https://nongsaro.go.kr/cms_contents/301/19461_MF_ATTACH_08.jpg',5,'아이비',NULL,19461,'아이비',NULL,'2023-05-18 16:14:00.418270',0,1,20,18,'2023-05-18 16:14:39.267126'),(40,'2023-05-18 16:16:12.270779','2023-05-18 16:50:36.333586',20,50,500,'https://nongsaro.go.kr/cms_contents/301/12990_MF_ATTACH_04.jpg',5,'목서','2023-05-18 16:50:36.333275',12990,'금목서',NULL,'2023-05-18 16:16:12.271167',0,1,20,18,'2023-05-18 16:16:39.225435'),(41,'2023-05-18 16:16:35.181151','2023-05-18 16:16:35.181151',0,50,500,'https://nongsaro.go.kr/cms_contents/301/12972_MF_ATTACH_01.jpg',1,'소담',NULL,12972,'구즈마니아',NULL,'2023-05-18 16:16:35.181629',0,1,20,1,NULL),(43,'2023-05-18 16:50:24.263363','2023-05-18 17:42:00.158815',20,50,500,'https://nongsaro.go.kr/cms_contents/301/19449_MF_REPR_ATTACH_01.jpg',6,'아티','2023-05-18 16:50:42.213139',19449,'산세베리아 \'골든 하니\'','2023-05-18 16:50:42.213139','2023-05-18 16:50:24.263697',0,1,20,17,'2023-05-18 16:50:36.965805'),(46,'2023-05-18 17:54:04.702521','2023-05-18 17:54:09.240947',0,50,500,'https://nongsaro.go.kr/cms_contents/301/16034_MF_REPR_ATTACH_01.jpg',5,'루스','2023-05-18 17:54:09.240545',16034,'루스커스','2023-05-18 17:54:09.240545','2023-05-18 17:54:04.702890',0,1,20,5,NULL),(49,'2023-05-18 17:56:09.881124','2023-05-18 17:57:35.520429',40,50,500,'https://groot-a303-s3.s3.ap-northeast-2.amazonaws.com/pot/137dd04b-e078-49f7-b7a5-835334990ce5-prefix2015178737841470500extension',5,'울라','2023-05-18 17:56:55.366361',204775,'세덤 \'라울\'','2023-05-18 17:56:55.366361','2023-05-18 17:56:09.881527',0,1,20,5,'2023-05-18 17:56:34.762277'),(51,'2023-05-18 17:59:35.116234','2023-05-18 18:00:01.350860',70,50,500,'https://groot-a303-s3.s3.ap-northeast-2.amazonaws.com/pot/a2dcb637-ae10-4d5a-9655-b71dcd941ac0-prefix735282921819339093extension',4,'홍매','2023-05-18 18:00:01.350485',204802,'홍매화','2023-05-18 18:00:01.350485','2023-05-18 17:59:35.116590',0,1,20,5,'2023-05-18 17:59:48.253579'),(52,'2023-05-18 18:02:41.628301','2023-05-18 18:02:58.951097',10,50,500,'https://groot-a303-s3.s3.ap-northeast-2.amazonaws.com/pot/ffe5af33-59a4-4350-83bc-feb2d70f9b76-prefix3440853909404687482extension',6,'움칫','2023-05-18 18:02:58.947459',204775,'세덤 \'라울\'','2023-05-18 18:02:58.947459','2023-05-18 18:02:41.652843',0,1,20,5,'2023-05-18 18:02:51.778709'),(53,'2023-05-18 18:04:09.928226','2023-05-18 18:04:19.627382',0,50,500,'https://nongsaro.go.kr/cms_contents/301/14913_MF_REPR_ATTACH_01.jpg',5,'러브러라뷰','2023-05-18 18:04:19.626643',14913,'러브체인','2023-05-18 18:04:19.626643','2023-05-18 18:04:09.928639',0,1,20,9,'2023-05-18 18:04:19.626643'),(54,'2023-05-18 18:05:02.815168','2023-05-18 18:05:24.655016',10,50,500,'https://groot-a303-s3.s3.ap-northeast-2.amazonaws.com/pot/5af65411-a560-4717-b0d4-da746e39d209-prefix6159540831032604549extension',6,'티루','2023-05-18 18:05:24.654417',204775,'세덤 \'라울\'','2023-05-18 18:05:24.654417','2023-05-18 18:05:02.815598',0,1,20,5,'2023-05-18 18:05:13.008791'),(56,'2023-05-19 02:19:36.791272','2023-05-19 02:19:36.791272',0,50,500,'https://groot-a303-s3.s3.ap-northeast-2.amazonaws.com/pot/5898db39-c9c9-4445-9016-161761e5aeb4-prefix7618524968827424741extension',1,'하르방',NULL,12979,'헤테로파낙스 프라그란스 (해피트리)',NULL,'2023-05-19 02:19:36.791538',0,1,20,6,NULL);
/*!40000 ALTER TABLE `pots` ENABLE KEYS */;
UNLOCK TABLES;

--
-- Table structure for table `regions`
--

DROP TABLE IF EXISTS `regions`;
/*!40101 SET @saved_cs_client     = @@character_set_client */;
/*!50503 SET character_set_client = utf8mb4 */;
CREATE TABLE `regions` (
  `id` bigint NOT NULL AUTO_INCREMENT,
  `region` varchar(255) DEFAULT NULL,
  PRIMARY KEY (`id`)
) ENGINE=InnoDB AUTO_INCREMENT=5035 DEFAULT CHARSET=utf8mb4 COLLATE=utf8mb4_0900_ai_ci;
/*!40101 SET character_set_client = @saved_cs_client */;

--
-- Dumping data for table `regions`
--

LOCK TABLES `regions` WRITE;
/*!40000 ALTER TABLE `regions` DISABLE KEYS */;
INSERT INTO `regions` VALUES (1,'서울특별시 종로구 세종로'),(2,'서울특별시 종로구 종로1가'),(3,'서울특별시 종로구 운니동'),(4,'서울특별시 종로구 경운동'),(5,'서울특별시 종로구 관철동'),(6,'서울특별시 종로구 인사동'),(7,'서울특별시 종로구 낙원동'),(8,'서울특별시 종로구 종로2가'),(9,'서울특별시 종로구 신교동'),(10,'서울특별시 종로구 통인동'),(11,'서울특별시 종로구 누하동'),(12,'서울특별시 종로구 옥인동'),(13,'서울특별시 종로구 필운동'),(14,'서울특별시 종로구 교남동'),(15,'서울특별시 종로구 평동'),(16,'서울특별시 종로구 송월동'),(17,'서울특별시 종로구 홍파동'),(18,'서울특별시 종로구 교북동'),(19,'서울특별시 종로구 무악동'),(20,'서울특별시 종로구 종로5가'),(21,'서울특별시 종로구 서린동'),(22,'서울특별시 종로구 숭인동'),(23,'서울특별시 종로구 당주동'),(24,'서울특별시 종로구 신문로1가'),(25,'서울특별시 종로구 신문로2가'),(26,'서울특별시 종로구 평창동'),(27,'서울특별시 종로구 홍지동'),(28,'서울특별시 종로구 신영동'),(29,'서울특별시 종로구 관수동'),(30,'서울특별시 종로구 종로3가'),(31,'서울특별시 종로구 창신동'),(32,'서울특별시 종로구 와룡동'),(33,'서울특별시 종로구 인의동'),(34,'서울특별시 종로구 예지동'),(35,'서울특별시 종로구 원남동'),(36,'서울특별시 종로구 종로4가'),(37,'서울특별시 종로구 혜화동'),(38,'서울특별시 종로구 명륜2가'),(39,'서울특별시 종로구 명륜4가'),(40,'서울특별시 종로구 명륜3가'),(41,'서울특별시 종로구 연건동'),(42,'서울특별시 종로구 연지동'),(43,'서울특별시 종로구 효제동'),(44,'서울특별시 종로구 종로6가'),(45,'서울특별시 종로구 충신동'),(46,'서울특별시 종로구 이화동'),(47,'서울특별시 종로구 동숭동'),(48,'서울특별시 종로구 묘동'),(49,'서울특별시 종로구 장사동'),(50,'서울특별시 종로구 삼청동'),(51,'서울특별시 종로구 화동'),(52,'서울특별시 종로구 가회동'),(53,'서울특별시 종로구 재동'),(54,'서울특별시 종로구 계동'),(55,'서울특별시 종로구 적선동'),(56,'서울특별시 종로구 내자동'),(57,'서울특별시 종로구 사직동'),(58,'서울특별시 종로구 행촌동'),(59,'서울특별시 종로구 청진동'),(60,'서울특별시 종로구 수송동'),(61,'서울특별시 종로구 공평동'),(62,'서울특별시 종로구 견지동'),(63,'서울특별시 종로구 팔판동'),(64,'서울특별시 종로구 소격동'),(65,'서울특별시 종로구 사간동'),(66,'서울특별시 종로구 명륜1가'),(67,'서울특별시 종로구 관훈동'),(68,'서울특별시 종로구 중학동'),(69,'서울특별시 종로구 권농동'),(70,'서울특별시 종로구 안국동'),(71,'서울특별시 종로구 원서동'),(72,'서울특별시 종로구 부암동'),(73,'서울특별시 종로구 청운동'),(74,'서울특별시 종로구 궁정동'),(75,'서울특별시 종로구 효자동'),(76,'서울특별시 종로구 창성동'),(77,'서울특별시 종로구 통의동'),(78,'서울특별시 종로구 체부동'),(79,'서울특별시 종로구 훈정동'),(80,'서울특별시 종로구 구기동'),(81,'서울특별시 종로구 내수동'),(82,'서울특별시 종로구 봉익동'),(83,'서울특별시 종로구 익선동'),(84,'서울특별시 종로구 돈의동'),(85,'서울특별시 종로구 도렴동'),(86,'서울특별시 종로구 누상동'),(87,'서울특별시 종로구 송현동'),(88,'서울특별시 중구 무교동'),(89,'서울특별시 중구 태평로1가'),(90,'서울특별시 중구 북창동'),(91,'서울특별시 중구 태평로2가'),(92,'서울특별시 중구 남대문로4가'),(93,'서울특별시 중구 남대문로5가'),(94,'서울특별시 중구 봉래동1가'),(95,'서울특별시 중구 서소문동'),(96,'서울특별시 중구 정동'),(97,'서울특별시 중구 봉래동2가'),(98,'서울특별시 중구 을지로2가'),(99,'서울특별시 중구 장교동'),(100,'서울특별시 중구 충무로2가'),(101,'서울특별시 중구 저동1가'),(102,'서울특별시 중구 예장동'),(103,'서울특별시 중구 순화동'),(104,'서울특별시 중구 의주로1가'),(105,'서울특별시 중구 충정로1가'),(106,'서울특별시 중구 장충동1가'),(107,'서울특별시 중구 장충동2가'),(108,'서울특별시 중구 쌍림동'),(109,'서울특별시 중구 을지로5가'),(110,'서울특별시 중구 방산동'),(111,'서울특별시 중구 오장동'),(112,'서울특별시 중구 신당동'),(113,'서울특별시 중구 을지로1가'),(114,'서울특별시 중구 수표동'),(115,'서울특별시 중구 을지로3가'),(116,'서울특별시 중구 충무로3가'),(117,'서울특별시 중구 저동2가'),(118,'서울특별시 중구 충무로4가'),(119,'서울특별시 중구 충무로5가'),(120,'서울특별시 중구 인현동2가'),(121,'서울특별시 중구 예관동'),(122,'서울특별시 중구 을지로4가'),(123,'서울특별시 중구 주교동'),(124,'서울특별시 중구 흥인동'),(125,'서울특별시 중구 황학동'),(126,'서울특별시 중구 중림동'),(127,'서울특별시 중구 다동'),(128,'서울특별시 중구 삼각동'),(129,'서울특별시 중구 을지로6가'),(130,'서울특별시 중구 입정동'),(131,'서울특별시 중구 산림동'),(132,'서울특별시 중구 남대문로1가'),(133,'서울특별시 중구 소공동'),(134,'서울특별시 중구 남창동'),(135,'서울특별시 중구 남대문로2가'),(136,'서울특별시 중구 남대문로3가'),(137,'서울특별시 중구 회현동1가'),(138,'서울특별시 중구 충무로1가'),(139,'서울특별시 중구 명동1가'),(140,'서울특별시 중구 명동2가'),(141,'서울특별시 중구 광희동1가'),(142,'서울특별시 중구 초동'),(143,'서울특별시 중구 인현동1가'),(144,'서울특별시 중구 묵정동'),(145,'서울특별시 중구 필동2가'),(146,'서울특별시 중구 필동3가'),(147,'서울특별시 중구 회현동2가'),(148,'서울특별시 중구 남산동2가'),(149,'서울특별시 중구 남산동3가'),(150,'서울특별시 중구 을지로7가'),(151,'서울특별시 중구 만리동1가'),(152,'서울특별시 중구 필동1가'),(153,'서울특별시 중구 의주로2가'),(154,'서울특별시 중구 회현동3가'),(155,'서울특별시 중구 남산동1가'),(156,'서울특별시 중구 남학동'),(157,'서울특별시 중구 주자동'),(158,'서울특별시 중구 광희동2가'),(159,'서울특별시 중구 무학동'),(160,'서울특별시 중구 만리동2가'),(161,'서울특별시 중구 수하동'),(162,'서울특별시 용산구 용산동2가'),(163,'서울특별시 용산구 용산동4가'),(164,'서울특별시 용산구 이태원동'),(165,'서울특별시 용산구 동빙고동'),(166,'서울특별시 용산구 서빙고동'),(167,'서울특별시 용산구 갈월동'),(168,'서울특별시 용산구 남영동'),(169,'서울특별시 용산구 동자동'),(170,'서울특별시 용산구 한강로1가'),(171,'서울특별시 용산구 한강로2가'),(172,'서울특별시 용산구 한강로3가'),(173,'서울특별시 용산구 한남동'),(174,'서울특별시 용산구 원효로1가'),(175,'서울특별시 용산구 원효로2가'),(176,'서울특별시 용산구 효창동'),(177,'서울특별시 용산구 용문동'),(178,'서울특별시 용산구 문배동'),(179,'서울특별시 용산구 신계동'),(180,'서울특별시 용산구 청암동'),(181,'서울특별시 용산구 도원동'),(182,'서울특별시 용산구 서계동'),(183,'서울특별시 용산구 청파동1가'),(184,'서울특별시 용산구 청파동2가'),(185,'서울특별시 용산구 청파동3가'),(186,'서울특별시 용산구 신창동'),(187,'서울특별시 용산구 산천동'),(188,'서울특별시 용산구 원효로4가'),(189,'서울특별시 용산구 이촌동'),(190,'서울특별시 용산구 후암동'),(191,'서울특별시 용산구 원효로3가'),(192,'서울특별시 용산구 용산동1가'),(193,'서울특별시 용산구 보광동'),(194,'서울특별시 용산구 용산동5가'),(195,'서울특별시 용산구 주성동'),(196,'서울특별시 용산구 용산동6가'),(197,'서울특별시 용산구 용산동3가'),(198,'서울특별시 성동구 용답동'),(199,'서울특별시 성동구 성수동2가'),(200,'서울특별시 성동구 송정동'),(201,'서울특별시 성동구 성수동1가'),(202,'서울특별시 성동구 금호동3가'),(203,'서울특별시 성동구 금호동4가'),(204,'서울특별시 성동구 금호동2가'),(205,'서울특별시 성동구 옥수동'),(206,'서울특별시 성동구 상왕십리동'),(207,'서울특별시 성동구 홍익동'),(208,'서울특별시 성동구 마장동'),(209,'서울특별시 성동구 행당동'),(210,'서울특별시 성동구 하왕십리동'),(211,'서울특별시 성동구 도선동'),(212,'서울특별시 성동구 사근동'),(213,'서울특별시 성동구 응봉동'),(214,'서울특별시 성동구 금호동1가'),(215,'서울특별시 광진구 중곡동'),(216,'서울특별시 광진구 능동'),(217,'서울특별시 광진구 구의동'),(218,'서울특별시 광진구 광장동'),(219,'서울특별시 광진구 군자동'),(220,'서울특별시 광진구 자양동'),(221,'서울특별시 광진구 화양동'),(222,'서울특별시 동대문구 신설동'),(223,'서울특별시 동대문구 용두동'),(224,'서울특별시 동대문구 답십리동'),(225,'서울특별시 동대문구 장안동'),(226,'서울특별시 동대문구 전농동'),(227,'서울특별시 동대문구 휘경동'),(228,'서울특별시 동대문구 제기동'),(229,'서울특별시 동대문구 이문동'),(230,'서울특별시 동대문구 회기동'),(231,'서울특별시 동대문구 청량리동'),(232,'서울특별시 중랑구 신내동'),(233,'서울특별시 중랑구 면목동'),(234,'서울특별시 중랑구 상봉동'),(235,'서울특별시 중랑구 중화동'),(236,'서울특별시 중랑구 묵동'),(237,'서울특별시 중랑구 망우동'),(238,'서울특별시 성북구 동소문동5가'),(239,'서울특별시 성북구 삼선동4가'),(240,'서울특별시 성북구 삼선동5가'),(241,'서울특별시 성북구 보문동4가'),(242,'서울특별시 성북구 보문동5가'),(243,'서울특별시 성북구 보문동7가'),(244,'서울특별시 성북구 보문동1가'),(245,'서울특별시 성북구 보문동2가'),(246,'서울특별시 성북구 성북동1가'),(247,'서울특별시 성북구 삼선동1가'),(248,'서울특별시 성북구 안암동4가'),(249,'서울특별시 성북구 안암동5가'),(250,'서울특별시 성북구 종암동'),(251,'서울특별시 성북구 하월곡동'),(252,'서울특별시 성북구 장위동'),(253,'서울특별시 성북구 석관동'),(254,'서울특별시 성북구 길음동'),(255,'서울특별시 성북구 정릉동'),(256,'서울특별시 성북구 상월곡동'),(257,'서울특별시 성북구 성북동'),(258,'서울특별시 성북구 돈암동'),(259,'서울특별시 성북구 동소문동1가'),(260,'서울특별시 성북구 동소문동2가'),(261,'서울특별시 성북구 동소문동3가'),(262,'서울특별시 성북구 동소문동4가'),(263,'서울특별시 성북구 동소문동6가'),(264,'서울특별시 성북구 동선동1가'),(265,'서울특별시 성북구 동선동4가'),(266,'서울특별시 성북구 삼선동2가'),(267,'서울특별시 성북구 삼선동3가'),(268,'서울특별시 성북구 동소문동7가'),(269,'서울특별시 성북구 동선동5가'),(270,'서울특별시 성북구 안암동2가'),(271,'서울특별시 성북구 안암동3가'),(272,'서울특별시 성북구 보문동6가'),(273,'서울특별시 성북구 보문동3가'),(274,'서울특별시 성북구 동선동2가'),(275,'서울특별시 성북구 동선동3가'),(276,'서울특별시 성북구 안암동1가'),(277,'서울특별시 강북구 미아동'),(278,'서울특별시 강북구 번동'),(279,'서울특별시 강북구 수유동'),(280,'서울특별시 강북구 우이동'),(281,'서울특별시 도봉구 창동'),(282,'서울특별시 도봉구 쌍문동'),(283,'서울특별시 도봉구 방학동'),(284,'서울특별시 도봉구 도봉동'),(285,'서울특별시 노원구 공릉동'),(286,'서울특별시 노원구 상계동'),(287,'서울특별시 노원구 중계동'),(288,'서울특별시 노원구 하계동'),(289,'서울특별시 노원구 월계동'),(290,'서울특별시 은평구 진관동'),(291,'서울특별시 은평구 녹번동'),(292,'서울특별시 은평구 갈현동'),(293,'서울특별시 은평구 구산동'),(294,'서울특별시 은평구 대조동'),(295,'서울특별시 은평구 응암동'),(296,'서울특별시 은평구 역촌동'),(297,'서울특별시 은평구 불광동'),(298,'서울특별시 은평구 신사동'),(299,'서울특별시 은평구 수색동'),(300,'서울특별시 은평구 증산동'),(301,'서울특별시 서대문구 충정로2가'),(302,'서울특별시 서대문구 미근동'),(303,'서울특별시 서대문구 냉천동'),(304,'서울특별시 서대문구 천연동'),(305,'서울특별시 서대문구 옥천동'),(306,'서울특별시 서대문구 영천동'),(307,'서울특별시 서대문구 현저동'),(308,'서울특별시 서대문구 홍제동'),(309,'서울특별시 서대문구 홍은동'),(310,'서울특별시 서대문구 충정로3가'),(311,'서울특별시 서대문구 합동'),(312,'서울특별시 서대문구 연희동'),(313,'서울특별시 서대문구 북가좌동'),(314,'서울특별시 서대문구 남가좌동'),(315,'서울특별시 서대문구 북아현동'),(316,'서울특별시 서대문구 대현동'),(317,'서울특별시 서대문구 창천동'),(318,'서울특별시 서대문구 대신동'),(319,'서울특별시 서대문구 신촌동'),(320,'서울특별시 서대문구 봉원동'),(321,'서울특별시 마포구 상암동'),(322,'서울특별시 마포구 아현동'),(323,'서울특별시 마포구 공덕동'),(324,'서울특별시 마포구 도화동'),(325,'서울특별시 마포구 마포동'),(326,'서울특별시 마포구 신공덕동'),(327,'서울특별시 마포구 대흥동'),(328,'서울특별시 마포구 염리동'),(329,'서울특별시 마포구 노고산동'),(330,'서울특별시 마포구 신수동'),(331,'서울특별시 마포구 성산동'),(332,'서울특별시 마포구 동교동'),(333,'서울특별시 마포구 망원동'),(334,'서울특별시 마포구 서교동'),(335,'서울특별시 마포구 합정동'),(336,'서울특별시 마포구 연남동'),(337,'서울특별시 마포구 용강동'),(338,'서울특별시 마포구 현석동'),(339,'서울특별시 마포구 구수동'),(340,'서울특별시 마포구 창전동'),(341,'서울특별시 마포구 상수동'),(342,'서울특별시 마포구 신정동'),(343,'서울특별시 마포구 중동'),(344,'서울특별시 마포구 당인동'),(345,'서울특별시 마포구 하중동'),(346,'서울특별시 마포구 토정동'),(347,'서울특별시 양천구 신정동'),(348,'서울특별시 양천구 신월동'),(349,'서울특별시 양천구 목동'),(350,'서울특별시 강서구 내발산동'),(351,'서울특별시 강서구 외발산동'),(352,'서울특별시 강서구 공항동'),(353,'서울특별시 강서구 염창동'),(354,'서울특별시 강서구 등촌동'),(355,'서울특별시 강서구 화곡동'),(356,'서울특별시 강서구 가양동'),(357,'서울특별시 강서구 마곡동'),(358,'서울특별시 강서구 방화동'),(359,'서울특별시 강서구 개화동'),(360,'서울특별시 강서구 오쇠동'),(361,'서울특별시 강서구 오곡동'),(362,'서울특별시 강서구 과해동'),(363,'서울특별시 구로구 구로동'),(364,'서울특별시 구로구 가리봉동'),(365,'서울특별시 구로구 개봉동'),(366,'서울특별시 구로구 고척동'),(367,'서울특별시 구로구 천왕동'),(368,'서울특별시 구로구 궁동'),(369,'서울특별시 구로구 온수동'),(370,'서울특별시 구로구 오류동'),(371,'서울특별시 구로구 항동'),(372,'서울특별시 구로구 신도림동'),(373,'서울특별시 금천구 가산동'),(374,'서울특별시 금천구 독산동'),(375,'서울특별시 금천구 시흥동'),(376,'서울특별시 영등포구 영등포동7가'),(377,'서울특별시 영등포구 영등포동8가'),(378,'서울특별시 영등포구 여의도동'),(379,'서울특별시 영등포구 당산동3가'),(380,'서울특별시 영등포구 당산동4가'),(381,'서울특별시 영등포구 양평동3가'),(382,'서울특별시 영등포구 양평동'),(383,'서울특별시 영등포구 대림동'),(384,'서울특별시 영등포구 신길동'),(385,'서울특별시 영등포구 영등포동'),(386,'서울특별시 영등포구 영등포동1가'),(387,'서울특별시 영등포구 영등포동3가'),(388,'서울특별시 영등포구 영등포동4가'),(389,'서울특별시 영등포구 문래동1가'),(390,'서울특별시 영등포구 문래동2가'),(391,'서울특별시 영등포구 문래동3가'),(392,'서울특별시 영등포구 당산동'),(393,'서울특별시 영등포구 문래동4가'),(394,'서울특별시 영등포구 문래동5가'),(395,'서울특별시 영등포구 문래동6가'),(396,'서울특별시 영등포구 양평동1가'),(397,'서울특별시 영등포구 양평동4가'),(398,'서울특별시 영등포구 도림동'),(399,'서울특별시 영등포구 당산동1가'),(400,'서울특별시 영등포구 당산동2가'),(401,'서울특별시 영등포구 당산동5가'),(402,'서울특별시 영등포구 당산동6가'),(403,'서울특별시 영등포구 양평동2가'),(404,'서울특별시 영등포구 영등포동2가'),(405,'서울특별시 영등포구 영등포동5가'),(406,'서울특별시 영등포구 영등포동6가'),(407,'서울특별시 영등포구 양평동5가'),(408,'서울특별시 영등포구 양화동'),(409,'서울특별시 영등포구 양평동6가'),(410,'서울특별시 동작구 사당동'),(411,'서울특별시 동작구 동작동'),(412,'서울특별시 동작구 신대방동'),(413,'서울특별시 동작구 대방동'),(414,'서울특별시 동작구 상도동'),(415,'서울특별시 동작구 상도1동'),(416,'서울특별시 동작구 노량진동'),(417,'서울특별시 동작구 본동'),(418,'서울특별시 동작구 흑석동'),(419,'서울특별시 관악구 봉천동'),(420,'서울특별시 관악구 신림동'),(421,'서울특별시 관악구 남현동'),(422,'서울특별시 서초구 방배동'),(423,'서울특별시 서초구 양재동'),(424,'서울특별시 서초구 서초동'),(425,'서울특별시 서초구 염곡동'),(426,'서울특별시 서초구 우면동'),(427,'서울특별시 서초구 반포동'),(428,'서울특별시 서초구 잠원동'),(429,'서울특별시 서초구 원지동'),(430,'서울특별시 서초구 신원동'),(431,'서울특별시 서초구 내곡동'),(432,'서울특별시 강남구 대치동'),(433,'서울특별시 강남구 일원동'),(434,'서울특별시 강남구 도곡동'),(435,'서울특별시 강남구 개포동'),(436,'서울특별시 강남구 수서동'),(437,'서울특별시 강남구 역삼동'),(438,'서울특별시 강남구 신사동'),(439,'서울특별시 강남구 논현동'),(440,'서울특별시 강남구 압구정동'),(441,'서울특별시 강남구 청담동'),(442,'서울특별시 강남구 삼성동'),(443,'서울특별시 강남구 세곡동'),(444,'서울특별시 강남구 율현동'),(445,'서울특별시 강남구 자곡동'),(446,'서울특별시 송파구 장지동'),(447,'서울특별시 송파구 가락동'),(448,'서울특별시 송파구 방이동'),(449,'서울특별시 송파구 오금동'),(450,'서울특별시 송파구 풍납동'),(451,'서울특별시 송파구 거여동'),(452,'서울특별시 송파구 잠실동'),(453,'서울특별시 송파구 신천동'),(454,'서울특별시 송파구 송파동'),(455,'서울특별시 송파구 석촌동'),(456,'서울특별시 송파구 문정동'),(457,'서울특별시 송파구 마천동'),(458,'서울특별시 송파구 삼전동'),(459,'서울특별시 강동구 명일동'),(460,'서울특별시 강동구 고덕동'),(461,'서울특별시 강동구 길동'),(462,'서울특별시 강동구 둔촌동'),(463,'서울특별시 강동구 성내동'),(464,'서울특별시 강동구 천호동'),(465,'서울특별시 강동구 상일동'),(466,'서울특별시 강동구 암사동'),(467,'서울특별시 강동구 강일동'),(468,'부산광역시 중구 대창동1가'),(469,'부산광역시 중구 대창동2가'),(470,'부산광역시 중구 중앙동2가'),(471,'부산광역시 중구 중앙동3가'),(472,'부산광역시 중구 중앙동4가'),(473,'부산광역시 중구 중앙동5가'),(474,'부산광역시 중구 중앙동6가'),(475,'부산광역시 중구 중앙동7가'),(476,'부산광역시 중구 동광동1가'),(477,'부산광역시 중구 보수동1가'),(478,'부산광역시 중구 보수동2가'),(479,'부산광역시 중구 보수동3가'),(480,'부산광역시 중구 부평동2가'),(481,'부산광역시 중구 부평동3가'),(482,'부산광역시 중구 부평동4가'),(483,'부산광역시 중구 남포동6가'),(484,'부산광역시 중구 영주동'),(485,'부산광역시 중구 남포동1가'),(486,'부산광역시 중구 광복동1가'),(487,'부산광역시 중구 남포동2가'),(488,'부산광역시 중구 남포동4가'),(489,'부산광역시 중구 남포동5가'),(490,'부산광역시 중구 부평동1가'),(491,'부산광역시 중구 창선동1가'),(492,'부산광역시 중구 창선동2가'),(493,'부산광역시 중구 광복동2가'),(494,'부산광역시 중구 대청동2가'),(495,'부산광역시 중구 신창동1가'),(496,'부산광역시 중구 광복동3가'),(497,'부산광역시 중구 동광동5가'),(498,'부산광역시 중구 남포동3가'),(499,'부산광역시 중구 대청동1가'),(500,'부산광역시 중구 대청동3가'),(501,'부산광역시 중구 대청동4가'),(502,'부산광역시 중구 신창동4가'),(503,'부산광역시 중구 중앙동1가'),(504,'부산광역시 중구 동광동3가'),(505,'부산광역시 중구 동광동4가'),(506,'부산광역시 중구 신창동3가'),(507,'부산광역시 중구 신창동2가'),(508,'부산광역시 중구 동광동2가'),(509,'부산광역시 서구 서대신동2가'),(510,'부산광역시 서구 동대신동1가'),(511,'부산광역시 서구 동대신동2가'),(512,'부산광역시 서구 동대신동3가'),(513,'부산광역시 서구 서대신동3가'),(514,'부산광역시 서구 부용동1가'),(515,'부산광역시 서구 부민동1가'),(516,'부산광역시 서구 토성동1가'),(517,'부산광역시 서구 토성동2가'),(518,'부산광역시 서구 충무동1가'),(519,'부산광역시 서구 토성동4가'),(520,'부산광역시 서구 남부민동'),(521,'부산광역시 서구 암남동'),(522,'부산광역시 서구 서대신동1가'),(523,'부산광역시 서구 부용동2가'),(524,'부산광역시 서구 부민동2가'),(525,'부산광역시 서구 토성동3가'),(526,'부산광역시 서구 아미동1가'),(527,'부산광역시 서구 토성동5가'),(528,'부산광역시 서구 초장동'),(529,'부산광역시 서구 충무동2가'),(530,'부산광역시 서구 아미동2가'),(531,'부산광역시 서구 부민동3가'),(532,'부산광역시 서구 충무동3가'),(533,'부산광역시 동구 초량동'),(534,'부산광역시 동구 수정동'),(535,'부산광역시 동구 좌천동'),(536,'부산광역시 동구 범일동'),(537,'부산광역시 영도구 남항동3가'),(538,'부산광역시 영도구 영선동1가'),(539,'부산광역시 영도구 영선동2가'),(540,'부산광역시 영도구 영선동3가'),(541,'부산광역시 영도구 영선동4가'),(542,'부산광역시 영도구 대교동1가'),(543,'부산광역시 영도구 대교동2가'),(544,'부산광역시 영도구 봉래동3가'),(545,'부산광역시 영도구 봉래동4가'),(546,'부산광역시 영도구 봉래동5가'),(547,'부산광역시 영도구 청학동'),(548,'부산광역시 영도구 동삼동'),(549,'부산광역시 영도구 봉래동1가'),(550,'부산광역시 영도구 봉래동2가'),(551,'부산광역시 영도구 남항동1가'),(552,'부산광역시 영도구 남항동2가'),(553,'부산광역시 영도구 대평동1가'),(554,'부산광역시 영도구 대평동2가'),(555,'부산광역시 영도구 신선동3가'),(556,'부산광역시 영도구 신선동2가'),(557,'부산광역시 영도구 신선동1가'),(558,'부산광역시 부산진구 양정동'),(559,'부산광역시 부산진구 전포동'),(560,'부산광역시 부산진구 부전동'),(561,'부산광역시 부산진구 범천동'),(562,'부산광역시 부산진구 범전동'),(563,'부산광역시 부산진구 부암동'),(564,'부산광역시 부산진구 당감동'),(565,'부산광역시 부산진구 개금동'),(566,'부산광역시 부산진구 가야동'),(567,'부산광역시 부산진구 연지동'),(568,'부산광역시 부산진구 초읍동'),(569,'부산광역시 동래구 명륜동'),(570,'부산광역시 동래구 온천동'),(571,'부산광역시 동래구 사직동'),(572,'부산광역시 동래구 안락동'),(573,'부산광역시 동래구 칠산동'),(574,'부산광역시 동래구 낙민동'),(575,'부산광역시 동래구 수안동'),(576,'부산광역시 동래구 복천동'),(577,'부산광역시 동래구 명장동'),(578,'부산광역시 남구 문현동'),(579,'부산광역시 남구 대연동'),(580,'부산광역시 남구 감만동'),(581,'부산광역시 남구 우암동'),(582,'부산광역시 남구 용호동'),(583,'부산광역시 남구 용당동'),(584,'부산광역시 북구 덕천동'),(585,'부산광역시 북구 구포동'),(586,'부산광역시 북구 만덕동'),(587,'부산광역시 북구 금곡동'),(588,'부산광역시 북구 화명동'),(589,'부산광역시 해운대구 재송동'),(590,'부산광역시 해운대구 반여동'),(591,'부산광역시 해운대구 우동'),(592,'부산광역시 해운대구 중동'),(593,'부산광역시 해운대구 좌동'),(594,'부산광역시 해운대구 송정동'),(595,'부산광역시 해운대구 반송동'),(596,'부산광역시 해운대구 석대동'),(597,'부산광역시 사하구 괴정동'),(598,'부산광역시 사하구 당리동'),(599,'부산광역시 사하구 하단동'),(600,'부산광역시 사하구 신평동'),(601,'부산광역시 사하구 장림동'),(602,'부산광역시 사하구 구평동'),(603,'부산광역시 사하구 감천동'),(604,'부산광역시 사하구 다대동'),(605,'부산광역시 금정구 두구동'),(606,'부산광역시 금정구 노포동'),(607,'부산광역시 금정구 청룡동'),(608,'부산광역시 금정구 남산동'),(609,'부산광역시 금정구 구서동'),(610,'부산광역시 금정구 장전동'),(611,'부산광역시 금정구 부곡동'),(612,'부산광역시 금정구 금사동'),(613,'부산광역시 금정구 금성동'),(614,'부산광역시 금정구 선동'),(615,'부산광역시 금정구 회동동'),(616,'부산광역시 금정구 서동'),(617,'부산광역시 금정구 오륜동'),(618,'부산광역시 강서구 강동동'),(619,'부산광역시 강서구 대저2동'),(620,'부산광역시 강서구 봉림동'),(621,'부산광역시 강서구 동선동'),(622,'부산광역시 강서구 천성동'),(623,'부산광역시 강서구 명지동'),(624,'부산광역시 강서구 죽림동'),(625,'부산광역시 강서구 송정동'),(626,'부산광역시 강서구 생곡동'),(627,'부산광역시 강서구 구랑동'),(628,'부산광역시 강서구 미음동'),(629,'부산광역시 강서구 범방동'),(630,'부산광역시 강서구 신호동'),(631,'부산광역시 강서구 화전동'),(632,'부산광역시 강서구 녹산동'),(633,'부산광역시 강서구 지사동'),(634,'부산광역시 강서구 식만동'),(635,'부산광역시 강서구 죽동동'),(636,'부산광역시 강서구 대저1동'),(637,'부산광역시 강서구 성북동'),(638,'부산광역시 강서구 대항동'),(639,'부산광역시 강서구 눌차동'),(640,'부산광역시 연제구 거제동'),(641,'부산광역시 연제구 연산동'),(642,'부산광역시 수영구 남천동'),(643,'부산광역시 수영구 망미동'),(644,'부산광역시 수영구 수영동'),(645,'부산광역시 수영구 광안동'),(646,'부산광역시 수영구 민락동'),(647,'부산광역시 사상구 삼락동'),(648,'부산광역시 사상구 괘법동'),(649,'부산광역시 사상구 감전동'),(650,'부산광역시 사상구 엄궁동'),(651,'부산광역시 사상구 모라동'),(652,'부산광역시 사상구 덕포동'),(653,'부산광역시 사상구 주례동'),(654,'부산광역시 사상구 학장동'),(655,'부산광역시 기장군 장안읍'),(656,'부산광역시 기장군 정관읍'),(657,'부산광역시 기장군 기장읍'),(658,'부산광역시 기장군 일광면'),(659,'부산광역시 기장군 철마면'),(660,'대구광역시 중구 덕산동'),(661,'대구광역시 중구 사일동'),(662,'대구광역시 중구 동일동'),(663,'대구광역시 중구 남일동'),(664,'대구광역시 중구 전동'),(665,'대구광역시 중구 동성로3가'),(666,'대구광역시 중구 동성로2가'),(667,'대구광역시 중구 포정동'),(668,'대구광역시 중구 동성로1가'),(669,'대구광역시 중구 태평로2가'),(670,'대구광역시 중구 북성로1가'),(671,'대구광역시 중구 화전동'),(672,'대구광역시 중구 향촌동'),(673,'대구광역시 중구 남산동'),(674,'대구광역시 중구 삼덕동1가'),(675,'대구광역시 중구 삼덕동2가'),(676,'대구광역시 중구 삼덕동3가'),(677,'대구광역시 중구 봉산동'),(678,'대구광역시 중구 남성로'),(679,'대구광역시 중구 계산동2가'),(680,'대구광역시 중구 동산동'),(681,'대구광역시 중구 대신동'),(682,'대구광역시 중구 대봉동'),(683,'대구광역시 중구 동인동2가'),(684,'대구광역시 중구 동인동4가'),(685,'대구광역시 중구 상서동'),(686,'대구광역시 중구 수동'),(687,'대구광역시 중구 종로1가'),(688,'대구광역시 중구 문화동'),(689,'대구광역시 중구 공평동'),(690,'대구광역시 중구 시장북로'),(691,'대구광역시 중구 하서동'),(692,'대구광역시 중구 계산동1가'),(693,'대구광역시 중구 서문로2가'),(694,'대구광역시 중구 서성로2가'),(695,'대구광역시 중구 서문로1가'),(696,'대구광역시 중구 동인동1가'),(697,'대구광역시 중구 동문동'),(698,'대구광역시 중구 교동'),(699,'대구광역시 중구 달성동'),(700,'대구광역시 중구 태평로3가'),(701,'대구광역시 중구 종로2가'),(702,'대구광역시 중구 수창동'),(703,'대구광역시 중구 인교동'),(704,'대구광역시 중구 태평로1가'),(705,'대구광역시 중구 용덕동'),(706,'대구광역시 중구 서야동'),(707,'대구광역시 중구 서성로1가'),(708,'대구광역시 중구 서내동'),(709,'대구광역시 중구 북성로2가'),(710,'대구광역시 중구 대안동'),(711,'대구광역시 중구 장관동'),(712,'대구광역시 중구 동인동3가'),(713,'대구광역시 중구 도원동'),(714,'대구광역시 중구 북내동'),(715,'대구광역시 중구 상덕동'),(716,'대구광역시 중구 완전동'),(717,'대구광역시 동구 신서동'),(718,'대구광역시 동구 괴전동'),(719,'대구광역시 동구 사복동'),(720,'대구광역시 동구 동내동'),(721,'대구광역시 동구 각산동'),(722,'대구광역시 동구 대림동'),(723,'대구광역시 동구 숙천동'),(724,'대구광역시 동구 율암동'),(725,'대구광역시 동구 내곡동'),(726,'대구광역시 동구 봉무동'),(727,'대구광역시 동구 불로동'),(728,'대구광역시 동구 지저동'),(729,'대구광역시 동구 능성동'),(730,'대구광역시 동구 진인동'),(731,'대구광역시 동구 백안동'),(732,'대구광역시 동구 미곡동'),(733,'대구광역시 동구 미대동'),(734,'대구광역시 동구 지묘동'),(735,'대구광역시 동구 도학동'),(736,'대구광역시 동구 용수동'),(737,'대구광역시 동구 신무동'),(738,'대구광역시 동구 신용동'),(739,'대구광역시 동구 중대동'),(740,'대구광역시 동구 송정동'),(741,'대구광역시 동구 덕곡동'),(742,'대구광역시 동구 서호동'),(743,'대구광역시 동구 동호동'),(744,'대구광역시 동구 신천동'),(745,'대구광역시 동구 입석동'),(746,'대구광역시 동구 신암동'),(747,'대구광역시 동구 효목동'),(748,'대구광역시 동구 율하동'),(749,'대구광역시 동구 금강동'),(750,'대구광역시 동구 용계동'),(751,'대구광역시 동구 내동'),(752,'대구광역시 동구 평광동'),(753,'대구광역시 동구 도동'),(754,'대구광역시 동구 검사동'),(755,'대구광역시 동구 방촌동'),(756,'대구광역시 동구 신평동'),(757,'대구광역시 동구 둔산동'),(758,'대구광역시 동구 부동'),(759,'대구광역시 동구 상매동'),(760,'대구광역시 동구 매여동'),(761,'대구광역시 동구 신기동'),(762,'대구광역시 서구 내당동'),(763,'대구광역시 서구 비산동'),(764,'대구광역시 서구 평리동'),(765,'대구광역시 서구 중리동'),(766,'대구광역시 서구 이현동'),(767,'대구광역시 서구 원대동1가'),(768,'대구광역시 서구 원대동3가'),(769,'대구광역시 서구 원대동2가'),(770,'대구광역시 서구 상리동'),(771,'대구광역시 남구 봉덕동'),(772,'대구광역시 남구 대명동'),(773,'대구광역시 남구 이천동'),(774,'대구광역시 북구 검단동'),(775,'대구광역시 북구 읍내동'),(776,'대구광역시 북구 칠성동2가'),(777,'대구광역시 북구 침산동'),(778,'대구광역시 북구 관음동'),(779,'대구광역시 북구 태전동'),(780,'대구광역시 북구 매천동'),(781,'대구광역시 북구 팔달동'),(782,'대구광역시 북구 금호동'),(783,'대구광역시 북구 사수동'),(784,'대구광역시 북구 복현동'),(785,'대구광역시 북구 대현동'),(786,'대구광역시 북구 산격동'),(787,'대구광역시 북구 고성동2가'),(788,'대구광역시 북구 고성동3가'),(789,'대구광역시 북구 칠성동1가'),(790,'대구광역시 북구 서변동'),(791,'대구광역시 북구 연경동'),(792,'대구광역시 북구 노원동1가'),(793,'대구광역시 북구 노원동2가'),(794,'대구광역시 북구 노원동3가'),(795,'대구광역시 북구 동호동'),(796,'대구광역시 북구 학정동'),(797,'대구광역시 북구 국우동'),(798,'대구광역시 북구 도남동'),(799,'대구광역시 북구 동천동'),(800,'대구광역시 북구 구암동'),(801,'대구광역시 북구 노곡동'),(802,'대구광역시 북구 동변동'),(803,'대구광역시 북구 조야동'),(804,'대구광역시 북구 고성동1가'),(805,'대구광역시 수성구 가천동'),(806,'대구광역시 수성구 범어동'),(807,'대구광역시 수성구 만촌동'),(808,'대구광역시 수성구 수성동1가'),(809,'대구광역시 수성구 수성동2가'),(810,'대구광역시 수성구 수성동3가'),(811,'대구광역시 수성구 수성동4가'),(812,'대구광역시 수성구 시지동'),(813,'대구광역시 수성구 매호동'),(814,'대구광역시 수성구 사월동'),(815,'대구광역시 수성구 신매동'),(816,'대구광역시 수성구 노변동'),(817,'대구광역시 수성구 연호동'),(818,'대구광역시 수성구 이천동'),(819,'대구광역시 수성구 성동'),(820,'대구광역시 수성구 황금동'),(821,'대구광역시 수성구 두산동'),(822,'대구광역시 수성구 지산동'),(823,'대구광역시 수성구 범물동'),(824,'대구광역시 수성구 삼덕동'),(825,'대구광역시 수성구 중동'),(826,'대구광역시 수성구 상동'),(827,'대구광역시 수성구 파동'),(828,'대구광역시 수성구 고모동'),(829,'대구광역시 수성구 욱수동'),(830,'대구광역시 수성구 대흥동'),(831,'대구광역시 달서구 월성동'),(832,'대구광역시 달서구 두류동'),(833,'대구광역시 달서구 파호동'),(834,'대구광역시 달서구 신당동'),(835,'대구광역시 달서구 이곡동'),(836,'대구광역시 달서구 장기동'),(837,'대구광역시 달서구 용산동'),(838,'대구광역시 달서구 죽전동'),(839,'대구광역시 달서구 감삼동'),(840,'대구광역시 달서구 호산동'),(841,'대구광역시 달서구 호림동'),(842,'대구광역시 달서구 갈산동'),(843,'대구광역시 달서구 유천동'),(844,'대구광역시 달서구 대천동'),(845,'대구광역시 달서구 월암동'),(846,'대구광역시 달서구 성당동'),(847,'대구광역시 달서구 상인동'),(848,'대구광역시 달서구 송현동'),(849,'대구광역시 달서구 진천동'),(850,'대구광역시 달서구 대곡동'),(851,'대구광역시 달서구 도원동'),(852,'대구광역시 달서구 본리동'),(853,'대구광역시 달서구 본동'),(854,'대구광역시 달서구 장동'),(855,'대구광역시 달성군 논공읍'),(856,'대구광역시 달성군 현풍읍'),(857,'대구광역시 달성군 하빈면'),(858,'대구광역시 달성군 다사읍'),(859,'대구광역시 달성군 유가읍'),(860,'대구광역시 달성군 구지면'),(861,'대구광역시 달성군 화원읍'),(862,'대구광역시 달성군 가창면'),(863,'대구광역시 달성군 옥포읍'),(864,'인천광역시 중구 운남동'),(865,'인천광역시 중구 항동1가'),(866,'인천광역시 중구 항동7가'),(867,'인천광역시 중구 신흥동1가'),(868,'인천광역시 중구 신흥동2가'),(869,'인천광역시 중구 신흥동3가'),(870,'인천광역시 중구 유동'),(871,'인천광역시 중구 북성동1가'),(872,'인천광역시 중구 운서동'),(873,'인천광역시 중구 중산동'),(874,'인천광역시 중구 운북동'),(875,'인천광역시 중구 중앙동4가'),(876,'인천광역시 중구 관동3가'),(877,'인천광역시 중구 신포동'),(878,'인천광역시 중구 내동'),(879,'인천광역시 중구 경동'),(880,'인천광역시 중구 용동'),(881,'인천광역시 중구 을왕동'),(882,'인천광역시 중구 남북동'),(883,'인천광역시 중구 덕교동'),(884,'인천광역시 중구 답동'),(885,'인천광역시 중구 율목동'),(886,'인천광역시 중구 무의동'),(887,'인천광역시 중구 도원동'),(888,'인천광역시 중구 선화동'),(889,'인천광역시 중구 송월동1가'),(890,'인천광역시 중구 항동6가'),(891,'인천광역시 중구 송학동2가'),(892,'인천광역시 중구 송학동3가'),(893,'인천광역시 중구 사동'),(894,'인천광역시 중구 신생동'),(895,'인천광역시 중구 인현동'),(896,'인천광역시 중구 선린동'),(897,'인천광역시 중구 관동1가'),(898,'인천광역시 중구 송학동1가'),(899,'인천광역시 중구 전동'),(900,'인천광역시 중구 송월동3가'),(901,'인천광역시 중구 북성동3가'),(902,'인천광역시 중구 북성동2가'),(903,'인천광역시 중구 송월동2가'),(904,'인천광역시 중구 중앙동3가'),(905,'인천광역시 중구 해안동4가'),(906,'인천광역시 중구 관동2가'),(907,'인천광역시 중구 항동4가'),(908,'인천광역시 중구 항동5가'),(909,'인천광역시 중구 해안동2가'),(910,'인천광역시 중구 해안동3가'),(911,'인천광역시 중구 항동2가'),(912,'인천광역시 중구 항동3가'),(913,'인천광역시 중구 중앙동1가'),(914,'인천광역시 중구 중앙동2가'),(915,'인천광역시 중구 해안동1가'),(916,'인천광역시 동구 송림동'),(917,'인천광역시 동구 창영동'),(918,'인천광역시 동구 금곡동'),(919,'인천광역시 동구 송현동'),(920,'인천광역시 동구 화수동'),(921,'인천광역시 동구 화평동'),(922,'인천광역시 동구 만석동'),(923,'인천광역시 미추홀구 도화동'),(924,'인천광역시 미추홀구 학익동'),(925,'인천광역시 미추홀구 주안동'),(926,'인천광역시 미추홀구 문학동'),(927,'인천광역시 미추홀구 숭의동'),(928,'인천광역시 미추홀구 용현동'),(929,'인천광역시 미추홀구 관교동'),(930,'인천광역시 연수구 옥련동'),(931,'인천광역시 연수구 선학동'),(932,'인천광역시 연수구 연수동'),(933,'인천광역시 연수구 청학동'),(934,'인천광역시 연수구 동춘동'),(935,'인천광역시 연수구 송도동'),(936,'인천광역시 남동구 고잔동'),(937,'인천광역시 남동구 남촌동'),(938,'인천광역시 남동구 도림동'),(939,'인천광역시 남동구 구월동'),(940,'인천광역시 남동구 만수동'),(941,'인천광역시 남동구 장수동'),(942,'인천광역시 남동구 서창동'),(943,'인천광역시 남동구 논현동'),(944,'인천광역시 남동구 간석동'),(945,'인천광역시 남동구 운연동'),(946,'인천광역시 남동구 수산동'),(947,'인천광역시 부평구 구산동'),(948,'인천광역시 부평구 부평동'),(949,'인천광역시 부평구 십정동'),(950,'인천광역시 부평구 산곡동'),(951,'인천광역시 부평구 청천동'),(952,'인천광역시 부평구 갈산동'),(953,'인천광역시 부평구 부개동'),(954,'인천광역시 부평구 일신동'),(955,'인천광역시 부평구 삼산동'),(956,'인천광역시 계양구 서운동'),(957,'인천광역시 계양구 효성동'),(958,'인천광역시 계양구 작전동'),(959,'인천광역시 계양구 계산동'),(960,'인천광역시 계양구 임학동'),(961,'인천광역시 계양구 용종동'),(962,'인천광역시 계양구 병방동'),(963,'인천광역시 계양구 선주지동'),(964,'인천광역시 계양구 이화동'),(965,'인천광역시 계양구 갈현동'),(966,'인천광역시 계양구 장기동'),(967,'인천광역시 계양구 둑실동'),(968,'인천광역시 계양구 상야동'),(969,'인천광역시 계양구 방축동'),(970,'인천광역시 계양구 목상동'),(971,'인천광역시 계양구 다남동'),(972,'인천광역시 계양구 박촌동'),(973,'인천광역시 계양구 귤현동'),(974,'인천광역시 계양구 오류동'),(975,'인천광역시 계양구 동양동'),(976,'인천광역시 계양구 하야동'),(977,'인천광역시 계양구 평동'),(978,'인천광역시 서구 백석동'),(979,'인천광역시 서구 검암동'),(980,'인천광역시 서구 경서동'),(981,'인천광역시 서구 연희동'),(982,'인천광역시 서구 심곡동'),(983,'인천광역시 서구 신현동'),(984,'인천광역시 서구 석남동'),(985,'인천광역시 서구 원창동'),(986,'인천광역시 서구 가좌동'),(987,'인천광역시 서구 금곡동'),(988,'인천광역시 서구 오류동'),(989,'인천광역시 서구 왕길동'),(990,'인천광역시 서구 가정동'),(991,'인천광역시 서구 청라동'),(992,'인천광역시 서구 공촌동'),(993,'인천광역시 서구 마전동'),(994,'인천광역시 서구 당하동'),(995,'인천광역시 서구 원당동'),(996,'인천광역시 서구 불로동'),(997,'인천광역시 서구 대곡동'),(998,'인천광역시 서구 시천동'),(999,'인천광역시 강화군 강화읍'),(1000,'인천광역시 강화군 하점면'),(1001,'인천광역시 강화군 송해면'),(1002,'인천광역시 강화군 선원면'),(1003,'인천광역시 강화군 불은면'),(1004,'인천광역시 강화군 양도면'),(1005,'인천광역시 강화군 내가면'),(1006,'인천광역시 강화군 길상면'),(1007,'인천광역시 강화군 화도면'),(1008,'인천광역시 강화군 교동면'),(1009,'인천광역시 강화군 양사면'),(1010,'인천광역시 강화군 삼산면'),(1011,'인천광역시 강화군 서도면'),(1012,'인천광역시 옹진군 덕적면'),(1013,'인천광역시 옹진군 영흥면'),(1014,'인천광역시 옹진군 자월면'),(1015,'인천광역시 옹진군 대청면'),(1016,'인천광역시 옹진군 백령면'),(1017,'인천광역시 옹진군 북도면'),(1018,'인천광역시 옹진군 연평면'),(1019,'광주광역시 동구 학동'),(1020,'광주광역시 동구 동명동'),(1021,'광주광역시 동구 계림동'),(1022,'광주광역시 동구 산수동'),(1023,'광주광역시 동구 지산동'),(1024,'광주광역시 동구 서석동'),(1025,'광주광역시 동구 장동'),(1026,'광주광역시 동구 선교동'),(1027,'광주광역시 동구 대인동'),(1028,'광주광역시 동구 금남로5가'),(1029,'광주광역시 동구 충장로5가'),(1030,'광주광역시 동구 수기동'),(1031,'광주광역시 동구 남동'),(1032,'광주광역시 동구 금동'),(1033,'광주광역시 동구 대의동'),(1034,'광주광역시 동구 궁동'),(1035,'광주광역시 동구 용산동'),(1036,'광주광역시 동구 소태동'),(1037,'광주광역시 동구 충장로1가'),(1038,'광주광역시 동구 충장로2가'),(1039,'광주광역시 동구 충장로3가'),(1040,'광주광역시 동구 충장로4가'),(1041,'광주광역시 동구 금남로1가'),(1042,'광주광역시 동구 금남로2가'),(1043,'광주광역시 동구 금남로4가'),(1044,'광주광역시 동구 금남로3가'),(1045,'광주광역시 동구 호남동'),(1046,'광주광역시 동구 불로동'),(1047,'광주광역시 동구 월남동'),(1048,'광주광역시 동구 내남동'),(1049,'광주광역시 동구 광산동'),(1050,'광주광역시 동구 황금동'),(1051,'광주광역시 동구 용연동'),(1052,'광주광역시 동구 운림동'),(1053,'광주광역시 서구 농성동'),(1054,'광주광역시 서구 양동'),(1055,'광주광역시 서구 쌍촌동'),(1056,'광주광역시 서구 화정동'),(1057,'광주광역시 서구 치평동'),(1058,'광주광역시 서구 내방동'),(1059,'광주광역시 서구 벽진동'),(1060,'광주광역시 서구 마륵동'),(1061,'광주광역시 서구 광천동'),(1062,'광주광역시 서구 동천동'),(1063,'광주광역시 서구 유촌동'),(1064,'광주광역시 서구 덕흥동'),(1065,'광주광역시 서구 서창동'),(1066,'광주광역시 서구 풍암동'),(1067,'광주광역시 서구 금호동'),(1068,'광주광역시 서구 매월동'),(1069,'광주광역시 서구 용두동'),(1070,'광주광역시 서구 세하동'),(1071,'광주광역시 남구 월산동'),(1072,'광주광역시 남구 백운동'),(1073,'광주광역시 남구 주월동'),(1074,'광주광역시 남구 방림동'),(1075,'광주광역시 남구 진월동'),(1076,'광주광역시 남구 행암동'),(1077,'광주광역시 남구 임암동'),(1078,'광주광역시 남구 송하동'),(1079,'광주광역시 남구 양과동'),(1080,'광주광역시 남구 이장동'),(1081,'광주광역시 남구 지석동'),(1082,'광주광역시 남구 압촌동'),(1083,'광주광역시 남구 구동'),(1084,'광주광역시 남구 서동'),(1085,'광주광역시 남구 양림동'),(1086,'광주광역시 남구 사동'),(1087,'광주광역시 남구 칠석동'),(1088,'광주광역시 남구 노대동'),(1089,'광주광역시 남구 봉선동'),(1090,'광주광역시 남구 양촌동'),(1091,'광주광역시 남구 승촌동'),(1092,'광주광역시 남구 대지동'),(1093,'광주광역시 남구 원산동'),(1094,'광주광역시 남구 월성동'),(1095,'광주광역시 남구 도금동'),(1096,'광주광역시 남구 화장동'),(1097,'광주광역시 남구 구소동'),(1098,'광주광역시 남구 석정동'),(1099,'광주광역시 남구 덕남동'),(1100,'광주광역시 남구 신장동'),(1101,'광주광역시 북구 장등동'),(1102,'광주광역시 북구 동림동'),(1103,'광주광역시 북구 운암동'),(1104,'광주광역시 북구 임동'),(1105,'광주광역시 북구 신용동'),(1106,'광주광역시 북구 용두동'),(1107,'광주광역시 북구 오룡동'),(1108,'광주광역시 북구 풍향동'),(1109,'광주광역시 북구 지야동'),(1110,'광주광역시 북구 연제동'),(1111,'광주광역시 북구 월출동'),(1112,'광주광역시 북구 중흥동'),(1113,'광주광역시 북구 신안동'),(1114,'광주광역시 북구 우산동'),(1115,'광주광역시 북구 각화동'),(1116,'광주광역시 북구 문흥동'),(1117,'광주광역시 북구 두암동'),(1118,'광주광역시 북구 망월동'),(1119,'광주광역시 북구 용전동'),(1120,'광주광역시 북구 대촌동'),(1121,'광주광역시 북구 북동'),(1122,'광주광역시 북구 유동'),(1123,'광주광역시 북구 누문동'),(1124,'광주광역시 북구 금곡동'),(1125,'광주광역시 북구 청풍동'),(1126,'광주광역시 북구 화암동'),(1127,'광주광역시 북구 용봉동'),(1128,'광주광역시 북구 오치동'),(1129,'광주광역시 북구 매곡동'),(1130,'광주광역시 북구 충효동'),(1131,'광주광역시 북구 운정동'),(1132,'광주광역시 북구 태령동'),(1133,'광주광역시 북구 본촌동'),(1134,'광주광역시 북구 양산동'),(1135,'광주광역시 북구 삼각동'),(1136,'광주광역시 북구 일곡동'),(1137,'광주광역시 북구 수곡동'),(1138,'광주광역시 북구 효령동'),(1139,'광주광역시 북구 생용동'),(1140,'광주광역시 북구 덕의동'),(1141,'광주광역시 북구 용강동'),(1142,'광주광역시 광산구 지죽동'),(1143,'광주광역시 광산구 하남동'),(1144,'광주광역시 광산구 비아동'),(1145,'광주광역시 광산구 수완동'),(1146,'광주광역시 광산구 신창동'),(1147,'광주광역시 광산구 도천동'),(1148,'광주광역시 광산구 송정동'),(1149,'광주광역시 광산구 도산동'),(1150,'광주광역시 광산구 신촌동'),(1151,'광주광역시 광산구 소촌동'),(1152,'광주광역시 광산구 우산동'),(1153,'광주광역시 광산구 복룡동'),(1154,'광주광역시 광산구 월계동'),(1155,'광주광역시 광산구 쌍암동'),(1156,'광주광역시 광산구 신가동'),(1157,'광주광역시 광산구 운남동'),(1158,'광주광역시 광산구 장덕동'),(1159,'광주광역시 광산구 흑석동'),(1160,'광주광역시 광산구 월곡동'),(1161,'광주광역시 광산구 산정동'),(1162,'광주광역시 광산구 운수동'),(1163,'광주광역시 광산구 선암동'),(1164,'광주광역시 광산구 서봉동'),(1165,'광주광역시 광산구 지평동'),(1166,'광주광역시 광산구 본덕동'),(1167,'광주광역시 광산구 용봉동'),(1168,'광주광역시 광산구 동산동'),(1169,'광주광역시 광산구 삼거동'),(1170,'광주광역시 광산구 대산동'),(1171,'광주광역시 광산구 송학동'),(1172,'광주광역시 광산구 신동'),(1173,'광주광역시 광산구 삼도동'),(1174,'광주광역시 광산구 명도동'),(1175,'광주광역시 광산구 동호동'),(1176,'광주광역시 광산구 덕림동'),(1177,'광주광역시 광산구 양산동'),(1178,'광주광역시 광산구 동림동'),(1179,'광주광역시 광산구 도덕동'),(1180,'광주광역시 광산구 오운동'),(1181,'광주광역시 광산구 양동'),(1182,'광주광역시 광산구 장수동'),(1183,'광주광역시 광산구 등임동'),(1184,'광주광역시 광산구 산막동'),(1185,'광주광역시 광산구 고룡동'),(1186,'광주광역시 광산구 임곡동'),(1187,'광주광역시 광산구 광산동'),(1188,'광주광역시 광산구 남산동'),(1189,'광주광역시 광산구 송치동'),(1190,'광주광역시 광산구 송산동'),(1191,'광주광역시 광산구 내산동'),(1192,'광주광역시 광산구 하산동'),(1193,'광주광역시 광산구 월전동'),(1194,'광주광역시 광산구 장록동'),(1195,'광주광역시 광산구 송촌동'),(1196,'광주광역시 광산구 송대동'),(1197,'광주광역시 광산구 요기동'),(1198,'광주광역시 광산구 유계동'),(1199,'광주광역시 광산구 박호동'),(1200,'광주광역시 광산구 왕동'),(1201,'광주광역시 광산구 산월동'),(1202,'광주광역시 광산구 안청동'),(1203,'광주광역시 광산구 진곡동'),(1204,'광주광역시 광산구 오선동'),(1205,'광주광역시 광산구 황룡동'),(1206,'광주광역시 광산구 산수동'),(1207,'광주광역시 광산구 선동'),(1208,'광주광역시 광산구 지산동'),(1209,'광주광역시 광산구 북산동'),(1210,'광주광역시 광산구 두정동'),(1211,'광주광역시 광산구 신룡동'),(1212,'광주광역시 광산구 옥동'),(1213,'광주광역시 광산구 용곡동'),(1214,'광주광역시 광산구 명화동'),(1215,'광주광역시 광산구 용동'),(1216,'광주광역시 광산구 연산동'),(1217,'광주광역시 광산구 오산동'),(1218,'광주광역시 광산구 지정동'),(1219,'광주광역시 광산구 도호동'),(1220,'광주광역시 광산구 사호동'),(1221,'대전광역시 동구 구도동'),(1222,'대전광역시 동구 삼정동'),(1223,'대전광역시 동구 가양동'),(1224,'대전광역시 동구 용전동'),(1225,'대전광역시 동구 성남동'),(1226,'대전광역시 동구 홍도동'),(1227,'대전광역시 동구 삼성동'),(1228,'대전광역시 동구 낭월동'),(1229,'대전광역시 동구 삼괴동'),(1230,'대전광역시 동구 대성동'),(1231,'대전광역시 동구 상소동'),(1232,'대전광역시 동구 하소동'),(1233,'대전광역시 동구 신상동'),(1234,'대전광역시 동구 비룡동'),(1235,'대전광역시 동구 신흥동'),(1236,'대전광역시 동구 판암동'),(1237,'대전광역시 동구 세천동'),(1238,'대전광역시 동구 신하동'),(1239,'대전광역시 동구 신촌동'),(1240,'대전광역시 동구 사성동'),(1241,'대전광역시 동구 오동'),(1242,'대전광역시 동구 주촌동'),(1243,'대전광역시 동구 내탑동'),(1244,'대전광역시 동구 인동'),(1245,'대전광역시 동구 효동'),(1246,'대전광역시 동구 대동'),(1247,'대전광역시 동구 자양동'),(1248,'대전광역시 동구 신안동'),(1249,'대전광역시 동구 소제동'),(1250,'대전광역시 동구 원동'),(1251,'대전광역시 동구 천동'),(1252,'대전광역시 동구 가오동'),(1253,'대전광역시 동구 정동'),(1254,'대전광역시 동구 중동'),(1255,'대전광역시 동구 추동'),(1256,'대전광역시 동구 주산동'),(1257,'대전광역시 동구 마산동'),(1258,'대전광역시 동구 효평동'),(1259,'대전광역시 동구 용운동'),(1260,'대전광역시 동구 이사동'),(1261,'대전광역시 동구 대별동'),(1262,'대전광역시 동구 장척동'),(1263,'대전광역시 동구 소호동'),(1264,'대전광역시 동구 직동'),(1265,'대전광역시 중구 안영동'),(1266,'대전광역시 중구 선화동'),(1267,'대전광역시 중구 목동'),(1268,'대전광역시 중구 중촌동'),(1269,'대전광역시 중구 용두동'),(1270,'대전광역시 중구 오류동'),(1271,'대전광역시 중구 태평동'),(1272,'대전광역시 중구 유천동'),(1273,'대전광역시 중구 산성동'),(1274,'대전광역시 중구 사정동'),(1275,'대전광역시 중구 문화동'),(1276,'대전광역시 중구 은행동'),(1277,'대전광역시 중구 대흥동'),(1278,'대전광역시 중구 문창동'),(1279,'대전광역시 중구 석교동'),(1280,'대전광역시 중구 호동'),(1281,'대전광역시 중구 옥계동'),(1282,'대전광역시 중구 대사동'),(1283,'대전광역시 중구 부사동'),(1284,'대전광역시 중구 침산동'),(1285,'대전광역시 중구 목달동'),(1286,'대전광역시 중구 정생동'),(1287,'대전광역시 중구 금동'),(1288,'대전광역시 중구 어남동'),(1289,'대전광역시 중구 무수동'),(1290,'대전광역시 중구 구완동'),(1291,'대전광역시 서구 관저동'),(1292,'대전광역시 서구 월평동'),(1293,'대전광역시 서구 도안동'),(1294,'대전광역시 서구 괴정동'),(1295,'대전광역시 서구 내동'),(1296,'대전광역시 서구 갈마동'),(1297,'대전광역시 서구 둔산동'),(1298,'대전광역시 서구 만년동'),(1299,'대전광역시 서구 변동'),(1300,'대전광역시 서구 가장동'),(1301,'대전광역시 서구 도마동'),(1302,'대전광역시 서구 정림동'),(1303,'대전광역시 서구 가수원동'),(1304,'대전광역시 서구 흑석동'),(1305,'대전광역시 서구 매노동'),(1306,'대전광역시 서구 평촌동'),(1307,'대전광역시 서구 오동'),(1308,'대전광역시 서구 우명동'),(1309,'대전광역시 서구 괴곡동'),(1310,'대전광역시 서구 용문동'),(1311,'대전광역시 서구 탄방동'),(1312,'대전광역시 서구 복수동'),(1313,'대전광역시 서구 산직동'),(1314,'대전광역시 서구 장안동'),(1315,'대전광역시 서구 봉곡동'),(1316,'대전광역시 서구 원정동'),(1317,'대전광역시 서구 용촌동'),(1318,'대전광역시 유성구 장대동'),(1319,'대전광역시 유성구 화암동'),(1320,'대전광역시 유성구 구성동'),(1321,'대전광역시 유성구 가정동'),(1322,'대전광역시 유성구 도룡동'),(1323,'대전광역시 유성구 방현동'),(1324,'대전광역시 유성구 덕진동'),(1325,'대전광역시 유성구 봉산동'),(1326,'대전광역시 유성구 관평동'),(1327,'대전광역시 유성구 송강동'),(1328,'대전광역시 유성구 대정동'),(1329,'대전광역시 유성구 봉명동'),(1330,'대전광역시 유성구 상대동'),(1331,'대전광역시 유성구 계산동'),(1332,'대전광역시 유성구 덕명동'),(1333,'대전광역시 유성구 원신흥동'),(1334,'대전광역시 유성구 용계동'),(1335,'대전광역시 유성구 구암동'),(1336,'대전광역시 유성구 노은동'),(1337,'대전광역시 유성구 궁동'),(1338,'대전광역시 유성구 원내동'),(1339,'대전광역시 유성구 교촌동'),(1340,'대전광역시 유성구 복용동'),(1341,'대전광역시 유성구 죽동'),(1342,'대전광역시 유성구 신성동'),(1343,'대전광역시 유성구 장동'),(1344,'대전광역시 유성구 하기동'),(1345,'대전광역시 유성구 자운동'),(1346,'대전광역시 유성구 전민동'),(1347,'대전광역시 유성구 학하동'),(1348,'대전광역시 유성구 송정동'),(1349,'대전광역시 유성구 방동'),(1350,'대전광역시 유성구 둔곡동'),(1351,'대전광역시 유성구 구룡동'),(1352,'대전광역시 유성구 금고동'),(1353,'대전광역시 유성구 신동'),(1354,'대전광역시 유성구 금탄동'),(1355,'대전광역시 유성구 안산동'),(1356,'대전광역시 유성구 원촌동'),(1357,'대전광역시 유성구 갑동'),(1358,'대전광역시 유성구 탑립동'),(1359,'대전광역시 유성구 용산동'),(1360,'대전광역시 유성구 어은동'),(1361,'대전광역시 유성구 지족동'),(1362,'대전광역시 유성구 대동'),(1363,'대전광역시 유성구 문지동'),(1364,'대전광역시 유성구 반석동'),(1365,'대전광역시 유성구 외삼동'),(1366,'대전광역시 유성구 성북동'),(1367,'대전광역시 유성구 세동'),(1368,'대전광역시 유성구 추목동'),(1369,'대전광역시 유성구 신봉동'),(1370,'대전광역시 유성구 수남동'),(1371,'대전광역시 대덕구 대화동'),(1372,'대전광역시 대덕구 신대동'),(1373,'대전광역시 대덕구 석봉동'),(1374,'대전광역시 대덕구 상서동'),(1375,'대전광역시 대덕구 문평동'),(1376,'대전광역시 대덕구 목상동'),(1377,'대전광역시 대덕구 신일동'),(1378,'대전광역시 대덕구 신탄진동'),(1379,'대전광역시 대덕구 송촌동'),(1380,'대전광역시 대덕구 비래동'),(1381,'대전광역시 대덕구 오정동'),(1382,'대전광역시 대덕구 중리동'),(1383,'대전광역시 대덕구 읍내동'),(1384,'대전광역시 대덕구 법동'),(1385,'대전광역시 대덕구 이현동'),(1386,'대전광역시 대덕구 갈전동'),(1387,'대전광역시 대덕구 삼정동'),(1388,'대전광역시 대덕구 연축동'),(1389,'대전광역시 대덕구 와동'),(1390,'대전광역시 대덕구 덕암동'),(1391,'대전광역시 대덕구 평촌동'),(1392,'대전광역시 대덕구 용호동'),(1393,'대전광역시 대덕구 미호동'),(1394,'대전광역시 대덕구 장동'),(1395,'울산광역시 중구 다운동'),(1396,'울산광역시 중구 유곡동'),(1397,'울산광역시 중구 학성동'),(1398,'울산광역시 중구 복산동'),(1399,'울산광역시 중구 약사동'),(1400,'울산광역시 중구 반구동'),(1401,'울산광역시 중구 옥교동'),(1402,'울산광역시 중구 성남동'),(1403,'울산광역시 중구 우정동'),(1404,'울산광역시 중구 학산동'),(1405,'울산광역시 중구 남외동'),(1406,'울산광역시 중구 태화동'),(1407,'울산광역시 중구 교동'),(1408,'울산광역시 중구 성안동'),(1409,'울산광역시 중구 동동'),(1410,'울산광역시 중구 서동'),(1411,'울산광역시 중구 북정동'),(1412,'울산광역시 중구 장현동'),(1413,'울산광역시 남구 무거동'),(1414,'울산광역시 남구 삼산동'),(1415,'울산광역시 남구 여천동'),(1416,'울산광역시 남구 야음동'),(1417,'울산광역시 남구 선암동'),(1418,'울산광역시 남구 상개동'),(1419,'울산광역시 남구 달동'),(1420,'울산광역시 남구 성암동'),(1421,'울산광역시 남구 두왕동'),(1422,'울산광역시 남구 매암동'),(1423,'울산광역시 남구 신정동'),(1424,'울산광역시 남구 옥동'),(1425,'울산광역시 남구 부곡동'),(1426,'울산광역시 남구 고사동'),(1427,'울산광역시 남구 황성동'),(1428,'울산광역시 남구 용연동'),(1429,'울산광역시 남구 남화동'),(1430,'울산광역시 남구 용잠동'),(1431,'울산광역시 남구 장생포동'),(1432,'울산광역시 동구 방어동'),(1433,'울산광역시 동구 화정동'),(1434,'울산광역시 동구 일산동'),(1435,'울산광역시 동구 전하동'),(1436,'울산광역시 동구 미포동'),(1437,'울산광역시 동구 동부동'),(1438,'울산광역시 동구 서부동'),(1439,'울산광역시 동구 주전동'),(1440,'울산광역시 북구 염포동'),(1441,'울산광역시 북구 구유동'),(1442,'울산광역시 북구 정자동'),(1443,'울산광역시 북구 신명동'),(1444,'울산광역시 북구 당사동'),(1445,'울산광역시 북구 산하동'),(1446,'울산광역시 북구 어물동'),(1447,'울산광역시 북구 매곡동'),(1448,'울산광역시 북구 신천동'),(1449,'울산광역시 북구 중산동'),(1450,'울산광역시 북구 창평동'),(1451,'울산광역시 북구 호계동'),(1452,'울산광역시 북구 연암동'),(1453,'울산광역시 북구 화봉동'),(1454,'울산광역시 북구 송정동'),(1455,'울산광역시 북구 효문동'),(1456,'울산광역시 북구 진장동'),(1457,'울산광역시 북구 명촌동'),(1458,'울산광역시 북구 상안동'),(1459,'울산광역시 북구 양정동'),(1460,'울산광역시 북구 신현동'),(1461,'울산광역시 북구 천곡동'),(1462,'울산광역시 북구 가대동'),(1463,'울산광역시 북구 달천동'),(1464,'울산광역시 북구 시례동'),(1465,'울산광역시 북구 무룡동'),(1466,'울산광역시 북구 대안동'),(1467,'울산광역시 울주군 언양읍'),(1468,'울산광역시 울주군 두동면'),(1469,'울산광역시 울주군 두서면'),(1470,'울산광역시 울주군 삼남면'),(1471,'울산광역시 울주군 서생면'),(1472,'울산광역시 울주군 범서읍'),(1473,'울산광역시 울주군 상북면'),(1474,'울산광역시 울주군 삼동면'),(1475,'울산광역시 울주군 웅촌면'),(1476,'울산광역시 울주군 온양읍'),(1477,'울산광역시 울주군 청량읍'),(1478,'울산광역시 울주군 온산읍'),(1479,'세종특별자치시  금남면'),(1480,'세종특별자치시  장군면'),(1481,'세종특별자치시  어진동'),(1482,'세종특별자치시  나성동'),(1483,'세종특별자치시  반곡동'),(1484,'세종특별자치시  소담동'),(1485,'세종특별자치시  보람동'),(1486,'세종특별자치시  도담동'),(1487,'세종특별자치시  아름동'),(1488,'세종특별자치시  새롬동'),(1489,'세종특별자치시  대평동'),(1490,'세종특별자치시  연동면'),(1491,'세종특별자치시  전동면'),(1492,'세종특별자치시  연기면'),(1493,'세종특별자치시  부강면'),(1494,'세종특별자치시  조치원읍'),(1495,'세종특별자치시  연서면'),(1496,'세종특별자치시  전의면'),(1497,'세종특별자치시  소정면'),(1498,'세종특별자치시  종촌동'),(1499,'세종특별자치시  고운동'),(1500,'세종특별자치시  다정동'),(1501,'세종특별자치시  한솔동'),(1502,'세종특별자치시  가람동'),(1503,'경기도 수원시 장안구 파장동'),(1504,'경기도 수원시 장안구 연무동'),(1505,'경기도 수원시 장안구 이목동'),(1506,'경기도 수원시 장안구 영화동'),(1507,'경기도 수원시 장안구 송죽동'),(1508,'경기도 수원시 장안구 조원동'),(1509,'경기도 수원시 장안구 정자동'),(1510,'경기도 수원시 장안구 율전동'),(1511,'경기도 수원시 장안구 천천동'),(1512,'경기도 수원시 장안구 상광교동'),(1513,'경기도 수원시 장안구 하광교동'),(1514,'경기도 수원시 권선구 세류동'),(1515,'경기도 수원시 권선구 권선동'),(1516,'경기도 수원시 권선구 대황교동'),(1517,'경기도 수원시 권선구 서둔동'),(1518,'경기도 수원시 권선구 구운동'),(1519,'경기도 수원시 권선구 입북동'),(1520,'경기도 수원시 권선구 당수동'),(1521,'경기도 수원시 권선구 곡반정동'),(1522,'경기도 수원시 권선구 평동'),(1523,'경기도 수원시 권선구 고색동'),(1524,'경기도 수원시 권선구 오목천동'),(1525,'경기도 수원시 권선구 탑동'),(1526,'경기도 수원시 권선구 장지동'),(1527,'경기도 수원시 권선구 호매실동'),(1528,'경기도 수원시 권선구 금곡동'),(1529,'경기도 수원시 권선구 평리동'),(1530,'경기도 수원시 팔달구 팔달로1가'),(1531,'경기도 수원시 팔달구 남수동'),(1532,'경기도 수원시 팔달구 매향동'),(1533,'경기도 수원시 팔달구 북수동'),(1534,'경기도 수원시 팔달구 우만동'),(1535,'경기도 수원시 팔달구 지동'),(1536,'경기도 수원시 팔달구 인계동'),(1537,'경기도 수원시 팔달구 팔달로3가'),(1538,'경기도 수원시 팔달구 영동'),(1539,'경기도 수원시 팔달구 중동'),(1540,'경기도 수원시 팔달구 구천동'),(1541,'경기도 수원시 팔달구 매산로1가'),(1542,'경기도 수원시 팔달구 고등동'),(1543,'경기도 수원시 팔달구 화서동'),(1544,'경기도 수원시 팔달구 팔달로2가'),(1545,'경기도 수원시 팔달구 남창동'),(1546,'경기도 수원시 팔달구 신풍동'),(1547,'경기도 수원시 팔달구 장안동'),(1548,'경기도 수원시 팔달구 매교동'),(1549,'경기도 수원시 팔달구 매산로2가'),(1550,'경기도 수원시 팔달구 매산로3가'),(1551,'경기도 수원시 팔달구 교동'),(1552,'경기도 수원시 영통구 이의동'),(1553,'경기도 수원시 영통구 매탄동'),(1554,'경기도 수원시 영통구 원천동'),(1555,'경기도 수원시 영통구 영통동'),(1556,'경기도 수원시 영통구 신동'),(1557,'경기도 수원시 영통구 망포동'),(1558,'경기도 수원시 영통구 하동'),(1559,'경기도 성남시 수정구 금토동'),(1560,'경기도 성남시 수정구 심곡동'),(1561,'경기도 성남시 수정구 태평동'),(1562,'경기도 성남시 수정구 수진동'),(1563,'경기도 성남시 수정구 복정동'),(1564,'경기도 성남시 수정구 창곡동'),(1565,'경기도 성남시 수정구 시흥동'),(1566,'경기도 성남시 수정구 사송동'),(1567,'경기도 성남시 수정구 신흥동'),(1568,'경기도 성남시 수정구 단대동'),(1569,'경기도 성남시 수정구 양지동'),(1570,'경기도 성남시 수정구 고등동'),(1571,'경기도 성남시 수정구 상적동'),(1572,'경기도 성남시 수정구 산성동'),(1573,'경기도 성남시 수정구 신촌동'),(1574,'경기도 성남시 수정구 오야동'),(1575,'경기도 성남시 수정구 둔전동'),(1576,'경기도 성남시 중원구 성남동'),(1577,'경기도 성남시 중원구 여수동'),(1578,'경기도 성남시 중원구 하대원동'),(1579,'경기도 성남시 중원구 갈현동'),(1580,'경기도 성남시 중원구 상대원동'),(1581,'경기도 성남시 중원구 금광동'),(1582,'경기도 성남시 중원구 은행동'),(1583,'경기도 성남시 중원구 중앙동'),(1584,'경기도 성남시 중원구 도촌동'),(1585,'경기도 성남시 분당구 삼평동'),(1586,'경기도 성남시 분당구 운중동'),(1587,'경기도 성남시 분당구 하산운동'),(1588,'경기도 성남시 분당구 대장동'),(1589,'경기도 성남시 분당구 수내동'),(1590,'경기도 성남시 분당구 정자동'),(1591,'경기도 성남시 분당구 서현동'),(1592,'경기도 성남시 분당구 이매동'),(1593,'경기도 성남시 분당구 야탑동'),(1594,'경기도 성남시 분당구 금곡동'),(1595,'경기도 성남시 분당구 구미동'),(1596,'경기도 성남시 분당구 백현동'),(1597,'경기도 성남시 분당구 판교동'),(1598,'경기도 성남시 분당구 동원동'),(1599,'경기도 성남시 분당구 석운동'),(1600,'경기도 성남시 분당구 궁내동'),(1601,'경기도 성남시 분당구 율동'),(1602,'경기도 성남시 분당구 분당동'),(1603,'경기도 의정부시 산곡동'),(1604,'경기도 의정부시 의정부동'),(1605,'경기도 의정부시 장암동'),(1606,'경기도 의정부시 신곡동'),(1607,'경기도 의정부시 금오동'),(1608,'경기도 의정부시 녹양동'),(1609,'경기도 의정부시 자일동'),(1610,'경기도 의정부시 가능동'),(1611,'경기도 의정부시 호원동'),(1612,'경기도 의정부시 용현동'),(1613,'경기도 의정부시 낙양동'),(1614,'경기도 의정부시 민락동'),(1615,'경기도 의정부시 고산동'),(1616,'경기도 안양시 만안구 안양동'),(1617,'경기도 안양시 만안구 석수동'),(1618,'경기도 안양시 만안구 박달동'),(1619,'경기도 안양시 동안구 관양동'),(1620,'경기도 안양시 동안구 평촌동'),(1621,'경기도 안양시 동안구 호계동'),(1622,'경기도 안양시 동안구 비산동'),(1623,'경기도 부천시 약대동'),(1624,'경기도 부천시 중동'),(1625,'경기도 부천시 상동'),(1626,'경기도 부천시 송내동'),(1627,'경기도 부천시 삼정동'),(1628,'경기도 부천시 오정동'),(1629,'경기도 부천시 원종동'),(1630,'경기도 부천시 고강동'),(1631,'경기도 부천시 내동'),(1632,'경기도 부천시 심곡동'),(1633,'경기도 부천시 소사동'),(1634,'경기도 부천시 역곡동'),(1635,'경기도 부천시 범박동'),(1636,'경기도 부천시 계수동'),(1637,'경기도 부천시 옥길동'),(1638,'경기도 부천시 괴안동'),(1639,'경기도 부천시 소사본동'),(1640,'경기도 부천시 심곡본동'),(1641,'경기도 부천시 춘의동'),(1642,'경기도 부천시 여월동'),(1643,'경기도 부천시 작동'),(1644,'경기도 부천시 원미동'),(1645,'경기도 부천시 도당동'),(1646,'경기도 부천시 대장동'),(1647,'경기도 광명시 철산동'),(1648,'경기도 광명시 하안동'),(1649,'경기도 광명시 옥길동'),(1650,'경기도 광명시 광명동'),(1651,'경기도 광명시 소하동'),(1652,'경기도 광명시 일직동'),(1653,'경기도 광명시 노온사동'),(1654,'경기도 광명시 가학동'),(1655,'경기도 평택시 청북읍'),(1656,'경기도 평택시 진위면'),(1657,'경기도 평택시 칠괴동'),(1658,'경기도 평택시 칠원동'),(1659,'경기도 평택시 동삭동'),(1660,'경기도 평택시 청룡동'),(1661,'경기도 평택시 고덕면'),(1662,'경기도 평택시 지제동'),(1663,'경기도 평택시 합정동'),(1664,'경기도 평택시 소사동'),(1665,'경기도 평택시 용이동'),(1666,'경기도 평택시 안중읍'),(1667,'경기도 평택시 포승읍'),(1668,'경기도 평택시 오성면'),(1669,'경기도 평택시 현덕면'),(1670,'경기도 평택시 서정동'),(1671,'경기도 평택시 장당동'),(1672,'경기도 평택시 모곡동'),(1673,'경기도 평택시 이충동'),(1674,'경기도 평택시 지산동'),(1675,'경기도 평택시 독곡동'),(1676,'경기도 평택시 신장동'),(1677,'경기도 평택시 유천동'),(1678,'경기도 평택시 비전동'),(1679,'경기도 평택시 세교동'),(1680,'경기도 평택시 팽성읍'),(1681,'경기도 평택시 도일동'),(1682,'경기도 평택시 가재동'),(1683,'경기도 평택시 장안동'),(1684,'경기도 평택시 죽백동'),(1685,'경기도 평택시 서탄면'),(1686,'경기도 평택시 신대동'),(1687,'경기도 평택시 군문동'),(1688,'경기도 평택시 평택동'),(1689,'경기도 평택시 통복동'),(1690,'경기도 평택시 월곡동'),(1691,'경기도 동두천시 생연동'),(1692,'경기도 동두천시 광암동'),(1693,'경기도 동두천시 탑동동'),(1694,'경기도 동두천시 상패동'),(1695,'경기도 동두천시 지행동'),(1696,'경기도 동두천시 보산동'),(1697,'경기도 동두천시 송내동'),(1698,'경기도 동두천시 상봉암동'),(1699,'경기도 동두천시 하봉암동'),(1700,'경기도 동두천시 안흥동'),(1701,'경기도 동두천시 동두천동'),(1702,'경기도 동두천시 걸산동'),(1703,'경기도 안산시 상록구 사동'),(1704,'경기도 안산시 상록구 이동'),(1705,'경기도 안산시 상록구 일동'),(1706,'경기도 안산시 상록구 부곡동'),(1707,'경기도 안산시 상록구 팔곡일동'),(1708,'경기도 안산시 상록구 건건동'),(1709,'경기도 안산시 상록구 사사동'),(1710,'경기도 안산시 상록구 수암동'),(1711,'경기도 안산시 상록구 장상동'),(1712,'경기도 안산시 상록구 본오동'),(1713,'경기도 안산시 상록구 장하동'),(1714,'경기도 안산시 상록구 양상동'),(1715,'경기도 안산시 상록구 성포동'),(1716,'경기도 안산시 상록구 팔곡이동'),(1717,'경기도 안산시 상록구 월피동'),(1718,'경기도 안산시 단원구 신길동'),(1719,'경기도 안산시 단원구 고잔동'),(1720,'경기도 안산시 단원구 초지동'),(1721,'경기도 안산시 단원구 원곡동'),(1722,'경기도 안산시 단원구 선부동'),(1723,'경기도 안산시 단원구 대부북동'),(1724,'경기도 안산시 단원구 대부남동'),(1725,'경기도 안산시 단원구 원시동'),(1726,'경기도 안산시 단원구 화정동'),(1727,'경기도 안산시 단원구 와동'),(1728,'경기도 안산시 단원구 대부동동'),(1729,'경기도 안산시 단원구 성곡동'),(1730,'경기도 안산시 단원구 목내동'),(1731,'경기도 안산시 단원구 선감동'),(1732,'경기도 안산시 단원구 풍도동'),(1733,'경기도 고양시 덕양구 덕은동'),(1734,'경기도 고양시 덕양구 주교동'),(1735,'경기도 고양시 덕양구 원흥동'),(1736,'경기도 고양시 덕양구 성사동'),(1737,'경기도 고양시 덕양구 동산동'),(1738,'경기도 고양시 덕양구 용두동'),(1739,'경기도 고양시 덕양구 삼송동'),(1740,'경기도 고양시 덕양구 효자동'),(1741,'경기도 고양시 덕양구 지축동'),(1742,'경기도 고양시 덕양구 도내동'),(1743,'경기도 고양시 덕양구 원당동'),(1744,'경기도 고양시 덕양구 신원동'),(1745,'경기도 고양시 덕양구 대자동'),(1746,'경기도 고양시 덕양구 관산동'),(1747,'경기도 고양시 덕양구 내유동'),(1748,'경기도 고양시 덕양구 오금동'),(1749,'경기도 고양시 덕양구 벽제동'),(1750,'경기도 고양시 덕양구 고양동'),(1751,'경기도 고양시 덕양구 토당동'),(1752,'경기도 고양시 덕양구 대장동'),(1753,'경기도 고양시 덕양구 화정동'),(1754,'경기도 고양시 덕양구 행주내동'),(1755,'경기도 고양시 덕양구 행주외동'),(1756,'경기도 고양시 덕양구 향동동'),(1757,'경기도 고양시 덕양구 강매동'),(1758,'경기도 고양시 덕양구 현천동'),(1759,'경기도 고양시 덕양구 내곡동'),(1760,'경기도 고양시 덕양구 행신동'),(1761,'경기도 고양시 덕양구 화전동'),(1762,'경기도 고양시 덕양구 신평동'),(1763,'경기도 고양시 덕양구 북한동'),(1764,'경기도 고양시 덕양구 선유동'),(1765,'경기도 고양시 일산동구 식사동'),(1766,'경기도 고양시 일산동구 중산동'),(1767,'경기도 고양시 일산동구 풍동'),(1768,'경기도 고양시 일산동구 장항동'),(1769,'경기도 고양시 일산동구 설문동'),(1770,'경기도 고양시 일산동구 성석동'),(1771,'경기도 고양시 일산동구 정발산동'),(1772,'경기도 고양시 일산동구 마두동'),(1773,'경기도 고양시 일산동구 백석동'),(1774,'경기도 고양시 일산동구 산황동'),(1775,'경기도 고양시 일산동구 사리현동'),(1776,'경기도 고양시 일산동구 문봉동'),(1777,'경기도 고양시 일산동구 지영동'),(1778,'경기도 고양시 일산서구 일산동'),(1779,'경기도 고양시 일산서구 대화동'),(1780,'경기도 고양시 일산서구 덕이동'),(1781,'경기도 고양시 일산서구 법곳동'),(1782,'경기도 고양시 일산서구 가좌동'),(1783,'경기도 고양시 일산서구 구산동'),(1784,'경기도 고양시 일산서구 주엽동'),(1785,'경기도 고양시 일산서구 탄현동'),(1786,'경기도 과천시 문원동'),(1787,'경기도 과천시 갈현동'),(1788,'경기도 과천시 막계동'),(1789,'경기도 과천시 과천동'),(1790,'경기도 과천시 주암동'),(1791,'경기도 과천시 중앙동'),(1792,'경기도 과천시 원문동'),(1793,'경기도 과천시 별양동'),(1794,'경기도 과천시 부림동'),(1795,'경기도 과천시 관문동'),(1796,'경기도 구리시 사노동'),(1797,'경기도 구리시 토평동'),(1798,'경기도 구리시 갈매동'),(1799,'경기도 구리시 교문동'),(1800,'경기도 구리시 인창동'),(1801,'경기도 구리시 수택동'),(1802,'경기도 구리시 아천동'),(1803,'경기도 남양주시 와부읍'),(1804,'경기도 남양주시 별내동'),(1805,'경기도 남양주시 별내면'),(1806,'경기도 남양주시 호평동'),(1807,'경기도 남양주시 평내동'),(1808,'경기도 남양주시 금곡동'),(1809,'경기도 남양주시 일패동'),(1810,'경기도 남양주시 지금동'),(1811,'경기도 남양주시 도농동'),(1812,'경기도 남양주시 화도읍'),(1813,'경기도 남양주시 다산동'),(1814,'경기도 남양주시 진접읍'),(1815,'경기도 남양주시 진건읍'),(1816,'경기도 남양주시 이패동'),(1817,'경기도 남양주시 삼패동'),(1818,'경기도 남양주시 조안면'),(1819,'경기도 남양주시 퇴계원읍'),(1820,'경기도 남양주시 수석동'),(1821,'경기도 남양주시 오남읍'),(1822,'경기도 남양주시 수동면'),(1823,'경기도 오산시 양산동'),(1824,'경기도 오산시 지곶동'),(1825,'경기도 오산시 금암동'),(1826,'경기도 오산시 오산동'),(1827,'경기도 오산시 원동'),(1828,'경기도 오산시 벌음동'),(1829,'경기도 오산시 두곡동'),(1830,'경기도 오산시 고현동'),(1831,'경기도 오산시 청호동'),(1832,'경기도 오산시 갈곶동'),(1833,'경기도 오산시 부산동'),(1834,'경기도 오산시 궐동'),(1835,'경기도 오산시 수청동'),(1836,'경기도 오산시 은계동'),(1837,'경기도 오산시 내삼미동'),(1838,'경기도 오산시 외삼미동'),(1839,'경기도 오산시 세교동'),(1840,'경기도 오산시 청학동'),(1841,'경기도 오산시 가수동'),(1842,'경기도 오산시 서동'),(1843,'경기도 오산시 가장동'),(1844,'경기도 오산시 서랑동'),(1845,'경기도 오산시 탑동'),(1846,'경기도 오산시 누읍동'),(1847,'경기도 시흥시 조남동'),(1848,'경기도 시흥시 계수동'),(1849,'경기도 시흥시 죽율동'),(1850,'경기도 시흥시 정왕동'),(1851,'경기도 시흥시 신천동'),(1852,'경기도 시흥시 미산동'),(1853,'경기도 시흥시 은행동'),(1854,'경기도 시흥시 능곡동'),(1855,'경기도 시흥시 하중동'),(1856,'경기도 시흥시 광석동'),(1857,'경기도 시흥시 군자동'),(1858,'경기도 시흥시 금이동'),(1859,'경기도 시흥시 과림동'),(1860,'경기도 시흥시 무지내동'),(1861,'경기도 시흥시 대야동'),(1862,'경기도 시흥시 방산동'),(1863,'경기도 시흥시 월곶동'),(1864,'경기도 시흥시 안현동'),(1865,'경기도 시흥시 매화동'),(1866,'경기도 시흥시 도창동'),(1867,'경기도 시흥시 논곡동'),(1868,'경기도 시흥시 목감동'),(1869,'경기도 시흥시 거모동'),(1870,'경기도 시흥시 장곡동'),(1871,'경기도 시흥시 하상동'),(1872,'경기도 시흥시 물왕동'),(1873,'경기도 시흥시 산현동'),(1874,'경기도 시흥시 장현동'),(1875,'경기도 시흥시 포동'),(1876,'경기도 시흥시 화정동'),(1877,'경기도 군포시 부곡동'),(1878,'경기도 군포시 대야미동'),(1879,'경기도 군포시 금정동'),(1880,'경기도 군포시 당정동'),(1881,'경기도 군포시 둔대동'),(1882,'경기도 군포시 속달동'),(1883,'경기도 군포시 당동'),(1884,'경기도 군포시 산본동'),(1885,'경기도 군포시 도마교동'),(1886,'경기도 의왕시 고천동'),(1887,'경기도 의왕시 왕곡동'),(1888,'경기도 의왕시 오전동'),(1889,'경기도 의왕시 이동'),(1890,'경기도 의왕시 삼동'),(1891,'경기도 의왕시 월암동'),(1892,'경기도 의왕시 학의동'),(1893,'경기도 의왕시 청계동'),(1894,'경기도 의왕시 포일동'),(1895,'경기도 의왕시 내손동'),(1896,'경기도 의왕시 초평동'),(1897,'경기도 하남시 천현동'),(1898,'경기도 하남시 하산곡동'),(1899,'경기도 하남시 춘궁동'),(1900,'경기도 하남시 광암동'),(1901,'경기도 하남시 덕풍동'),(1902,'경기도 하남시 풍산동'),(1903,'경기도 하남시 망월동'),(1904,'경기도 하남시 초이동'),(1905,'경기도 하남시 창우동'),(1906,'경기도 하남시 배알미동'),(1907,'경기도 하남시 신장동'),(1908,'경기도 하남시 미사동'),(1909,'경기도 하남시 학암동'),(1910,'경기도 하남시 감이동'),(1911,'경기도 하남시 상산곡동'),(1912,'경기도 하남시 선동'),(1913,'경기도 하남시 감북동'),(1914,'경기도 하남시 감일동'),(1915,'경기도 하남시 교산동'),(1916,'경기도 하남시 하사창동'),(1917,'경기도 하남시 상사창동'),(1918,'경기도 하남시 항동'),(1919,'경기도 하남시 초일동'),(1920,'경기도 용인시 처인구 마평동'),(1921,'경기도 용인시 처인구 이동읍'),(1922,'경기도 용인시 처인구 김량장동'),(1923,'경기도 용인시 처인구 남동'),(1924,'경기도 용인시 처인구 유방동'),(1925,'경기도 용인시 처인구 호동'),(1926,'경기도 용인시 처인구 포곡읍'),(1927,'경기도 용인시 처인구 모현읍'),(1928,'경기도 용인시 처인구 원삼면'),(1929,'경기도 용인시 처인구 백암면'),(1930,'경기도 용인시 처인구 양지면'),(1931,'경기도 용인시 처인구 남사면'),(1932,'경기도 용인시 처인구 역북동'),(1933,'경기도 용인시 처인구 삼가동'),(1934,'경기도 용인시 처인구 고림동'),(1935,'경기도 용인시 처인구 운학동'),(1936,'경기도 용인시 처인구 해곡동'),(1937,'경기도 용인시 기흥구 고매동'),(1938,'경기도 용인시 기흥구 하갈동'),(1939,'경기도 용인시 기흥구 신갈동'),(1940,'경기도 용인시 기흥구 상갈동'),(1941,'경기도 용인시 기흥구 보라동'),(1942,'경기도 용인시 기흥구 공세동'),(1943,'경기도 용인시 기흥구 마북동'),(1944,'경기도 용인시 기흥구 보정동'),(1945,'경기도 용인시 기흥구 구갈동'),(1946,'경기도 용인시 기흥구 영덕동'),(1947,'경기도 용인시 기흥구 상하동'),(1948,'경기도 용인시 기흥구 동백동'),(1949,'경기도 용인시 기흥구 중동'),(1950,'경기도 용인시 기흥구 서천동'),(1951,'경기도 용인시 기흥구 청덕동'),(1952,'경기도 용인시 기흥구 언남동'),(1953,'경기도 용인시 기흥구 농서동'),(1954,'경기도 용인시 기흥구 지곡동'),(1955,'경기도 용인시 수지구 죽전동'),(1956,'경기도 용인시 수지구 풍덕천동'),(1957,'경기도 용인시 수지구 성복동'),(1958,'경기도 용인시 수지구 상현동'),(1959,'경기도 용인시 수지구 동천동'),(1960,'경기도 용인시 수지구 고기동'),(1961,'경기도 용인시 수지구 신봉동'),(1962,'경기도 파주시 야당동'),(1963,'경기도 파주시 동패동'),(1964,'경기도 파주시 아동동'),(1965,'경기도 파주시 문산읍'),(1966,'경기도 파주시 파주읍'),(1967,'경기도 파주시 조리읍'),(1968,'경기도 파주시 월롱면'),(1969,'경기도 파주시 군내면'),(1970,'경기도 파주시 법원읍'),(1971,'경기도 파주시 광탄면'),(1972,'경기도 파주시 상지석동'),(1973,'경기도 파주시 적성면'),(1974,'경기도 파주시 금촌동'),(1975,'경기도 파주시 당하동'),(1976,'경기도 파주시 하지석동'),(1977,'경기도 파주시 와동동'),(1978,'경기도 파주시 목동동'),(1979,'경기도 파주시 탄현면'),(1980,'경기도 파주시 문발동'),(1981,'경기도 파주시 신촌동'),(1982,'경기도 파주시 금릉동'),(1983,'경기도 파주시 검산동'),(1984,'경기도 파주시 교하동'),(1985,'경기도 파주시 다율동'),(1986,'경기도 파주시 오도동'),(1987,'경기도 파주시 서패동'),(1988,'경기도 파주시 연다산동'),(1989,'경기도 파주시 산남동'),(1990,'경기도 파주시 맥금동'),(1991,'경기도 파주시 송촌동'),(1992,'경기도 파주시 야동동'),(1993,'경기도 파주시 파평면'),(1994,'경기도 파주시 장단면'),(1995,'경기도 파주시 진동면'),(1996,'경기도 이천시 마장면'),(1997,'경기도 이천시 모가면'),(1998,'경기도 이천시 고담동'),(1999,'경기도 이천시 관고동'),(2000,'경기도 이천시 중리동'),(2001,'경기도 이천시 진리동'),(2002,'경기도 이천시 사음동'),(2003,'경기도 이천시 장호원읍'),(2004,'경기도 이천시 부발읍'),(2005,'경기도 이천시 신둔면'),(2006,'경기도 이천시 대월면'),(2007,'경기도 이천시 설성면'),(2008,'경기도 이천시 율면'),(2009,'경기도 이천시 장록동'),(2010,'경기도 이천시 호법면'),(2011,'경기도 이천시 대포동'),(2012,'경기도 이천시 백사면'),(2013,'경기도 이천시 증일동'),(2014,'경기도 이천시 안흥동'),(2015,'경기도 이천시 갈산동'),(2016,'경기도 이천시 단월동'),(2017,'경기도 이천시 창전동'),(2018,'경기도 이천시 증포동'),(2019,'경기도 이천시 송정동'),(2020,'경기도 이천시 율현동'),(2021,'경기도 안성시 원곡면'),(2022,'경기도 안성시 일죽면'),(2023,'경기도 안성시 서운면'),(2024,'경기도 안성시 미양면'),(2025,'경기도 안성시 신흥동'),(2026,'경기도 안성시 인지동'),(2027,'경기도 안성시 금산동'),(2028,'경기도 안성시 연지동'),(2029,'경기도 안성시 대천동'),(2030,'경기도 안성시 서인동'),(2031,'경기도 안성시 금석동'),(2032,'경기도 안성시 계동'),(2033,'경기도 안성시 사곡동'),(2034,'경기도 안성시 도기동'),(2035,'경기도 안성시 당왕동'),(2036,'경기도 안성시 중리동'),(2037,'경기도 안성시 대덕면'),(2038,'경기도 안성시 양성면'),(2039,'경기도 안성시 고삼면'),(2040,'경기도 안성시 가사동'),(2041,'경기도 안성시 신건지동'),(2042,'경기도 안성시 신소현동'),(2043,'경기도 안성시 공도읍'),(2044,'경기도 안성시 보개면'),(2045,'경기도 안성시 죽산면'),(2046,'경기도 안성시 삼죽면'),(2047,'경기도 안성시 금광면'),(2048,'경기도 안성시 봉산동'),(2049,'경기도 안성시 옥천동'),(2050,'경기도 안성시 현수동'),(2051,'경기도 안성시 가현동'),(2052,'경기도 안성시 신모산동'),(2053,'경기도 안성시 봉남동'),(2054,'경기도 안성시 명륜동'),(2055,'경기도 안성시 숭인동'),(2056,'경기도 안성시 석정동'),(2057,'경기도 안성시 아양동'),(2058,'경기도 안성시 옥산동'),(2059,'경기도 안성시 낙원동'),(2060,'경기도 안성시 창전동'),(2061,'경기도 안성시 구포동'),(2062,'경기도 안성시 성남동'),(2063,'경기도 안성시 영동'),(2064,'경기도 안성시 동본동'),(2065,'경기도 안성시 발화동'),(2066,'경기도 김포시 양촌읍'),(2067,'경기도 김포시 구래동'),(2068,'경기도 김포시 북변동'),(2069,'경기도 김포시 걸포동'),(2070,'경기도 김포시 운양동'),(2071,'경기도 김포시 장기동'),(2072,'경기도 김포시 감정동'),(2073,'경기도 김포시 사우동'),(2074,'경기도 김포시 풍무동'),(2075,'경기도 김포시 통진읍'),(2076,'경기도 김포시 고촌읍'),(2077,'경기도 김포시 월곶면'),(2078,'경기도 김포시 대곶면'),(2079,'경기도 김포시 하성면'),(2080,'경기도 김포시 마산동'),(2081,'경기도 화성시 팔탄면'),(2082,'경기도 화성시 매송면'),(2083,'경기도 화성시 마도면'),(2084,'경기도 화성시 송산면'),(2085,'경기도 화성시 장안면'),(2086,'경기도 화성시 우정읍'),(2087,'경기도 화성시 오산동'),(2088,'경기도 화성시 영천동'),(2089,'경기도 화성시 송동'),(2090,'경기도 화성시 방교동'),(2091,'경기도 화성시 신동'),(2092,'경기도 화성시 진안동'),(2093,'경기도 화성시 병점동'),(2094,'경기도 화성시 산척동'),(2095,'경기도 화성시 장지동'),(2096,'경기도 화성시 청계동'),(2097,'경기도 화성시 목동'),(2098,'경기도 화성시 새솔동'),(2099,'경기도 화성시 향남읍'),(2100,'경기도 화성시 비봉면'),(2101,'경기도 화성시 양감면'),(2102,'경기도 화성시 능동'),(2103,'경기도 화성시 반월동'),(2104,'경기도 화성시 반송동'),(2105,'경기도 화성시 봉담읍'),(2106,'경기도 화성시 송산동'),(2107,'경기도 화성시 안녕동'),(2108,'경기도 화성시 배양동'),(2109,'경기도 화성시 기안동'),(2110,'경기도 화성시 반정동'),(2111,'경기도 화성시 기산동'),(2112,'경기도 화성시 정남면'),(2113,'경기도 화성시 중동'),(2114,'경기도 화성시 서신면'),(2115,'경기도 화성시 남양읍'),(2116,'경기도 화성시 석우동'),(2117,'경기도 화성시 황계동'),(2118,'경기도 화성시 금곡동'),(2119,'경기도 광주시 쌍령동'),(2120,'경기도 광주시 삼동'),(2121,'경기도 광주시 중대동'),(2122,'경기도 광주시 장지동'),(2123,'경기도 광주시 역동'),(2124,'경기도 광주시 초월읍'),(2125,'경기도 광주시 곤지암읍'),(2126,'경기도 광주시 오포읍'),(2127,'경기도 광주시 송정동'),(2128,'경기도 광주시 탄벌동'),(2129,'경기도 광주시 태전동'),(2130,'경기도 광주시 회덕동'),(2131,'경기도 광주시 남한산성면'),(2132,'경기도 광주시 경안동'),(2133,'경기도 광주시 도척면'),(2134,'경기도 광주시 퇴촌면'),(2135,'경기도 광주시 남종면'),(2136,'경기도 광주시 직동'),(2137,'경기도 광주시 목동'),(2138,'경기도 광주시 목현동'),(2139,'경기도 양주시 장흥면'),(2140,'경기도 양주시 마전동'),(2141,'경기도 양주시 은현면'),(2142,'경기도 양주시 남면'),(2143,'경기도 양주시 회암동'),(2144,'경기도 양주시 봉양동'),(2145,'경기도 양주시 백석읍'),(2146,'경기도 양주시 유양동'),(2147,'경기도 양주시 남방동'),(2148,'경기도 양주시 광사동'),(2149,'경기도 양주시 만송동'),(2150,'경기도 양주시 삼숭동'),(2151,'경기도 양주시 고읍동'),(2152,'경기도 양주시 광적면'),(2153,'경기도 양주시 옥정동'),(2154,'경기도 양주시 덕정동'),(2155,'경기도 양주시 율정동'),(2156,'경기도 양주시 고암동'),(2157,'경기도 양주시 산북동'),(2158,'경기도 양주시 덕계동'),(2159,'경기도 양주시 어둔동'),(2160,'경기도 양주시 회정동'),(2161,'경기도 포천시 내촌면'),(2162,'경기도 포천시 일동면'),(2163,'경기도 포천시 이동면'),(2164,'경기도 포천시 화현면'),(2165,'경기도 포천시 영북면'),(2166,'경기도 포천시 관인면'),(2167,'경기도 포천시 창수면'),(2168,'경기도 포천시 신읍동'),(2169,'경기도 포천시 어룡동'),(2170,'경기도 포천시 자작동'),(2171,'경기도 포천시 선단동'),(2172,'경기도 포천시 설운동'),(2173,'경기도 포천시 동교동'),(2174,'경기도 포천시 소흘읍'),(2175,'경기도 포천시 군내면'),(2176,'경기도 포천시 신북면'),(2177,'경기도 포천시 영중면'),(2178,'경기도 포천시 가산면'),(2179,'경기도 여주시 능서면'),(2180,'경기도 여주시 금사면'),(2181,'경기도 여주시 산북면'),(2182,'경기도 여주시 흥천면'),(2183,'경기도 여주시 대신면'),(2184,'경기도 여주시 가남읍'),(2185,'경기도 여주시 점동면'),(2186,'경기도 여주시 천송동'),(2187,'경기도 여주시 북내면'),(2188,'경기도 여주시 강천면'),(2189,'경기도 여주시 오학동'),(2190,'경기도 여주시 현암동'),(2191,'경기도 여주시 홍문동'),(2192,'경기도 여주시 교동'),(2193,'경기도 여주시 삼교동'),(2194,'경기도 여주시 점봉동'),(2195,'경기도 여주시 멱곡동'),(2196,'경기도 여주시 상거동'),(2197,'경기도 여주시 하거동'),(2198,'경기도 여주시 연라동'),(2199,'경기도 여주시 단현동'),(2200,'경기도 여주시 능현동'),(2201,'경기도 여주시 매룡동'),(2202,'경기도 여주시 월송동'),(2203,'경기도 여주시 창동'),(2204,'경기도 여주시 하동'),(2205,'경기도 여주시 가업동'),(2206,'경기도 여주시 상동'),(2207,'경기도 여주시 우만동'),(2208,'경기도 여주시 신진동'),(2209,'경기도 여주시 연양동'),(2210,'경기도 여주시 오금동'),(2211,'경기도 연천군 전곡읍'),(2212,'경기도 연천군 청산면'),(2213,'경기도 연천군 군남면'),(2214,'경기도 연천군 백학면'),(2215,'경기도 연천군 미산면'),(2216,'경기도 연천군 장남면'),(2217,'경기도 연천군 왕징면'),(2218,'경기도 연천군 중면'),(2219,'경기도 연천군 신서면'),(2220,'경기도 연천군 연천읍'),(2221,'경기도 가평군 가평읍'),(2222,'경기도 가평군 청평면'),(2223,'경기도 가평군 상면'),(2224,'경기도 가평군 북면'),(2225,'경기도 가평군 설악면'),(2226,'경기도 가평군 조종면'),(2227,'경기도 양평군 양동면'),(2228,'경기도 양평군 단월면'),(2229,'경기도 양평군 양평읍'),(2230,'경기도 양평군 양서면'),(2231,'경기도 양평군 옥천면'),(2232,'경기도 양평군 청운면'),(2233,'경기도 양평군 용문면'),(2234,'경기도 양평군 지평면'),(2235,'경기도 양평군 강하면'),(2236,'경기도 양평군 개군면'),(2237,'경기도 양평군 서종면'),(2238,'경기도 양평군 강상면'),(2239,'강원도 춘천시 신북읍'),(2240,'강원도 춘천시 동면'),(2241,'강원도 춘천시 신동면'),(2242,'강원도 춘천시 동내면'),(2243,'강원도 춘천시 온의동'),(2244,'강원도 춘천시 칠전동'),(2245,'강원도 춘천시 서면'),(2246,'강원도 춘천시 남산면'),(2247,'강원도 춘천시 사북면'),(2248,'강원도 춘천시 소양로1가'),(2249,'강원도 춘천시 근화동'),(2250,'강원도 춘천시 우두동'),(2251,'강원도 춘천시 사농동'),(2252,'강원도 춘천시 퇴계동'),(2253,'강원도 춘천시 석사동'),(2254,'강원도 춘천시 신동'),(2255,'강원도 춘천시 동산면'),(2256,'강원도 춘천시 후평동'),(2257,'강원도 춘천시 중앙로3가'),(2258,'강원도 춘천시 약사동'),(2259,'강원도 춘천시 효자동'),(2260,'강원도 춘천시 요선동'),(2261,'강원도 춘천시 낙원동'),(2262,'강원도 춘천시 중앙로2가'),(2263,'강원도 춘천시 조양동'),(2264,'강원도 춘천시 운교동'),(2265,'강원도 춘천시 소양로3가'),(2266,'강원도 춘천시 남면'),(2267,'강원도 춘천시 북산면'),(2268,'강원도 춘천시 교동'),(2269,'강원도 춘천시 옥천동'),(2270,'강원도 춘천시 소양로2가'),(2271,'강원도 춘천시 소양로4가'),(2272,'강원도 춘천시 삼천동'),(2273,'강원도 춘천시 봉의동'),(2274,'강원도 춘천시 중앙로1가'),(2275,'강원도 춘천시 송암동'),(2276,'강원도 춘천시 죽림동'),(2277,'강원도 춘천시 중도동'),(2278,'강원도 원주시 개운동'),(2279,'강원도 원주시 명륜동'),(2280,'강원도 원주시 단구동'),(2281,'강원도 원주시 단계동'),(2282,'강원도 원주시 흥업면'),(2283,'강원도 원주시 귀래면'),(2284,'강원도 원주시 문막읍'),(2285,'강원도 원주시 부론면'),(2286,'강원도 원주시 신림면'),(2287,'강원도 원주시 지정면'),(2288,'강원도 원주시 호저면'),(2289,'강원도 원주시 태장동'),(2290,'강원도 원주시 가현동'),(2291,'강원도 원주시 소초면'),(2292,'강원도 원주시 평원동'),(2293,'강원도 원주시 학성동'),(2294,'강원도 원주시 관설동'),(2295,'강원도 원주시 반곡동'),(2296,'강원도 원주시 원동'),(2297,'강원도 원주시 일산동'),(2298,'강원도 원주시 판부면'),(2299,'강원도 원주시 봉산동'),(2300,'강원도 원주시 행구동'),(2301,'강원도 원주시 무실동'),(2302,'강원도 원주시 우산동'),(2303,'강원도 원주시 중앙동'),(2304,'강원도 원주시 인동'),(2305,'강원도 강릉시 성산면'),(2306,'강원도 강릉시 사천면'),(2307,'강원도 강릉시 구정면'),(2308,'강원도 강릉시 옥계면'),(2309,'강원도 강릉시 죽헌동'),(2310,'강원도 강릉시 대전동'),(2311,'강원도 강릉시 난곡동'),(2312,'강원도 강릉시 안현동'),(2313,'강원도 강릉시 주문진읍'),(2314,'강원도 강릉시 강동면'),(2315,'강원도 강릉시 연곡면'),(2316,'강원도 강릉시 운산동'),(2317,'강원도 강릉시 유천동'),(2318,'강원도 강릉시 홍제동'),(2319,'강원도 강릉시 임당동'),(2320,'강원도 강릉시 옥천동'),(2321,'강원도 강릉시 교동'),(2322,'강원도 강릉시 포남동'),(2323,'강원도 강릉시 남문동'),(2324,'강원도 강릉시 명주동'),(2325,'강원도 강릉시 성내동'),(2326,'강원도 강릉시 금학동'),(2327,'강원도 강릉시 송정동'),(2328,'강원도 강릉시 견소동'),(2329,'강원도 강릉시 왕산면'),(2330,'강원도 강릉시 지변동'),(2331,'강원도 강릉시 저동'),(2332,'강원도 강릉시 성남동'),(2333,'강원도 강릉시 박월동'),(2334,'강원도 강릉시 신석동'),(2335,'강원도 강릉시 초당동'),(2336,'강원도 강릉시 강문동'),(2337,'강원도 강릉시 운정동'),(2338,'강원도 강릉시 내곡동'),(2339,'강원도 강릉시 노암동'),(2340,'강원도 강릉시 용강동'),(2341,'강원도 강릉시 장현동'),(2342,'강원도 강릉시 담산동'),(2343,'강원도 강릉시 유산동'),(2344,'강원도 강릉시 입암동'),(2345,'강원도 강릉시 두산동'),(2346,'강원도 강릉시 학동'),(2347,'강원도 강릉시 병산동'),(2348,'강원도 강릉시 청량동'),(2349,'강원도 강릉시 회산동'),(2350,'강원도 강릉시 남항진동'),(2351,'강원도 강릉시 월호평동'),(2352,'강원도 동해시 천곡동'),(2353,'강원도 동해시 평릉동'),(2354,'강원도 동해시 지흥동'),(2355,'강원도 동해시 효가동'),(2356,'강원도 동해시 나안동'),(2357,'강원도 동해시 발한동'),(2358,'강원도 동해시 추암동'),(2359,'강원도 동해시 단봉동'),(2360,'강원도 동해시 이도동'),(2361,'강원도 동해시 대구동'),(2362,'강원도 동해시 망상동'),(2363,'강원도 동해시 초구동'),(2364,'강원도 동해시 부곡동'),(2365,'강원도 동해시 호현동'),(2366,'강원도 동해시 이로동'),(2367,'강원도 동해시 신흥동'),(2368,'강원도 동해시 달방동'),(2369,'강원도 동해시 구미동'),(2370,'강원도 동해시 구호동'),(2371,'강원도 동해시 송정동'),(2372,'강원도 동해시 용정동'),(2373,'강원도 동해시 북평동'),(2374,'강원도 동해시 어달동'),(2375,'강원도 동해시 대진동'),(2376,'강원도 동해시 묵호진동'),(2377,'강원도 동해시 삼화동'),(2378,'강원도 동해시 이기동'),(2379,'강원도 동해시 귀운동'),(2380,'강원도 동해시 동회동'),(2381,'강원도 동해시 쇄운동'),(2382,'강원도 동해시 괴란동'),(2383,'강원도 동해시 만우동'),(2384,'강원도 동해시 내동'),(2385,'강원도 동해시 지가동'),(2386,'강원도 동해시 심곡동'),(2387,'강원도 동해시 비천동'),(2388,'강원도 태백시 황지동'),(2389,'강원도 태백시 장성동'),(2390,'강원도 태백시 문곡동'),(2391,'강원도 태백시 동점동'),(2392,'강원도 태백시 화전동'),(2393,'강원도 태백시 통동'),(2394,'강원도 태백시 상사미동'),(2395,'강원도 태백시 소도동'),(2396,'강원도 태백시 혈동'),(2397,'강원도 태백시 적각동'),(2398,'강원도 태백시 창죽동'),(2399,'강원도 태백시 하사미동'),(2400,'강원도 태백시 조탄동'),(2401,'강원도 태백시 철암동'),(2402,'강원도 태백시 백산동'),(2403,'강원도 태백시 원동'),(2404,'강원도 태백시 금천동'),(2405,'강원도 속초시 교동'),(2406,'강원도 속초시 조양동'),(2407,'강원도 속초시 대포동'),(2408,'강원도 속초시 장사동'),(2409,'강원도 속초시 영랑동'),(2410,'강원도 속초시 동명동'),(2411,'강원도 속초시 설악동'),(2412,'강원도 속초시 노학동'),(2413,'강원도 속초시 도문동'),(2414,'강원도 속초시 중앙동'),(2415,'강원도 속초시 금호동'),(2416,'강원도 속초시 청학동'),(2417,'강원도 속초시 청호동'),(2418,'강원도 삼척시 교동'),(2419,'강원도 삼척시 갈천동'),(2420,'강원도 삼척시 마달동'),(2421,'강원도 삼척시 사직동'),(2422,'강원도 삼척시 오분동'),(2423,'강원도 삼척시 정상동'),(2424,'강원도 삼척시 정하동'),(2425,'강원도 삼척시 원덕읍'),(2426,'강원도 삼척시 우지동'),(2427,'강원도 삼척시 등봉동'),(2428,'강원도 삼척시 도계읍'),(2429,'강원도 삼척시 미로면'),(2430,'강원도 삼척시 신기면'),(2431,'강원도 삼척시 도경동'),(2432,'강원도 삼척시 근덕면'),(2433,'강원도 삼척시 노곡면'),(2434,'강원도 삼척시 하장면'),(2435,'강원도 삼척시 당저동'),(2436,'강원도 삼척시 가곡면'),(2437,'강원도 삼척시 성내동'),(2438,'강원도 삼척시 읍중동'),(2439,'강원도 삼척시 남양동'),(2440,'강원도 삼척시 적노동'),(2441,'강원도 삼척시 조비동'),(2442,'강원도 삼척시 증산동'),(2443,'강원도 삼척시 성북동'),(2444,'강원도 삼척시 자원동'),(2445,'강원도 삼척시 원당동'),(2446,'강원도 삼척시 평전동'),(2447,'강원도 삼척시 성남동'),(2448,'강원도 삼척시 읍상동'),(2449,'강원도 삼척시 건지동'),(2450,'강원도 삼척시 근산동'),(2451,'강원도 삼척시 마평동'),(2452,'강원도 삼척시 오사동'),(2453,'강원도 홍천군 내촌면'),(2454,'강원도 홍천군 화촌면'),(2455,'강원도 홍천군 남면'),(2456,'강원도 홍천군 서면'),(2457,'강원도 홍천군 홍천읍'),(2458,'강원도 홍천군 두촌면'),(2459,'강원도 홍천군 서석면'),(2460,'강원도 홍천군 내면'),(2461,'강원도 홍천군 북방면'),(2462,'강원도 홍천군 동면'),(2463,'강원도 횡성군 둔내면'),(2464,'강원도 횡성군 우천면'),(2465,'강원도 횡성군 안흥면'),(2466,'강원도 횡성군 횡성읍'),(2467,'강원도 횡성군 갑천면'),(2468,'강원도 횡성군 공근면'),(2469,'강원도 횡성군 서원면'),(2470,'강원도 횡성군 강림면'),(2471,'강원도 횡성군 청일면'),(2472,'강원도 영월군 김삿갓면'),(2473,'강원도 영월군 남면'),(2474,'강원도 영월군 한반도면'),(2475,'강원도 영월군 주천면'),(2476,'강원도 영월군 상동읍'),(2477,'강원도 영월군 중동면'),(2478,'강원도 영월군 무릉도원면'),(2479,'강원도 영월군 북면'),(2480,'강원도 영월군 영월읍'),(2481,'강원도 평창군 방림면'),(2482,'강원도 평창군 대화면'),(2483,'강원도 평창군 용평면'),(2484,'강원도 평창군 봉평면'),(2485,'강원도 평창군 진부면'),(2486,'강원도 평창군 대관령면'),(2487,'강원도 평창군 미탄면'),(2488,'강원도 평창군 평창읍'),(2489,'강원도 정선군 여량면'),(2490,'강원도 정선군 북평면'),(2491,'강원도 정선군 고한읍'),(2492,'강원도 정선군 신동읍'),(2493,'강원도 정선군 남면'),(2494,'강원도 정선군 임계면'),(2495,'강원도 정선군 화암면'),(2496,'강원도 정선군 정선읍'),(2497,'강원도 정선군 사북읍'),(2498,'강원도 철원군 동송읍'),(2499,'강원도 철원군 서면'),(2500,'강원도 철원군 근남면'),(2501,'강원도 철원군 갈말읍'),(2502,'강원도 철원군 철원읍'),(2503,'강원도 철원군 김화읍'),(2504,'강원도 철원군 근북면'),(2505,'강원도 화천군 사내면'),(2506,'강원도 화천군 하남면'),(2507,'강원도 화천군 화천읍'),(2508,'강원도 화천군 상서면'),(2509,'강원도 화천군 간동면'),(2510,'강원도 양구군 양구읍'),(2511,'강원도 양구군 남면'),(2512,'강원도 양구군 해안면'),(2513,'강원도 양구군 방산면'),(2514,'강원도 양구군 동면'),(2515,'강원도 인제군 상남면'),(2516,'강원도 인제군 북면'),(2517,'강원도 인제군 서화면'),(2518,'강원도 인제군 인제읍'),(2519,'강원도 인제군 남면'),(2520,'강원도 인제군 기린면'),(2521,'강원도 고성군 거진읍'),(2522,'강원도 고성군 현내면'),(2523,'강원도 고성군 죽왕면'),(2524,'강원도 고성군 토성면'),(2525,'강원도 고성군 간성읍'),(2526,'강원도 고성군 수동면'),(2527,'강원도 양양군 양양읍'),(2528,'강원도 양양군 손양면'),(2529,'강원도 양양군 현북면'),(2530,'강원도 양양군 현남면'),(2531,'강원도 양양군 강현면'),(2532,'강원도 양양군 서면'),(2533,'충청북도 청주시 상당구 문의면'),(2534,'충청북도 청주시 상당구 가덕면'),(2535,'충청북도 청주시 상당구 남일면'),(2536,'충청북도 청주시 상당구 지북동'),(2537,'충청북도 청주시 상당구 운동동'),(2538,'충청북도 청주시 상당구 월오동'),(2539,'충청북도 청주시 상당구 낭성면'),(2540,'충청북도 청주시 상당구 방서동'),(2541,'충청북도 청주시 상당구 미원면'),(2542,'충청북도 청주시 상당구 탑동'),(2543,'충청북도 청주시 상당구 금천동'),(2544,'충청북도 청주시 상당구 용담동'),(2545,'충청북도 청주시 상당구 명암동'),(2546,'충청북도 청주시 상당구 산성동'),(2547,'충청북도 청주시 상당구 용정동'),(2548,'충청북도 청주시 상당구 평촌동'),(2549,'충청북도 청주시 상당구 용암동'),(2550,'충청북도 청주시 상당구 북문로2가'),(2551,'충청북도 청주시 상당구 수동'),(2552,'충청북도 청주시 상당구 영동'),(2553,'충청북도 청주시 상당구 남문로2가'),(2554,'충청북도 청주시 상당구 서문동'),(2555,'충청북도 청주시 상당구 남주동'),(2556,'충청북도 청주시 상당구 대성동'),(2557,'충청북도 청주시 상당구 문화동'),(2558,'충청북도 청주시 상당구 서운동'),(2559,'충청북도 청주시 상당구 석교동'),(2560,'충청북도 청주시 상당구 영운동'),(2561,'충청북도 청주시 상당구 북문로3가'),(2562,'충청북도 청주시 상당구 북문로1가'),(2563,'충청북도 청주시 상당구 남문로1가'),(2564,'충청북도 청주시 서원구 남이면'),(2565,'충청북도 청주시 서원구 현도면'),(2566,'충청북도 청주시 서원구 미평동'),(2567,'충청북도 청주시 서원구 성화동'),(2568,'충청북도 청주시 서원구 죽림동'),(2569,'충청북도 청주시 서원구 장성동'),(2570,'충청북도 청주시 서원구 장암동'),(2571,'충청북도 청주시 서원구 개신동'),(2572,'충청북도 청주시 서원구 사창동'),(2573,'충청북도 청주시 서원구 산남동'),(2574,'충청북도 청주시 서원구 분평동'),(2575,'충청북도 청주시 서원구 사직동'),(2576,'충청북도 청주시 서원구 모충동'),(2577,'충청북도 청주시 서원구 수곡동'),(2578,'충청북도 청주시 흥덕구 석소동'),(2579,'충청북도 청주시 흥덕구 옥산면'),(2580,'충청북도 청주시 흥덕구 오송읍'),(2581,'충청북도 청주시 흥덕구 복대동'),(2582,'충청북도 청주시 흥덕구 강서동'),(2583,'충청북도 청주시 흥덕구 휴암동'),(2584,'충청북도 청주시 흥덕구 수의동'),(2585,'충청북도 청주시 흥덕구 비하동'),(2586,'충청북도 청주시 흥덕구 강내면'),(2587,'충청북도 청주시 흥덕구 가경동'),(2588,'충청북도 청주시 흥덕구 송정동'),(2589,'충청북도 청주시 흥덕구 송절동'),(2590,'충청북도 청주시 흥덕구 화계동'),(2591,'충청북도 청주시 흥덕구 외북동'),(2592,'충청북도 청주시 흥덕구 향정동'),(2593,'충청북도 청주시 흥덕구 석곡동'),(2594,'충청북도 청주시 흥덕구 신전동'),(2595,'충청북도 청주시 흥덕구 현암동'),(2596,'충청북도 청주시 흥덕구 운천동'),(2597,'충청북도 청주시 흥덕구 신봉동'),(2598,'충청북도 청주시 흥덕구 봉명동'),(2599,'충청북도 청주시 흥덕구 문암동'),(2600,'충청북도 청주시 흥덕구 지동동'),(2601,'충청북도 청주시 흥덕구 서촌동'),(2602,'충청북도 청주시 흥덕구 정봉동'),(2603,'충청북도 청주시 흥덕구 내곡동'),(2604,'충청북도 청주시 흥덕구 상신동'),(2605,'충청북도 청주시 흥덕구 동막동'),(2606,'충청북도 청주시 흥덕구 신촌동'),(2607,'충청북도 청주시 흥덕구 원평동'),(2608,'충청북도 청주시 흥덕구 신성동'),(2609,'충청북도 청주시 흥덕구 평동'),(2610,'충청북도 청주시 흥덕구 남촌동'),(2611,'충청북도 청주시 흥덕구 신대동'),(2612,'충청북도 청주시 청원구 오창읍'),(2613,'충청북도 청주시 청원구 외하동'),(2614,'충청북도 청주시 청원구 내수읍'),(2615,'충청북도 청주시 청원구 내덕동'),(2616,'충청북도 청주시 청원구 율량동'),(2617,'충청북도 청주시 청원구 주성동'),(2618,'충청북도 청주시 청원구 주중동'),(2619,'충청북도 청주시 청원구 북이면'),(2620,'충청북도 청주시 청원구 사천동'),(2621,'충청북도 청주시 청원구 우암동'),(2622,'충청북도 청주시 청원구 정하동'),(2623,'충청북도 청주시 청원구 정상동'),(2624,'충청북도 청주시 청원구 오동동'),(2625,'충청북도 청주시 청원구 정북동'),(2626,'충청북도 청주시 청원구 외남동'),(2627,'충청북도 청주시 청원구 외평동'),(2628,'충청북도 충주시 신니면'),(2629,'충청북도 충주시 엄정면'),(2630,'충청북도 충주시 산척면'),(2631,'충청북도 충주시 중앙탑면'),(2632,'충청북도 충주시 대소원면'),(2633,'충청북도 충주시 노은면'),(2634,'충청북도 충주시 주덕읍'),(2635,'충청북도 충주시 교현동'),(2636,'충청북도 충주시 칠금동'),(2637,'충청북도 충주시 연수동'),(2638,'충청북도 충주시 봉방동'),(2639,'충청북도 충주시 목행동'),(2640,'충청북도 충주시 문화동'),(2641,'충청북도 충주시 금릉동'),(2642,'충청북도 충주시 용산동'),(2643,'충청북도 충주시 호암동'),(2644,'충청북도 충주시 안림동'),(2645,'충청북도 충주시 지현동'),(2646,'충청북도 충주시 단월동'),(2647,'충청북도 충주시 금가면'),(2648,'충청북도 충주시 동량면'),(2649,'충청북도 충주시 소태면'),(2650,'충청북도 충주시 달천동'),(2651,'충청북도 충주시 용관동'),(2652,'충청북도 충주시 풍동'),(2653,'충청북도 충주시 용두동'),(2654,'충청북도 충주시 살미면'),(2655,'충청북도 충주시 수안보면'),(2656,'충청북도 충주시 앙성면'),(2657,'충청북도 충주시 성내동'),(2658,'충청북도 충주시 성남동'),(2659,'충청북도 충주시 성서동'),(2660,'충청북도 충주시 충인동'),(2661,'충청북도 충주시 용탄동'),(2662,'충청북도 충주시 종민동'),(2663,'충청북도 충주시 목벌동'),(2664,'충청북도 충주시 충의동'),(2665,'충청북도 충주시 가주동'),(2666,'충청북도 충주시 직동'),(2667,'충청북도 제천시 금성면'),(2668,'충청북도 제천시 봉양읍'),(2669,'충청북도 제천시 서부동'),(2670,'충청북도 제천시 동현동'),(2671,'충청북도 제천시 남천동'),(2672,'충청북도 제천시 중앙로1가'),(2673,'충청북도 제천시 명동'),(2674,'충청북도 제천시 흑석동'),(2675,'충청북도 제천시 두학동'),(2676,'충청북도 제천시 신백동'),(2677,'충청북도 제천시 자작동'),(2678,'충청북도 제천시 하소동'),(2679,'충청북도 제천시 신월동'),(2680,'충청북도 제천시 왕암동'),(2681,'충청북도 제천시 의림동'),(2682,'충청북도 제천시 중앙로2가'),(2683,'충청북도 제천시 화산동'),(2684,'충청북도 제천시 영천동'),(2685,'충청북도 제천시 청전동'),(2686,'충청북도 제천시 모산동'),(2687,'충청북도 제천시 고암동'),(2688,'충청북도 제천시 송학면'),(2689,'충청북도 제천시 장락동'),(2690,'충청북도 제천시 백운면'),(2691,'충청북도 제천시 한수면'),(2692,'충청북도 제천시 청풍면'),(2693,'충청북도 제천시 수산면'),(2694,'충청북도 제천시 고명동'),(2695,'충청북도 제천시 강제동'),(2696,'충청북도 제천시 대랑동'),(2697,'충청북도 제천시 명지동'),(2698,'충청북도 제천시 신동'),(2699,'충청북도 제천시 덕산면'),(2700,'충청북도 제천시 교동'),(2701,'충청북도 제천시 천남동'),(2702,'충청북도 제천시 산곡동'),(2703,'충청북도 보은군 보은읍'),(2704,'충청북도 보은군 장안면'),(2705,'충청북도 보은군 마로면'),(2706,'충청북도 보은군 탄부면'),(2707,'충청북도 보은군 수한면'),(2708,'충청북도 보은군 회인면'),(2709,'충청북도 보은군 회남면'),(2710,'충청북도 보은군 속리산면'),(2711,'충청북도 보은군 산외면'),(2712,'충청북도 보은군 삼승면'),(2713,'충청북도 보은군 내북면'),(2714,'충청북도 옥천군 동이면'),(2715,'충청북도 옥천군 군서면'),(2716,'충청북도 옥천군 옥천읍'),(2717,'충청북도 옥천군 이원면'),(2718,'충청북도 옥천군 군북면'),(2719,'충청북도 옥천군 청산면'),(2720,'충청북도 옥천군 안내면'),(2721,'충청북도 옥천군 청성면'),(2722,'충청북도 옥천군 안남면'),(2723,'충청북도 영동군 매곡면'),(2724,'충청북도 영동군 양강면'),(2725,'충청북도 영동군 양산면'),(2726,'충청북도 영동군 심천면'),(2727,'충청북도 영동군 황간면'),(2728,'충청북도 영동군 상촌면'),(2729,'충청북도 영동군 용화면'),(2730,'충청북도 영동군 학산면'),(2731,'충청북도 영동군 영동읍'),(2732,'충청북도 영동군 용산면'),(2733,'충청북도 영동군 추풍령면'),(2734,'충청북도 증평군 증평읍'),(2735,'충청북도 증평군 도안면'),(2736,'충청북도 진천군 문백면'),(2737,'충청북도 진천군 이월면'),(2738,'충청북도 진천군 광혜원면'),(2739,'충청북도 진천군 백곡면'),(2740,'충청북도 진천군 진천읍'),(2741,'충청북도 진천군 초평면'),(2742,'충청북도 진천군 덕산읍'),(2743,'충청북도 괴산군 연풍면'),(2744,'충청북도 괴산군 장연면'),(2745,'충청북도 괴산군 칠성면'),(2746,'충청북도 괴산군 청천면'),(2747,'충청북도 괴산군 괴산읍'),(2748,'충청북도 괴산군 문광면'),(2749,'충청북도 괴산군 청안면'),(2750,'충청북도 괴산군 사리면'),(2751,'충청북도 괴산군 감물면'),(2752,'충청북도 괴산군 불정면'),(2753,'충청북도 괴산군 소수면'),(2754,'충청북도 음성군 삼성면'),(2755,'충청북도 음성군 대소면'),(2756,'충청북도 음성군 금왕읍'),(2757,'충청북도 음성군 음성읍'),(2758,'충청북도 음성군 소이면'),(2759,'충청북도 음성군 원남면'),(2760,'충청북도 음성군 생극면'),(2761,'충청북도 음성군 감곡면'),(2762,'충청북도 음성군 맹동면'),(2763,'충청북도 단양군 어상천면'),(2764,'충청북도 단양군 영춘면'),(2765,'충청북도 단양군 가곡면'),(2766,'충청북도 단양군 단양읍'),(2767,'충청북도 단양군 매포읍'),(2768,'충청북도 단양군 대강면'),(2769,'충청북도 단양군 단성면'),(2770,'충청북도 단양군 적성면'),(2771,'충청남도 천안시 동남구 풍세면'),(2772,'충청남도 천안시 동남구 청당동'),(2773,'충청남도 천안시 동남구 신방동'),(2774,'충청남도 천안시 동남구 목천읍'),(2775,'충청남도 천안시 동남구 용곡동'),(2776,'충청남도 천안시 동남구 봉명동'),(2777,'충청남도 천안시 동남구 쌍용동'),(2778,'충청남도 천안시 동남구 원성동'),(2779,'충청남도 천안시 동남구 구성동'),(2780,'충청남도 천안시 동남구 삼룡동'),(2781,'충청남도 천안시 동남구 신부동'),(2782,'충청남도 천안시 동남구 동면'),(2783,'충청남도 천안시 동남구 광덕면'),(2784,'충청남도 천안시 동남구 구룡동'),(2785,'충청남도 천안시 동남구 수신면'),(2786,'충청남도 천안시 동남구 성남면'),(2787,'충청남도 천안시 동남구 북면'),(2788,'충청남도 천안시 동남구 병천면'),(2789,'충청남도 천안시 동남구 안서동'),(2790,'충청남도 천안시 동남구 사직동'),(2791,'충청남도 천안시 동남구 대흥동'),(2792,'충청남도 천안시 동남구 성황동'),(2793,'충청남도 천안시 동남구 영성동'),(2794,'충청남도 천안시 동남구 문화동'),(2795,'충청남도 천안시 동남구 유량동'),(2796,'충청남도 천안시 동남구 오룡동'),(2797,'충청남도 천안시 동남구 다가동'),(2798,'충청남도 천안시 동남구 청수동'),(2799,'충청남도 천안시 서북구 성정동'),(2800,'충청남도 천안시 서북구 두정동'),(2801,'충청남도 천안시 서북구 쌍용동'),(2802,'충청남도 천안시 서북구 신당동'),(2803,'충청남도 천안시 서북구 부대동'),(2804,'충청남도 천안시 서북구 성환읍'),(2805,'충청남도 천안시 서북구 성거읍'),(2806,'충청남도 천안시 서북구 직산읍'),(2807,'충청남도 천안시 서북구 백석동'),(2808,'충청남도 천안시 서북구 성성동'),(2809,'충청남도 천안시 서북구 불당동'),(2810,'충청남도 천안시 서북구 와촌동'),(2811,'충청남도 천안시 서북구 차암동'),(2812,'충청남도 천안시 서북구 업성동'),(2813,'충청남도 천안시 서북구 입장면'),(2814,'충청남도 공주시 송선동'),(2815,'충청남도 공주시 의당면'),(2816,'충청남도 공주시 쌍신동'),(2817,'충청남도 공주시 유구읍'),(2818,'충청남도 공주시 사곡면'),(2819,'충청남도 공주시 신풍면'),(2820,'충청남도 공주시 우성면'),(2821,'충청남도 공주시 정안면'),(2822,'충청남도 공주시 태봉동'),(2823,'충청남도 공주시 탄천면'),(2824,'충청남도 공주시 이인면'),(2825,'충청남도 공주시 반포면'),(2826,'충청남도 공주시 웅진동'),(2827,'충청남도 공주시 검상동'),(2828,'충청남도 공주시 계룡면'),(2829,'충청남도 공주시 주미동'),(2830,'충청남도 공주시 오곡동'),(2831,'충청남도 공주시 신관동'),(2832,'충청남도 공주시 무릉동'),(2833,'충청남도 공주시 월송동'),(2834,'충청남도 공주시 석장리동'),(2835,'충청남도 공주시 반죽동'),(2836,'충청남도 공주시 중동'),(2837,'충청남도 공주시 산성동'),(2838,'충청남도 공주시 교동'),(2839,'충청남도 공주시 옥룡동'),(2840,'충청남도 공주시 금흥동'),(2841,'충청남도 공주시 봉황동'),(2842,'충청남도 공주시 금성동'),(2843,'충청남도 공주시 금학동'),(2844,'충청남도 공주시 중학동'),(2845,'충청남도 공주시 동현동'),(2846,'충청남도 공주시 소학동'),(2847,'충청남도 공주시 상왕동'),(2848,'충청남도 공주시 봉정동'),(2849,'충청남도 공주시 월미동'),(2850,'충청남도 공주시 신기동'),(2851,'충청남도 보령시 천북면'),(2852,'충청남도 보령시 주교면'),(2853,'충청남도 보령시 청소면'),(2854,'충청남도 보령시 웅천읍'),(2855,'충청남도 보령시 남포면'),(2856,'충청남도 보령시 신흑동'),(2857,'충청남도 보령시 대천동'),(2858,'충청남도 보령시 궁촌동'),(2859,'충청남도 보령시 청라면'),(2860,'충청남도 보령시 죽정동'),(2861,'충청남도 보령시 주산면'),(2862,'충청남도 보령시 화산동'),(2863,'충청남도 보령시 명천동'),(2864,'충청남도 보령시 내항동'),(2865,'충청남도 보령시 남곡동'),(2866,'충청남도 보령시 요암동'),(2867,'충청남도 보령시 오천면'),(2868,'충청남도 보령시 동대동'),(2869,'충청남도 보령시 미산면'),(2870,'충청남도 보령시 성주면'),(2871,'충청남도 보령시 주포면'),(2872,'충청남도 아산시 배방읍'),(2873,'충청남도 아산시 둔포면'),(2874,'충청남도 아산시 인주면'),(2875,'충청남도 아산시 영인면'),(2876,'충청남도 아산시 음봉면'),(2877,'충청남도 아산시 탕정면'),(2878,'충청남도 아산시 좌부동'),(2879,'충청남도 아산시 도고면'),(2880,'충청남도 아산시 송악면'),(2881,'충청남도 아산시 온천동'),(2882,'충청남도 아산시 방축동'),(2883,'충청남도 아산시 풍기동'),(2884,'충청남도 아산시 모종동'),(2885,'충청남도 아산시 배미동'),(2886,'충청남도 아산시 득산동'),(2887,'충청남도 아산시 신동'),(2888,'충청남도 아산시 남동'),(2889,'충청남도 아산시 신창면'),(2890,'충청남도 아산시 법곡동'),(2891,'충청남도 아산시 장존동'),(2892,'충청남도 아산시 읍내동'),(2893,'충청남도 아산시 용화동'),(2894,'충청남도 아산시 염치읍'),(2895,'충청남도 아산시 권곡동'),(2896,'충청남도 아산시 실옥동'),(2897,'충청남도 아산시 선장면'),(2898,'충청남도 아산시 초사동'),(2899,'충청남도 아산시 신인동'),(2900,'충청남도 아산시 기산동'),(2901,'충청남도 아산시 점양동'),(2902,'충청남도 서산시 해미면'),(2903,'충청남도 서산시 동문동'),(2904,'충청남도 서산시 잠홍동'),(2905,'충청남도 서산시 석림동'),(2906,'충청남도 서산시 석남동'),(2907,'충청남도 서산시 예천동'),(2908,'충청남도 서산시 인지면'),(2909,'충청남도 서산시 팔봉면'),(2910,'충청남도 서산시 음암면'),(2911,'충청남도 서산시 운산면'),(2912,'충청남도 서산시 수석동'),(2913,'충청남도 서산시 성연면'),(2914,'충청남도 서산시 부석면'),(2915,'충청남도 서산시 읍내동'),(2916,'충청남도 서산시 갈산동'),(2917,'충청남도 서산시 대산읍'),(2918,'충청남도 서산시 지곡면'),(2919,'충청남도 서산시 고북면'),(2920,'충청남도 서산시 죽성동'),(2921,'충청남도 서산시 양대동'),(2922,'충청남도 서산시 오남동'),(2923,'충청남도 서산시 장동'),(2924,'충청남도 서산시 덕지천동'),(2925,'충청남도 서산시 온석동'),(2926,'충청남도 논산시 벌곡면'),(2927,'충청남도 논산시 연무읍'),(2928,'충청남도 논산시 취암동'),(2929,'충청남도 논산시 등화동'),(2930,'충청남도 논산시 지산동'),(2931,'충청남도 논산시 내동'),(2932,'충청남도 논산시 강산동'),(2933,'충청남도 논산시 관촉동'),(2934,'충청남도 논산시 부창동'),(2935,'충청남도 논산시 광석면'),(2936,'충청남도 논산시 노성면'),(2937,'충청남도 논산시 상월면'),(2938,'충청남도 논산시 은진면'),(2939,'충청남도 논산시 성동면'),(2940,'충청남도 논산시 반월동'),(2941,'충청남도 논산시 덕지동'),(2942,'충청남도 논산시 강경읍'),(2943,'충청남도 논산시 부적면'),(2944,'충청남도 논산시 연산면'),(2945,'충청남도 논산시 채운면'),(2946,'충청남도 논산시 양촌면'),(2947,'충청남도 논산시 가야곡면'),(2948,'충청남도 논산시 화지동'),(2949,'충청남도 논산시 대교동'),(2950,'충청남도 계룡시 두마면'),(2951,'충청남도 계룡시 금암동'),(2952,'충청남도 계룡시 엄사면'),(2953,'충청남도 계룡시 신도안면'),(2954,'충청남도 당진시 신평면'),(2955,'충청남도 당진시 송악읍'),(2956,'충청남도 당진시 면천면'),(2957,'충청남도 당진시 읍내동'),(2958,'충청남도 당진시 채운동'),(2959,'충청남도 당진시 우두동'),(2960,'충청남도 당진시 원당동'),(2961,'충청남도 당진시 시곡동'),(2962,'충청남도 당진시 수청동'),(2963,'충청남도 당진시 정미면'),(2964,'충청남도 당진시 합덕읍'),(2965,'충청남도 당진시 순성면'),(2966,'충청남도 당진시 행정동'),(2967,'충청남도 당진시 용연동'),(2968,'충청남도 당진시 사기소동'),(2969,'충청남도 당진시 구룡동'),(2970,'충청남도 당진시 우강면'),(2971,'충청남도 당진시 대호지면'),(2972,'충청남도 당진시 고대면'),(2973,'충청남도 당진시 송산면'),(2974,'충청남도 당진시 석문면'),(2975,'충청남도 당진시 대덕동'),(2976,'충청남도 금산군 금산읍'),(2977,'충청남도 금산군 금성면'),(2978,'충청남도 금산군 군북면'),(2979,'충청남도 금산군 남일면'),(2980,'충청남도 금산군 남이면'),(2981,'충청남도 금산군 추부면'),(2982,'충청남도 금산군 진산면'),(2983,'충청남도 금산군 복수면'),(2984,'충청남도 금산군 제원면'),(2985,'충청남도 금산군 부리면'),(2986,'충청남도 부여군 내산면'),(2987,'충청남도 부여군 홍산면'),(2988,'충청남도 부여군 규암면'),(2989,'충청남도 부여군 구룡면'),(2990,'충청남도 부여군 부여읍'),(2991,'충청남도 부여군 옥산면'),(2992,'충청남도 부여군 석성면'),(2993,'충청남도 부여군 초촌면'),(2994,'충청남도 부여군 은산면'),(2995,'충청남도 부여군 외산면'),(2996,'충청남도 부여군 충화면'),(2997,'충청남도 부여군 임천면'),(2998,'충청남도 부여군 세도면'),(2999,'충청남도 부여군 남면'),(3000,'충청남도 부여군 장암면'),(3001,'충청남도 부여군 양화면'),(3002,'충청남도 서천군 비인면'),(3003,'충청남도 서천군 서천읍'),(3004,'충청남도 서천군 화양면'),(3005,'충청남도 서천군 마서면'),(3006,'충청남도 서천군 장항읍'),(3007,'충청남도 서천군 서면'),(3008,'충청남도 서천군 판교면'),(3009,'충청남도 서천군 종천면'),(3010,'충청남도 서천군 한산면'),(3011,'충청남도 서천군 마산면'),(3012,'충청남도 서천군 기산면'),(3013,'충청남도 서천군 시초면'),(3014,'충청남도 서천군 문산면'),(3015,'충청남도 청양군 목면'),(3016,'충청남도 청양군 정산면'),(3017,'충청남도 청양군 장평면'),(3018,'충청남도 청양군 대치면'),(3019,'충청남도 청양군 청양읍'),(3020,'충청남도 청양군 청남면'),(3021,'충청남도 청양군 화성면'),(3022,'충청남도 청양군 남양면'),(3023,'충청남도 청양군 비봉면'),(3024,'충청남도 청양군 운곡면'),(3025,'충청남도 홍성군 갈산면'),(3026,'충청남도 홍성군 은하면'),(3027,'충청남도 홍성군 홍북읍'),(3028,'충청남도 홍성군 광천읍'),(3029,'충청남도 홍성군 서부면'),(3030,'충청남도 홍성군 금마면'),(3031,'충청남도 홍성군 구항면'),(3032,'충청남도 홍성군 홍성읍'),(3033,'충청남도 홍성군 홍동면'),(3034,'충청남도 홍성군 장곡면'),(3035,'충청남도 홍성군 결성면'),(3036,'충청남도 예산군 오가면'),(3037,'충청남도 예산군 고덕면'),(3038,'충청남도 예산군 신양면'),(3039,'충청남도 예산군 예산읍'),(3040,'충청남도 예산군 대흥면'),(3041,'충청남도 예산군 응봉면'),(3042,'충청남도 예산군 덕산면'),(3043,'충청남도 예산군 대술면'),(3044,'충청남도 예산군 삽교읍'),(3045,'충청남도 예산군 광시면'),(3046,'충청남도 예산군 신암면'),(3047,'충청남도 예산군 봉산면'),(3048,'충청남도 태안군 태안읍'),(3049,'충청남도 태안군 안면읍'),(3050,'충청남도 태안군 고남면'),(3051,'충청남도 태안군 남면'),(3052,'충청남도 태안군 근흥면'),(3053,'충청남도 태안군 소원면'),(3054,'충청남도 태안군 원북면'),(3055,'충청남도 태안군 이원면'),(3056,'전라북도 전주시 완산구 경원동3가'),(3057,'전라북도 전주시 완산구 풍남동3가'),(3058,'전라북도 전주시 완산구 교동'),(3059,'전라북도 전주시 완산구 중노송동'),(3060,'전라북도 전주시 완산구 남노송동'),(3061,'전라북도 전주시 완산구 서노송동'),(3062,'전라북도 전주시 완산구 중앙동2가'),(3063,'전라북도 전주시 완산구 색장동'),(3064,'전라북도 전주시 완산구 다가동1가'),(3065,'전라북도 전주시 완산구 중화산동2가'),(3066,'전라북도 전주시 완산구 서신동'),(3067,'전라북도 전주시 완산구 평화동1가'),(3068,'전라북도 전주시 완산구 삼천동1가'),(3069,'전라북도 전주시 완산구 효자동1가'),(3070,'전라북도 전주시 완산구 효자동3가'),(3071,'전라북도 전주시 완산구 상림동'),(3072,'전라북도 전주시 완산구 효자동2가'),(3073,'전라북도 전주시 완산구 중앙동3가'),(3074,'전라북도 전주시 완산구 서서학동'),(3075,'전라북도 전주시 완산구 평화동2가'),(3076,'전라북도 전주시 완산구 평화동3가'),(3077,'전라북도 전주시 완산구 중인동'),(3078,'전라북도 전주시 완산구 다가동4가'),(3079,'전라북도 전주시 완산구 고사동'),(3080,'전라북도 전주시 완산구 태평동'),(3081,'전라북도 전주시 완산구 동완산동'),(3082,'전라북도 전주시 완산구 중화산동1가'),(3083,'전라북도 전주시 완산구 동서학동'),(3084,'전라북도 전주시 완산구 삼천동2가'),(3085,'전라북도 전주시 완산구 삼천동3가'),(3086,'전라북도 전주시 완산구 용복동'),(3087,'전라북도 전주시 완산구 서완산동1가'),(3088,'전라북도 전주시 완산구 서완산동2가'),(3089,'전라북도 전주시 완산구 풍남동1가'),(3090,'전라북도 전주시 완산구 풍남동2가'),(3091,'전라북도 전주시 완산구 중앙동4가'),(3092,'전라북도 전주시 완산구 전동'),(3093,'전라북도 전주시 완산구 다가동2가'),(3094,'전라북도 전주시 완산구 전동3가'),(3095,'전라북도 전주시 완산구 다가동3가'),(3096,'전라북도 전주시 완산구 중앙동1가'),(3097,'전라북도 전주시 완산구 경원동1가'),(3098,'전라북도 전주시 완산구 경원동2가'),(3099,'전라북도 전주시 완산구 석구동'),(3100,'전라북도 전주시 완산구 대성동'),(3101,'전라북도 전주시 완산구 원당동'),(3102,'전라북도 전주시 덕진구 진북동'),(3103,'전라북도 전주시 덕진구 덕진동1가'),(3104,'전라북도 전주시 덕진구 덕진동2가'),(3105,'전라북도 전주시 덕진구 금암동'),(3106,'전라북도 전주시 덕진구 팔복동1가'),(3107,'전라북도 전주시 덕진구 팔복동2가'),(3108,'전라북도 전주시 덕진구 반월동'),(3109,'전라북도 전주시 덕진구 동산동'),(3110,'전라북도 전주시 덕진구 여의동'),(3111,'전라북도 전주시 덕진구 장동'),(3112,'전라북도 전주시 덕진구 산정동'),(3113,'전라북도 전주시 덕진구 우아동1가'),(3114,'전라북도 전주시 덕진구 우아동2가'),(3115,'전라북도 전주시 덕진구 우아동3가'),(3116,'전라북도 전주시 덕진구 호성동1가'),(3117,'전라북도 전주시 덕진구 호성동2가'),(3118,'전라북도 전주시 덕진구 송천동2가'),(3119,'전라북도 전주시 덕진구 용정동'),(3120,'전라북도 전주시 덕진구 고랑동'),(3121,'전라북도 전주시 덕진구 팔복동4가'),(3122,'전라북도 전주시 덕진구 인후동2가'),(3123,'전라북도 전주시 덕진구 만성동'),(3124,'전라북도 전주시 덕진구 중동'),(3125,'전라북도 전주시 덕진구 성덕동'),(3126,'전라북도 전주시 덕진구 전미동2가'),(3127,'전라북도 전주시 덕진구 전미동1가'),(3128,'전라북도 전주시 덕진구 화전동'),(3129,'전라북도 전주시 덕진구 인후동1가'),(3130,'전라북도 전주시 덕진구 팔복동3가'),(3131,'전라북도 전주시 덕진구 송천동1가'),(3132,'전라북도 전주시 덕진구 강흥동'),(3133,'전라북도 전주시 덕진구 원동'),(3134,'전라북도 전주시 덕진구 호성동3가'),(3135,'전라북도 전주시 덕진구 금상동'),(3136,'전라북도 전주시 덕진구 남정동'),(3137,'전라북도 전주시 덕진구 도도동'),(3138,'전라북도 전주시 덕진구 도덕동'),(3139,'전라북도 군산시 성산면'),(3140,'전라북도 군산시 나포면'),(3141,'전라북도 군산시 대야면'),(3142,'전라북도 군산시 내흥동'),(3143,'전라북도 군산시 개정면'),(3144,'전라북도 군산시 임피면'),(3145,'전라북도 군산시 옥도면'),(3146,'전라북도 군산시 비응도동'),(3147,'전라북도 군산시 서수면'),(3148,'전라북도 군산시 금암동'),(3149,'전라북도 군산시 중동'),(3150,'전라북도 군산시 미룡동'),(3151,'전라북도 군산시 오식도동'),(3152,'전라북도 군산시 내초동'),(3153,'전라북도 군산시 옥구읍'),(3154,'전라북도 군산시 개사동'),(3155,'전라북도 군산시 옥산면'),(3156,'전라북도 군산시 소룡동'),(3157,'전라북도 군산시 조촌동'),(3158,'전라북도 군산시 사정동'),(3159,'전라북도 군산시 경장동'),(3160,'전라북도 군산시 경암동'),(3161,'전라북도 군산시 미장동'),(3162,'전라북도 군산시 지곡동'),(3163,'전라북도 군산시 수송동'),(3164,'전라북도 군산시 나운동'),(3165,'전라북도 군산시 산북동'),(3166,'전라북도 군산시 옥서면'),(3167,'전라북도 군산시 신영동'),(3168,'전라북도 군산시 평화동'),(3169,'전라북도 군산시 대명동'),(3170,'전라북도 군산시 장재동'),(3171,'전라북도 군산시 구암동'),(3172,'전라북도 군산시 문화동'),(3173,'전라북도 군산시 회현면'),(3174,'전라북도 군산시 월명동'),(3175,'전라북도 군산시 신창동'),(3176,'전라북도 군산시 오룡동'),(3177,'전라북도 군산시 금광동'),(3178,'전라북도 군산시 신풍동'),(3179,'전라북도 군산시 명산동'),(3180,'전라북도 군산시 중앙로1가'),(3181,'전라북도 군산시 영화동'),(3182,'전라북도 군산시 신관동'),(3183,'전라북도 군산시 삼학동'),(3184,'전라북도 군산시 중앙로3가'),(3185,'전라북도 군산시 미원동'),(3186,'전라북도 군산시 개정동'),(3187,'전라북도 군산시 선양동'),(3188,'전라북도 군산시 둔율동'),(3189,'전라북도 군산시 창성동'),(3190,'전라북도 군산시 개복동'),(3191,'전라북도 군산시 영동'),(3192,'전라북도 군산시 송창동'),(3193,'전라북도 군산시 해망동'),(3194,'전라북도 군산시 신흥동'),(3195,'전라북도 군산시 서흥남동'),(3196,'전라북도 군산시 장미동'),(3197,'전라북도 군산시 죽성동'),(3198,'전라북도 군산시 금동'),(3199,'전라북도 군산시 중앙로2가'),(3200,'전라북도 군산시 송풍동'),(3201,'전라북도 군산시 동흥남동'),(3202,'전라북도 익산시 여산면'),(3203,'전라북도 익산시 창인동1가'),(3204,'전라북도 익산시 창인동2가'),(3205,'전라북도 익산시 중앙동1가'),(3206,'전라북도 익산시 중앙동2가'),(3207,'전라북도 익산시 평화동'),(3208,'전라북도 익산시 남중동'),(3209,'전라북도 익산시 모현동1가'),(3210,'전라북도 익산시 모현동2가'),(3211,'전라북도 익산시 신용동'),(3212,'전라북도 익산시 신동'),(3213,'전라북도 익산시 함열읍'),(3214,'전라북도 익산시 황등면'),(3215,'전라북도 익산시 용안면'),(3216,'전라북도 익산시 망성면'),(3217,'전라북도 익산시 용동면'),(3218,'전라북도 익산시 송학동'),(3219,'전라북도 익산시 오산면'),(3220,'전라북도 익산시 웅포면'),(3221,'전라북도 익산시 함라면'),(3222,'전라북도 익산시 성당면'),(3223,'전라북도 익산시 목천동'),(3224,'전라북도 익산시 현영동'),(3225,'전라북도 익산시 영등동'),(3226,'전라북도 익산시 어양동'),(3227,'전라북도 익산시 팔봉동'),(3228,'전라북도 익산시 덕기동'),(3229,'전라북도 익산시 석왕동'),(3230,'전라북도 익산시 부송동'),(3231,'전라북도 익산시 금마면'),(3232,'전라북도 익산시 왕궁면'),(3233,'전라북도 익산시 마동'),(3234,'전라북도 익산시 춘포면'),(3235,'전라북도 익산시 낭산면'),(3236,'전라북도 익산시 동산동'),(3237,'전라북도 익산시 금강동'),(3238,'전라북도 익산시 인화동1가'),(3239,'전라북도 익산시 인화동2가'),(3240,'전라북도 익산시 삼기면'),(3241,'전라북도 익산시 신흥동'),(3242,'전라북도 익산시 주현동'),(3243,'전라북도 익산시 용제동'),(3244,'전라북도 익산시 석암동'),(3245,'전라북도 익산시 만석동'),(3246,'전라북도 익산시 갈산동'),(3247,'전라북도 익산시 석탄동'),(3248,'전라북도 익산시 임상동'),(3249,'전라북도 익산시 월성동'),(3250,'전라북도 익산시 중앙동3가'),(3251,'전라북도 익산시 은기동'),(3252,'전라북도 익산시 정족동'),(3253,'전라북도 정읍시 북면'),(3254,'전라북도 정읍시 정우면'),(3255,'전라북도 정읍시 송산동'),(3256,'전라북도 정읍시 입암면'),(3257,'전라북도 정읍시 금붕동'),(3258,'전라북도 정읍시 내장동'),(3259,'전라북도 정읍시 신태인읍'),(3260,'전라북도 정읍시 태인면'),(3261,'전라북도 정읍시 고부면'),(3262,'전라북도 정읍시 연지동'),(3263,'전라북도 정읍시 농소동'),(3264,'전라북도 정읍시 영파동'),(3265,'전라북도 정읍시 망제동'),(3266,'전라북도 정읍시 덕천면'),(3267,'전라북도 정읍시 이평면'),(3268,'전라북도 정읍시 칠보면'),(3269,'전라북도 정읍시 산외면'),(3270,'전라북도 정읍시 감곡면'),(3271,'전라북도 정읍시 소성면'),(3272,'전라북도 정읍시 장명동'),(3273,'전라북도 정읍시 상동'),(3274,'전라북도 정읍시 시기동'),(3275,'전라북도 정읍시 영원면'),(3276,'전라북도 정읍시 수성동'),(3277,'전라북도 정읍시 부전동'),(3278,'전라북도 정읍시 쌍암동'),(3279,'전라북도 정읍시 흑암동'),(3280,'전라북도 정읍시 용계동'),(3281,'전라북도 정읍시 옹동면'),(3282,'전라북도 정읍시 산내면'),(3283,'전라북도 정읍시 상평동'),(3284,'전라북도 정읍시 과교동'),(3285,'전라북도 정읍시 하북동'),(3286,'전라북도 정읍시 공평동'),(3287,'전라북도 정읍시 하모동'),(3288,'전라북도 정읍시 삼산동'),(3289,'전라북도 정읍시 진산동'),(3290,'전라북도 정읍시 구룡동'),(3291,'전라북도 정읍시 신월동'),(3292,'전라북도 정읍시 용산동'),(3293,'전라북도 정읍시 교암동'),(3294,'전라북도 정읍시 신정동'),(3295,'전라북도 남원시 송동면'),(3296,'전라북도 남원시 대산면'),(3297,'전라북도 남원시 수지면'),(3298,'전라북도 남원시 사매면'),(3299,'전라북도 남원시 주생면'),(3300,'전라북도 남원시 아영면'),(3301,'전라북도 남원시 산동면'),(3302,'전라북도 남원시 대강면'),(3303,'전라북도 남원시 화정동'),(3304,'전라북도 남원시 주천면'),(3305,'전라북도 남원시 고죽동'),(3306,'전라북도 남원시 이백면'),(3307,'전라북도 남원시 광치동'),(3308,'전라북도 남원시 죽항동'),(3309,'전라북도 남원시 쌍교동'),(3310,'전라북도 남원시 천거동'),(3311,'전라북도 남원시 조산동'),(3312,'전라북도 남원시 월락동'),(3313,'전라북도 남원시 식정동'),(3314,'전라북도 남원시 금지면'),(3315,'전라북도 남원시 산내면'),(3316,'전라북도 남원시 인월면'),(3317,'전라북도 남원시 덕과면'),(3318,'전라북도 남원시 갈치동'),(3319,'전라북도 남원시 보절면'),(3320,'전라북도 남원시 향교동'),(3321,'전라북도 남원시 용정동'),(3322,'전라북도 남원시 도통동'),(3323,'전라북도 남원시 운봉읍'),(3324,'전라북도 남원시 동충동'),(3325,'전라북도 남원시 하정동'),(3326,'전라북도 남원시 금동'),(3327,'전라북도 남원시 왕정동'),(3328,'전라북도 남원시 신정동'),(3329,'전라북도 남원시 노암동'),(3330,'전라북도 남원시 어현동'),(3331,'전라북도 남원시 신촌동'),(3332,'전라북도 남원시 내척동'),(3333,'전라북도 남원시 산곡동'),(3334,'전라북도 김제시 검산동'),(3335,'전라북도 김제시 순동'),(3336,'전라북도 김제시 백학동'),(3337,'전라북도 김제시 상동동'),(3338,'전라북도 김제시 용지면'),(3339,'전라북도 김제시 금구면'),(3340,'전라북도 김제시 황산면'),(3341,'전라북도 김제시 서암동'),(3342,'전라북도 김제시 신곡동'),(3343,'전라북도 김제시 갈공동'),(3344,'전라북도 김제시 만경읍'),(3345,'전라북도 김제시 백산면'),(3346,'전라북도 김제시 청하면'),(3347,'전라북도 김제시 성덕면'),(3348,'전라북도 김제시 진봉면'),(3349,'전라북도 김제시 백구면'),(3350,'전라북도 김제시 공덕면'),(3351,'전라북도 김제시 부량면'),(3352,'전라북도 김제시 흥사동'),(3353,'전라북도 김제시 요촌동'),(3354,'전라북도 김제시 하동'),(3355,'전라북도 김제시 금산면'),(3356,'전라북도 김제시 교동'),(3357,'전라북도 김제시 옥산동'),(3358,'전라북도 김제시 입석동'),(3359,'전라북도 김제시 장화동'),(3360,'전라북도 김제시 신덕동'),(3361,'전라북도 김제시 광활면'),(3362,'전라북도 김제시 신풍동'),(3363,'전라북도 김제시 봉남면'),(3364,'전라북도 김제시 죽산면'),(3365,'전라북도 김제시 제월동'),(3366,'전라북도 김제시 용동'),(3367,'전라북도 김제시 복죽동'),(3368,'전라북도 김제시 연정동'),(3369,'전라북도 김제시 명덕동'),(3370,'전라북도 김제시 황산동'),(3371,'전라북도 김제시 도장동'),(3372,'전라북도 김제시 월성동'),(3373,'전라북도 김제시 난봉동'),(3374,'전라북도 김제시 오정동'),(3375,'전라북도 김제시 양전동'),(3376,'전라북도 김제시 월봉동'),(3377,'전라북도 김제시 신월동'),(3378,'전라북도 김제시 서정동'),(3379,'전라북도 완주군 소양면'),(3380,'전라북도 완주군 용진읍'),(3381,'전라북도 완주군 이서면'),(3382,'전라북도 완주군 봉동읍'),(3383,'전라북도 완주군 상관면'),(3384,'전라북도 완주군 운주면'),(3385,'전라북도 완주군 화산면'),(3386,'전라북도 완주군 경천면'),(3387,'전라북도 완주군 삼례읍'),(3388,'전라북도 완주군 구이면'),(3389,'전라북도 완주군 고산면'),(3390,'전라북도 완주군 비봉면'),(3391,'전라북도 완주군 동상면'),(3392,'전라북도 진안군 진안읍'),(3393,'전라북도 진안군 부귀면'),(3394,'전라북도 진안군 동향면'),(3395,'전라북도 진안군 성수면'),(3396,'전라북도 진안군 마령면'),(3397,'전라북도 진안군 주천면'),(3398,'전라북도 진안군 백운면'),(3399,'전라북도 진안군 안천면'),(3400,'전라북도 진안군 정천면'),(3401,'전라북도 진안군 용담면'),(3402,'전라북도 진안군 상전면'),(3403,'전라북도 무주군 안성면'),(3404,'전라북도 무주군 설천면'),(3405,'전라북도 무주군 부남면'),(3406,'전라북도 무주군 무주읍'),(3407,'전라북도 무주군 적상면'),(3408,'전라북도 무주군 무풍면'),(3409,'전라북도 장수군 계북면'),(3410,'전라북도 장수군 장계면'),(3411,'전라북도 장수군 산서면'),(3412,'전라북도 장수군 번암면'),(3413,'전라북도 장수군 천천면'),(3414,'전라북도 장수군 장수읍'),(3415,'전라북도 장수군 계남면'),(3416,'전라북도 임실군 관촌면'),(3417,'전라북도 임실군 오수면'),(3418,'전라북도 임실군 성수면'),(3419,'전라북도 임실군 삼계면'),(3420,'전라북도 임실군 강진면'),(3421,'전라북도 임실군 덕치면'),(3422,'전라북도 임실군 운암면'),(3423,'전라북도 임실군 임실읍'),(3424,'전라북도 임실군 지사면'),(3425,'전라북도 임실군 신덕면'),(3426,'전라북도 임실군 신평면'),(3427,'전라북도 임실군 청웅면'),(3428,'전라북도 순창군 순창읍'),(3429,'전라북도 순창군 복흥면'),(3430,'전라북도 순창군 풍산면'),(3431,'전라북도 순창군 인계면'),(3432,'전라북도 순창군 금과면'),(3433,'전라북도 순창군 팔덕면'),(3434,'전라북도 순창군 적성면'),(3435,'전라북도 순창군 유등면'),(3436,'전라북도 순창군 동계면'),(3437,'전라북도 순창군 쌍치면'),(3438,'전라북도 순창군 구림면'),(3439,'전라북도 고창군 대산면'),(3440,'전라북도 고창군 신림면'),(3441,'전라북도 고창군 고창읍'),(3442,'전라북도 고창군 흥덕면'),(3443,'전라북도 고창군 고수면'),(3444,'전라북도 고창군 아산면'),(3445,'전라북도 고창군 공음면'),(3446,'전라북도 고창군 상하면'),(3447,'전라북도 고창군 해리면'),(3448,'전라북도 고창군 심원면'),(3449,'전라북도 고창군 성내면'),(3450,'전라북도 고창군 부안면'),(3451,'전라북도 고창군 성송면'),(3452,'전라북도 고창군 무장면'),(3453,'전라북도 부안군 주산면'),(3454,'전라북도 부안군 변산면'),(3455,'전라북도 부안군 줄포면'),(3456,'전라북도 부안군 백산면'),(3457,'전라북도 부안군 동진면'),(3458,'전라북도 부안군 행안면'),(3459,'전라북도 부안군 계화면'),(3460,'전라북도 부안군 상서면'),(3461,'전라북도 부안군 부안읍'),(3462,'전라북도 부안군 하서면'),(3463,'전라북도 부안군 위도면'),(3464,'전라북도 부안군 보안면'),(3465,'전라북도 부안군 진서면'),(3466,'전라남도 목포시 산정동'),(3467,'전라남도 목포시 연산동'),(3468,'전라남도 목포시 죽교동'),(3469,'전라남도 목포시 대양동'),(3470,'전라남도 목포시 달동'),(3471,'전라남도 목포시 용당동'),(3472,'전라남도 목포시 상동'),(3473,'전라남도 목포시 용해동'),(3474,'전라남도 목포시 옥암동'),(3475,'전라남도 목포시 대성동'),(3476,'전라남도 목포시 석현동'),(3477,'전라남도 목포시 서산동'),(3478,'전라남도 목포시 온금동'),(3479,'전라남도 목포시 동명동'),(3480,'전라남도 목포시 북교동'),(3481,'전라남도 목포시 죽동'),(3482,'전라남도 목포시 양동'),(3483,'전라남도 목포시 남교동'),(3484,'전라남도 목포시 만호동'),(3485,'전라남도 목포시 항동'),(3486,'전라남도 목포시 금동1가'),(3487,'전라남도 목포시 금동2가'),(3488,'전라남도 목포시 상락동1가'),(3489,'전라남도 목포시 복만동'),(3490,'전라남도 목포시 광동3가'),(3491,'전라남도 목포시 영해동2가'),(3492,'전라남도 목포시 행복동2가'),(3493,'전라남도 목포시 축복동3가'),(3494,'전라남도 목포시 보광동3가'),(3495,'전라남도 목포시 대의동1가'),(3496,'전라남도 목포시 대의동2가'),(3497,'전라남도 목포시 중앙동1가'),(3498,'전라남도 목포시 중앙동2가'),(3499,'전라남도 목포시 중앙동3가'),(3500,'전라남도 목포시 수강동2가'),(3501,'전라남도 목포시 금화동'),(3502,'전라남도 목포시 호남동'),(3503,'전라남도 목포시 창평동'),(3504,'전라남도 목포시 상락동2가'),(3505,'전라남도 목포시 해안동4가'),(3506,'전라남도 목포시 수강동1가'),(3507,'전라남도 목포시 영해동1가'),(3508,'전라남도 목포시 대안동'),(3509,'전라남도 목포시 명륜동'),(3510,'전라남도 목포시 유달동'),(3511,'전라남도 목포시 측후동'),(3512,'전라남도 목포시 대의동3가'),(3513,'전라남도 목포시 해안동3가'),(3514,'전라남도 목포시 중동2가'),(3515,'전라남도 목포시 유동'),(3516,'전라남도 목포시 경동2가'),(3517,'전라남도 목포시 광동1가'),(3518,'전라남도 목포시 행복동1가'),(3519,'전라남도 목포시 축복동1가'),(3520,'전라남도 목포시 보광동1가'),(3521,'전라남도 목포시 해안동1가'),(3522,'전라남도 목포시 해안동2가'),(3523,'전라남도 목포시 무안동'),(3524,'전라남도 목포시 중동1가'),(3525,'전라남도 목포시 경동1가'),(3526,'전라남도 목포시 광동2가'),(3527,'전라남도 목포시 축복동2가'),(3528,'전라남도 목포시 보광동2가'),(3529,'전라남도 목포시 율도동'),(3530,'전라남도 여수시 덕충동'),(3531,'전라남도 여수시 소라면'),(3532,'전라남도 여수시 돌산읍'),(3533,'전라남도 여수시 종화동'),(3534,'전라남도 여수시 묘도동'),(3535,'전라남도 여수시 율촌면'),(3536,'전라남도 여수시 국동'),(3537,'전라남도 여수시 남면'),(3538,'전라남도 여수시 서교동'),(3539,'전라남도 여수시 남산동'),(3540,'전라남도 여수시 봉산동'),(3541,'전라남도 여수시 화장동'),(3542,'전라남도 여수시 미평동'),(3543,'전라남도 여수시 둔덕동'),(3544,'전라남도 여수시 학동'),(3545,'전라남도 여수시 안산동'),(3546,'전라남도 여수시 선원동'),(3547,'전라남도 여수시 공화동'),(3548,'전라남도 여수시 관문동'),(3549,'전라남도 여수시 고소동'),(3550,'전라남도 여수시 중앙동'),(3551,'전라남도 여수시 군자동'),(3552,'전라남도 여수시 만흥동'),(3553,'전라남도 여수시 신기동'),(3554,'전라남도 여수시 오천동'),(3555,'전라남도 여수시 상암동'),(3556,'전라남도 여수시 신덕동'),(3557,'전라남도 여수시 해산동'),(3558,'전라남도 여수시 여서동'),(3559,'전라남도 여수시 문수동'),(3560,'전라남도 여수시 봉강동'),(3561,'전라남도 여수시 화치동'),(3562,'전라남도 여수시 평여동'),(3563,'전라남도 여수시 중흥동'),(3564,'전라남도 여수시 주삼동'),(3565,'전라남도 여수시 월하동'),(3566,'전라남도 여수시 봉계동'),(3567,'전라남도 여수시 월내동'),(3568,'전라남도 여수시 낙포동'),(3569,'전라남도 여수시 호명동'),(3570,'전라남도 여수시 화양면'),(3571,'전라남도 여수시 소호동'),(3572,'전라남도 여수시 여천동'),(3573,'전라남도 여수시 신월동'),(3574,'전라남도 여수시 웅천동'),(3575,'전라남도 여수시 학용동'),(3576,'전라남도 여수시 시전동'),(3577,'전라남도 여수시 적량동'),(3578,'전라남도 여수시 수정동'),(3579,'전라남도 여수시 삼산면'),(3580,'전라남도 여수시 교동'),(3581,'전라남도 여수시 연등동'),(3582,'전라남도 여수시 광무동'),(3583,'전라남도 여수시 오림동'),(3584,'전라남도 여수시 충무동'),(3585,'전라남도 여수시 동산동'),(3586,'전라남도 여수시 화정면'),(3587,'전라남도 여수시 경호동'),(3588,'전라남도 순천시 별량면'),(3589,'전라남도 순천시 인월동'),(3590,'전라남도 순천시 서면'),(3591,'전라남도 순천시 해룡면'),(3592,'전라남도 순천시 승주읍'),(3593,'전라남도 순천시 주암면'),(3594,'전라남도 순천시 황전면'),(3595,'전라남도 순천시 월등면'),(3596,'전라남도 순천시 풍덕동'),(3597,'전라남도 순천시 장천동'),(3598,'전라남도 순천시 중앙동'),(3599,'전라남도 순천시 동외동'),(3600,'전라남도 순천시 매곡동'),(3601,'전라남도 순천시 석현동'),(3602,'전라남도 순천시 가곡동'),(3603,'전라남도 순천시 교량동'),(3604,'전라남도 순천시 오천동'),(3605,'전라남도 순천시 덕월동'),(3606,'전라남도 순천시 덕암동'),(3607,'전라남도 순천시 연향동'),(3608,'전라남도 순천시 조례동'),(3609,'전라남도 순천시 외서면'),(3610,'전라남도 순천시 왕지동'),(3611,'전라남도 순천시 조곡동'),(3612,'전라남도 순천시 용당동'),(3613,'전라남도 순천시 옥천동'),(3614,'전라남도 순천시 저전동'),(3615,'전라남도 순천시 남내동'),(3616,'전라남도 순천시 남정동'),(3617,'전라남도 순천시 인제동'),(3618,'전라남도 순천시 낙안면'),(3619,'전라남도 순천시 생목동'),(3620,'전라남도 순천시 영동'),(3621,'전라남도 순천시 행동'),(3622,'전라남도 순천시 대룡동'),(3623,'전라남도 순천시 안풍동'),(3624,'전라남도 순천시 송광면'),(3625,'전라남도 순천시 금곡동'),(3626,'전라남도 순천시 상사면'),(3627,'전라남도 순천시 홍내동'),(3628,'전라남도 순천시 대대동'),(3629,'전라남도 순천시 와룡동'),(3630,'전라남도 순천시 야흥동'),(3631,'전라남도 순천시 삼거동'),(3632,'전라남도 나주시 남평읍'),(3633,'전라남도 나주시 산포면'),(3634,'전라남도 나주시 산정동'),(3635,'전라남도 나주시 경현동'),(3636,'전라남도 나주시 대호동'),(3637,'전라남도 나주시 송촌동'),(3638,'전라남도 나주시 석현동'),(3639,'전라남도 나주시 청동'),(3640,'전라남도 나주시 노안면'),(3641,'전라남도 나주시 문평면'),(3642,'전라남도 나주시 다시면'),(3643,'전라남도 나주시 왕곡면'),(3644,'전라남도 나주시 반남면'),(3645,'전라남도 나주시 세지면'),(3646,'전라남도 나주시 동강면'),(3647,'전라남도 나주시 교동'),(3648,'전라남도 나주시 보산동'),(3649,'전라남도 나주시 과원동'),(3650,'전라남도 나주시 성북동'),(3651,'전라남도 나주시 삼도동'),(3652,'전라남도 나주시 금천면'),(3653,'전라남도 나주시 공산면'),(3654,'전라남도 나주시 송월동'),(3655,'전라남도 나주시 안창동'),(3656,'전라남도 나주시 삼영동'),(3657,'전라남도 나주시 봉황면'),(3658,'전라남도 나주시 영산동'),(3659,'전라남도 나주시 용산동'),(3660,'전라남도 나주시 관정동'),(3661,'전라남도 나주시 평산동'),(3662,'전라남도 나주시 이창동'),(3663,'전라남도 나주시 금계동'),(3664,'전라남도 나주시 금성동'),(3665,'전라남도 나주시 남내동'),(3666,'전라남도 나주시 중앙동'),(3667,'전라남도 나주시 남외동'),(3668,'전라남도 나주시 운곡동'),(3669,'전라남도 나주시 동수동'),(3670,'전라남도 나주시 다도면'),(3671,'전라남도 나주시 죽림동'),(3672,'전라남도 나주시 부덕동'),(3673,'전라남도 나주시 빛가람동'),(3674,'전라남도 나주시 대기동'),(3675,'전라남도 나주시 오량동'),(3676,'전라남도 나주시 진포동'),(3677,'전라남도 나주시 서내동'),(3678,'전라남도 나주시 토계동'),(3679,'전라남도 광양시 광양읍'),(3680,'전라남도 광양시 황길동'),(3681,'전라남도 광양시 도이동'),(3682,'전라남도 광양시 중동'),(3683,'전라남도 광양시 황금동'),(3684,'전라남도 광양시 태인동'),(3685,'전라남도 광양시 진월면'),(3686,'전라남도 광양시 다압면'),(3687,'전라남도 광양시 옥룡면'),(3688,'전라남도 광양시 봉강면'),(3689,'전라남도 광양시 마동'),(3690,'전라남도 광양시 광영동'),(3691,'전라남도 광양시 옥곡면'),(3692,'전라남도 광양시 금호동'),(3693,'전라남도 광양시 진상면'),(3694,'전라남도 광양시 성황동'),(3695,'전라남도 광양시 중군동'),(3696,'전라남도 담양군 대전면'),(3697,'전라남도 담양군 무정면'),(3698,'전라남도 담양군 담양읍'),(3699,'전라남도 담양군 봉산면'),(3700,'전라남도 담양군 고서면'),(3701,'전라남도 담양군 금성면'),(3702,'전라남도 담양군 용면'),(3703,'전라남도 담양군 월산면'),(3704,'전라남도 담양군 수북면'),(3705,'전라남도 담양군 가사문학면'),(3706,'전라남도 담양군 대덕면'),(3707,'전라남도 담양군 창평면'),(3708,'전라남도 곡성군 겸면'),(3709,'전라남도 곡성군 오산면'),(3710,'전라남도 곡성군 석곡면'),(3711,'전라남도 곡성군 삼기면'),(3712,'전라남도 곡성군 고달면'),(3713,'전라남도 곡성군 옥과면'),(3714,'전라남도 곡성군 목사동면'),(3715,'전라남도 곡성군 죽곡면'),(3716,'전라남도 곡성군 곡성읍'),(3717,'전라남도 곡성군 오곡면'),(3718,'전라남도 곡성군 입면'),(3719,'전라남도 구례군 용방면'),(3720,'전라남도 구례군 구례읍'),(3721,'전라남도 구례군 산동면'),(3722,'전라남도 구례군 토지면'),(3723,'전라남도 구례군 마산면'),(3724,'전라남도 구례군 광의면'),(3725,'전라남도 구례군 간전면'),(3726,'전라남도 구례군 문척면'),(3727,'전라남도 고흥군 동강면'),(3728,'전라남도 고흥군 금산면'),(3729,'전라남도 고흥군 고흥읍'),(3730,'전라남도 고흥군 도양읍'),(3731,'전라남도 고흥군 풍양면'),(3732,'전라남도 고흥군 도덕면'),(3733,'전라남도 고흥군 점암면'),(3734,'전라남도 고흥군 과역면'),(3735,'전라남도 고흥군 남양면'),(3736,'전라남도 고흥군 대서면'),(3737,'전라남도 고흥군 두원면'),(3738,'전라남도 고흥군 도화면'),(3739,'전라남도 고흥군 포두면'),(3740,'전라남도 고흥군 동일면'),(3741,'전라남도 고흥군 봉래면'),(3742,'전라남도 고흥군 영남면'),(3743,'전라남도 보성군 미력면'),(3744,'전라남도 보성군 겸백면'),(3745,'전라남도 보성군 벌교읍'),(3746,'전라남도 보성군 보성읍'),(3747,'전라남도 보성군 조성면'),(3748,'전라남도 보성군 복내면'),(3749,'전라남도 보성군 회천면'),(3750,'전라남도 보성군 득량면'),(3751,'전라남도 보성군 노동면'),(3752,'전라남도 보성군 문덕면'),(3753,'전라남도 보성군 율어면'),(3754,'전라남도 보성군 웅치면'),(3755,'전라남도 화순군 동복면'),(3756,'전라남도 화순군 동면'),(3757,'전라남도 화순군 능주면'),(3758,'전라남도 화순군 도곡면'),(3759,'전라남도 화순군 이양면'),(3760,'전라남도 화순군 청풍면'),(3761,'전라남도 화순군 화순읍'),(3762,'전라남도 화순군 도암면'),(3763,'전라남도 화순군 북면'),(3764,'전라남도 화순군 춘양면'),(3765,'전라남도 화순군 이서면'),(3766,'전라남도 화순군 남면'),(3767,'전라남도 화순군 한천면'),(3768,'전라남도 장흥군 부산면'),(3769,'전라남도 장흥군 장동면'),(3770,'전라남도 장흥군 장흥읍'),(3771,'전라남도 장흥군 관산읍'),(3772,'전라남도 장흥군 대덕읍'),(3773,'전라남도 장흥군 용산면'),(3774,'전라남도 장흥군 유치면'),(3775,'전라남도 장흥군 안양면'),(3776,'전라남도 장흥군 장평면'),(3777,'전라남도 장흥군 회진면'),(3778,'전라남도 강진군 성전면'),(3779,'전라남도 강진군 병영면'),(3780,'전라남도 강진군 작천면'),(3781,'전라남도 강진군 군동면'),(3782,'전라남도 강진군 대구면'),(3783,'전라남도 강진군 마량면'),(3784,'전라남도 강진군 강진읍'),(3785,'전라남도 강진군 칠량면'),(3786,'전라남도 강진군 옴천면'),(3787,'전라남도 강진군 도암면'),(3788,'전라남도 강진군 신전면'),(3789,'전라남도 해남군 해남읍'),(3790,'전라남도 해남군 현산면'),(3791,'전라남도 해남군 옥천면'),(3792,'전라남도 해남군 계곡면'),(3793,'전라남도 해남군 마산면'),(3794,'전라남도 해남군 황산면'),(3795,'전라남도 해남군 산이면'),(3796,'전라남도 해남군 문내면'),(3797,'전라남도 해남군 화원면'),(3798,'전라남도 해남군 북평면'),(3799,'전라남도 해남군 북일면'),(3800,'전라남도 해남군 화산면'),(3801,'전라남도 해남군 송지면'),(3802,'전라남도 해남군 삼산면'),(3803,'전라남도 영암군 서호면'),(3804,'전라남도 영암군 삼호읍'),(3805,'전라남도 영암군 시종면'),(3806,'전라남도 영암군 신북면'),(3807,'전라남도 영암군 미암면'),(3808,'전라남도 영암군 군서면'),(3809,'전라남도 영암군 학산면'),(3810,'전라남도 영암군 영암읍'),(3811,'전라남도 영암군 덕진면'),(3812,'전라남도 영암군 도포면'),(3813,'전라남도 영암군 금정면'),(3814,'전라남도 무안군 현경면'),(3815,'전라남도 무안군 무안읍'),(3816,'전라남도 무안군 일로읍'),(3817,'전라남도 무안군 삼향읍'),(3818,'전라남도 무안군 몽탄면'),(3819,'전라남도 무안군 청계면'),(3820,'전라남도 무안군 망운면'),(3821,'전라남도 무안군 운남면'),(3822,'전라남도 무안군 해제면'),(3823,'전라남도 함평군 엄다면'),(3824,'전라남도 함평군 학교면'),(3825,'전라남도 함평군 손불면'),(3826,'전라남도 함평군 함평읍'),(3827,'전라남도 함평군 해보면'),(3828,'전라남도 함평군 월야면'),(3829,'전라남도 함평군 나산면'),(3830,'전라남도 함평군 대동면'),(3831,'전라남도 함평군 신광면'),(3832,'전라남도 영광군 군서면'),(3833,'전라남도 영광군 대마면'),(3834,'전라남도 영광군 영광읍'),(3835,'전라남도 영광군 묘량면'),(3836,'전라남도 영광군 법성면'),(3837,'전라남도 영광군 홍농읍'),(3838,'전라남도 영광군 염산면'),(3839,'전라남도 영광군 불갑면'),(3840,'전라남도 영광군 군남면'),(3841,'전라남도 영광군 백수읍'),(3842,'전라남도 영광군 낙월면'),(3843,'전라남도 장성군 장성읍'),(3844,'전라남도 장성군 북이면'),(3845,'전라남도 장성군 남면'),(3846,'전라남도 장성군 북일면'),(3847,'전라남도 장성군 서삼면'),(3848,'전라남도 장성군 진원면'),(3849,'전라남도 장성군 동화면'),(3850,'전라남도 장성군 삼서면'),(3851,'전라남도 장성군 북하면'),(3852,'전라남도 장성군 삼계면'),(3853,'전라남도 장성군 황룡면'),(3854,'전라남도 완도군 완도읍'),(3855,'전라남도 완도군 군외면'),(3856,'전라남도 완도군 고금면'),(3857,'전라남도 완도군 금당면'),(3858,'전라남도 완도군 금일읍'),(3859,'전라남도 완도군 노화읍'),(3860,'전라남도 완도군 보길면'),(3861,'전라남도 완도군 생일면'),(3862,'전라남도 완도군 소안면'),(3863,'전라남도 완도군 신지면'),(3864,'전라남도 완도군 약산면'),(3865,'전라남도 완도군 청산면'),(3866,'전라남도 진도군 진도읍'),(3867,'전라남도 진도군 군내면'),(3868,'전라남도 진도군 고군면'),(3869,'전라남도 진도군 의신면'),(3870,'전라남도 진도군 임회면'),(3871,'전라남도 진도군 조도면'),(3872,'전라남도 진도군 지산면'),(3873,'전라남도 신안군 암태면'),(3874,'전라남도 신안군 압해읍'),(3875,'전라남도 신안군 비금면'),(3876,'전라남도 신안군 도초면'),(3877,'전라남도 신안군 신의면'),(3878,'전라남도 신안군 임자면'),(3879,'전라남도 신안군 자은면'),(3880,'전라남도 신안군 안좌면'),(3881,'전라남도 신안군 팔금면'),(3882,'전라남도 신안군 흑산면'),(3883,'전라남도 신안군 지도읍'),(3884,'전라남도 신안군 증도면'),(3885,'전라남도 신안군 하의면'),(3886,'전라남도 신안군 장산면'),(3887,'경상북도 포항시 남구 연일읍'),(3888,'경상북도 포항시 남구 효자동'),(3889,'경상북도 포항시 남구 대잠동'),(3890,'경상북도 포항시 남구 상도동'),(3891,'경상북도 포항시 남구 대도동'),(3892,'경상북도 포항시 남구 해도동'),(3893,'경상북도 포항시 남구 지곡동'),(3894,'경상북도 포항시 남구 이동'),(3895,'경상북도 포항시 남구 송도동'),(3896,'경상북도 포항시 남구 오천읍'),(3897,'경상북도 포항시 남구 청림동'),(3898,'경상북도 포항시 남구 일월동'),(3899,'경상북도 포항시 남구 송내동'),(3900,'경상북도 포항시 남구 괴동동'),(3901,'경상북도 포항시 남구 동촌동'),(3902,'경상북도 포항시 남구 인덕동'),(3903,'경상북도 포항시 남구 구룡포읍'),(3904,'경상북도 포항시 남구 동해면'),(3905,'경상북도 포항시 남구 장기면'),(3906,'경상북도 포항시 남구 송정동'),(3907,'경상북도 포항시 남구 장흥동'),(3908,'경상북도 포항시 남구 호동'),(3909,'경상북도 포항시 남구 대송면'),(3910,'경상북도 포항시 남구 호미곶면'),(3911,'경상북도 포항시 북구 기계면'),(3912,'경상북도 포항시 북구 흥해읍'),(3913,'경상북도 포항시 북구 청하면'),(3914,'경상북도 포항시 북구 송라면'),(3915,'경상북도 포항시 북구 대흥동'),(3916,'경상북도 포항시 북구 득량동'),(3917,'경상북도 포항시 북구 죽도동'),(3918,'경상북도 포항시 북구 용흥동'),(3919,'경상북도 포항시 북구 우현동'),(3920,'경상북도 포항시 북구 창포동'),(3921,'경상북도 포항시 북구 두호동'),(3922,'경상북도 포항시 북구 장성동'),(3923,'경상북도 포항시 북구 양덕동'),(3924,'경상북도 포항시 북구 환호동'),(3925,'경상북도 포항시 북구 여남동'),(3926,'경상북도 포항시 북구 남빈동'),(3927,'경상북도 포항시 북구 죽장면'),(3928,'경상북도 포항시 북구 신광면'),(3929,'경상북도 포항시 북구 신흥동'),(3930,'경상북도 포항시 북구 상원동'),(3931,'경상북도 포항시 북구 여천동'),(3932,'경상북도 포항시 북구 덕산동'),(3933,'경상북도 포항시 북구 동빈2가'),(3934,'경상북도 포항시 북구 덕수동'),(3935,'경상북도 포항시 북구 대신동'),(3936,'경상북도 포항시 북구 동빈1가'),(3937,'경상북도 포항시 북구 항구동'),(3938,'경상북도 포항시 북구 기북면'),(3939,'경상북도 포항시 북구 중앙동'),(3940,'경상북도 포항시 북구 학산동'),(3941,'경상북도 포항시 북구 학잠동'),(3942,'경상북도 경주시 건천읍'),(3943,'경상북도 경주시 내남면'),(3944,'경상북도 경주시 배동'),(3945,'경상북도 경주시 강동면'),(3946,'경상북도 경주시 인왕동'),(3947,'경상북도 경주시 탑동'),(3948,'경상북도 경주시 배반동'),(3949,'경상북도 경주시 율동'),(3950,'경상북도 경주시 서악동'),(3951,'경상북도 경주시 효현동'),(3952,'경상북도 경주시 광명동'),(3953,'경상북도 경주시 서면'),(3954,'경상북도 경주시 감포읍'),(3955,'경상북도 경주시 양북면'),(3956,'경상북도 경주시 양남면'),(3957,'경상북도 경주시 동방동'),(3958,'경상북도 경주시 도지동'),(3959,'경상북도 경주시 용강동'),(3960,'경상북도 경주시 동천동'),(3961,'경상북도 경주시 조양동'),(3962,'경상북도 경주시 시래동'),(3963,'경상북도 경주시 구정동'),(3964,'경상북도 경주시 외동읍'),(3965,'경상북도 경주시 천북면'),(3966,'경상북도 경주시 산내면'),(3967,'경상북도 경주시 안강읍'),(3968,'경상북도 경주시 동부동'),(3969,'경상북도 경주시 노동동'),(3970,'경상북도 경주시 노서동'),(3971,'경상북도 경주시 성건동'),(3972,'경상북도 경주시 사정동'),(3973,'경상북도 경주시 황성동'),(3974,'경상북도 경주시 보문동'),(3975,'경상북도 경주시 천군동'),(3976,'경상북도 경주시 황용동'),(3977,'경상북도 경주시 황오동'),(3978,'경상북도 경주시 황남동'),(3979,'경상북도 경주시 서부동'),(3980,'경상북도 경주시 남산동'),(3981,'경상북도 경주시 석장동'),(3982,'경상북도 경주시 현곡면'),(3983,'경상북도 경주시 암곡동'),(3984,'경상북도 경주시 신평동'),(3985,'경상북도 경주시 북군동'),(3986,'경상북도 경주시 손곡동'),(3987,'경상북도 경주시 마동'),(3988,'경상북도 경주시 하동'),(3989,'경상북도 경주시 북부동'),(3990,'경상북도 경주시 성동동'),(3991,'경상북도 경주시 구황동'),(3992,'경상북도 경주시 진현동'),(3993,'경상북도 경주시 시동'),(3994,'경상북도 경주시 교동'),(3995,'경상북도 경주시 충효동'),(3996,'경상북도 경주시 평동'),(3997,'경상북도 경주시 덕동'),(3998,'경상북도 김천시 봉산면'),(3999,'경상북도 김천시 교동'),(4000,'경상북도 김천시 농소면'),(4001,'경상북도 김천시 남면'),(4002,'경상북도 김천시 아포읍'),(4003,'경상북도 김천시 덕곡동'),(4004,'경상북도 김천시 양천동'),(4005,'경상북도 김천시 구성면'),(4006,'경상북도 김천시 지례면'),(4007,'경상북도 김천시 대덕면'),(4008,'경상북도 김천시 감호동'),(4009,'경상북도 김천시 모암동'),(4010,'경상북도 김천시 성내동'),(4011,'경상북도 김천시 평화동'),(4012,'경상북도 김천시 다수동'),(4013,'경상북도 김천시 백옥동'),(4014,'경상북도 김천시 부곡동'),(4015,'경상북도 김천시 지좌동'),(4016,'경상북도 김천시 대항면'),(4017,'경상북도 김천시 개령면'),(4018,'경상북도 김천시 감문면'),(4019,'경상북도 김천시 황금동'),(4020,'경상북도 김천시 신음동'),(4021,'경상북도 김천시 대광동'),(4022,'경상북도 김천시 응명동'),(4023,'경상북도 김천시 어모면'),(4024,'경상북도 김천시 감천면'),(4025,'경상북도 김천시 남산동'),(4026,'경상북도 김천시 삼락동'),(4027,'경상북도 김천시 부항면'),(4028,'경상북도 김천시 용두동'),(4029,'경상북도 김천시 조마면'),(4030,'경상북도 김천시 증산면'),(4031,'경상북도 김천시 율곡동'),(4032,'경상북도 김천시 문당동'),(4033,'경상북도 안동시 풍산읍'),(4034,'경상북도 안동시 태화동'),(4035,'경상북도 안동시 옥동'),(4036,'경상북도 안동시 송현동'),(4037,'경상북도 안동시 수상동'),(4038,'경상북도 안동시 북후면'),(4039,'경상북도 안동시 서후면'),(4040,'경상북도 안동시 일직면'),(4041,'경상북도 안동시 남후면'),(4042,'경상북도 안동시 남선면'),(4043,'경상북도 안동시 이천동'),(4044,'경상북도 안동시 풍천면'),(4045,'경상북도 안동시 신세동'),(4046,'경상북도 안동시 법흥동'),(4047,'경상북도 안동시 용상동'),(4048,'경상북도 안동시 운흥동'),(4049,'경상북도 안동시 천리동'),(4050,'경상북도 안동시 남부동'),(4051,'경상북도 안동시 남문동'),(4052,'경상북도 안동시 안흥동'),(4053,'경상북도 안동시 옥야동'),(4054,'경상북도 안동시 당북동'),(4055,'경상북도 안동시 평화동'),(4056,'경상북도 안동시 송천동'),(4057,'경상북도 안동시 임하면'),(4058,'경상북도 안동시 임동면'),(4059,'경상북도 안동시 길안면'),(4060,'경상북도 안동시 예안면'),(4061,'경상북도 안동시 도산면'),(4062,'경상북도 안동시 삼산동'),(4063,'경상북도 안동시 서부동'),(4064,'경상북도 안동시 동문동'),(4065,'경상북도 안동시 동부동'),(4066,'경상북도 안동시 화성동'),(4067,'경상북도 안동시 목성동'),(4068,'경상북도 안동시 와룡면'),(4069,'경상북도 안동시 녹전면'),(4070,'경상북도 안동시 정상동'),(4071,'경상북도 안동시 정하동'),(4072,'경상북도 안동시 성곡동'),(4073,'경상북도 안동시 명륜동'),(4074,'경상북도 안동시 신안동'),(4075,'경상북도 안동시 법상동'),(4076,'경상북도 안동시 금곡동'),(4077,'경상북도 안동시 안기동'),(4078,'경상북도 안동시 운안동'),(4079,'경상북도 안동시 대석동'),(4080,'경상북도 안동시 광석동'),(4081,'경상북도 안동시 상아동'),(4082,'경상북도 안동시 안막동'),(4083,'경상북도 안동시 북문동'),(4084,'경상북도 안동시 석동동'),(4085,'경상북도 안동시 수하동'),(4086,'경상북도 안동시 노하동'),(4087,'경상북도 안동시 옥정동'),(4088,'경상북도 안동시 율세동'),(4089,'경상북도 구미시 오태동'),(4090,'경상북도 구미시 광평동'),(4091,'경상북도 구미시 옥성면'),(4092,'경상북도 구미시 선산읍'),(4093,'경상북도 구미시 상모동'),(4094,'경상북도 구미시 임은동'),(4095,'경상북도 구미시 신평동'),(4096,'경상북도 구미시 공단동'),(4097,'경상북도 구미시 사곡동'),(4098,'경상북도 구미시 비산동'),(4099,'경상북도 구미시 양호동'),(4100,'경상북도 구미시 거의동'),(4101,'경상북도 구미시 옥계동'),(4102,'경상북도 구미시 금전동'),(4103,'경상북도 구미시 산동면'),(4104,'경상북도 구미시 장천면'),(4105,'경상북도 구미시 지산동'),(4106,'경상북도 구미시 고아읍'),(4107,'경상북도 구미시 송정동'),(4108,'경상북도 구미시 황상동'),(4109,'경상북도 구미시 인의동'),(4110,'경상북도 구미시 임수동'),(4111,'경상북도 구미시 도개면'),(4112,'경상북도 구미시 해평면'),(4113,'경상북도 구미시 선기동'),(4114,'경상북도 구미시 형곡동'),(4115,'경상북도 구미시 무을면'),(4116,'경상북도 구미시 도량동'),(4117,'경상북도 구미시 부곡동'),(4118,'경상북도 구미시 진평동'),(4119,'경상북도 구미시 시미동'),(4120,'경상북도 구미시 원평동'),(4121,'경상북도 구미시 봉곡동'),(4122,'경상북도 구미시 구포동'),(4123,'경상북도 구미시 남통동'),(4124,'경상북도 구미시 수점동'),(4125,'경상북도 구미시 신동'),(4126,'경상북도 구미시 구평동'),(4127,'경상북도 영주시 이산면'),(4128,'경상북도 영주시 평은면'),(4129,'경상북도 영주시 단산면'),(4130,'경상북도 영주시 휴천동'),(4131,'경상북도 영주시 부석면'),(4132,'경상북도 영주시 하망동'),(4133,'경상북도 영주시 풍기읍'),(4134,'경상북도 영주시 봉현면'),(4135,'경상북도 영주시 장수면'),(4136,'경상북도 영주시 상망동'),(4137,'경상북도 영주시 영주동'),(4138,'경상북도 영주시 가흥동'),(4139,'경상북도 영주시 문수면'),(4140,'경상북도 영주시 상줄동'),(4141,'경상북도 영주시 문정동'),(4142,'경상북도 영주시 고현동'),(4143,'경상북도 영주시 조암동'),(4144,'경상북도 영주시 순흥면'),(4145,'경상북도 영주시 안정면'),(4146,'경상북도 영주시 적서동'),(4147,'경상북도 영주시 조와동'),(4148,'경상북도 영주시 창진동'),(4149,'경상북도 영주시 아지동'),(4150,'경상북도 영천시 도동'),(4151,'경상북도 영천시 금호읍'),(4152,'경상북도 영천시 북안면'),(4153,'경상북도 영천시 언하동'),(4154,'경상북도 영천시 자양면'),(4155,'경상북도 영천시 임고면'),(4156,'경상북도 영천시 대창면'),(4157,'경상북도 영천시 문내동'),(4158,'경상북도 영천시 창구동'),(4159,'경상북도 영천시 과전동'),(4160,'경상북도 영천시 화룡동'),(4161,'경상북도 영천시 금노동'),(4162,'경상북도 영천시 완산동'),(4163,'경상북도 영천시 대전동'),(4164,'경상북도 영천시 도림동'),(4165,'경상북도 영천시 오미동'),(4166,'경상북도 영천시 화북면'),(4167,'경상북도 영천시 화남면'),(4168,'경상북도 영천시 조교동'),(4169,'경상북도 영천시 망정동'),(4170,'경상북도 영천시 야사동'),(4171,'경상북도 영천시 문외동'),(4172,'경상북도 영천시 고경면'),(4173,'경상북도 영천시 신녕면'),(4174,'경상북도 영천시 성내동'),(4175,'경상북도 영천시 청통면'),(4176,'경상북도 영천시 교촌동'),(4177,'경상북도 영천시 서산동'),(4178,'경상북도 영천시 화산면'),(4179,'경상북도 영천시 오수동'),(4180,'경상북도 영천시 작산동'),(4181,'경상북도 영천시 도남동'),(4182,'경상북도 영천시 본촌동'),(4183,'경상북도 영천시 채신동'),(4184,'경상북도 영천시 괴연동'),(4185,'경상북도 영천시 봉동'),(4186,'경상북도 영천시 매산동'),(4187,'경상북도 영천시 녹전동'),(4188,'경상북도 영천시 범어동'),(4189,'경상북도 영천시 쌍계동'),(4190,'경상북도 영천시 신기동'),(4191,'경상북도 상주시 낙상동'),(4192,'경상북도 상주시 사벌면'),(4193,'경상북도 상주시 서문동'),(4194,'경상북도 상주시 무양동'),(4195,'경상북도 상주시 낙양동'),(4196,'경상북도 상주시 개운동'),(4197,'경상북도 상주시 신봉동'),(4198,'경상북도 상주시 가장동'),(4199,'경상북도 상주시 양촌동'),(4200,'경상북도 상주시 지천동'),(4201,'경상북도 상주시 만산동'),(4202,'경상북도 상주시 함창읍'),(4203,'경상북도 상주시 청리면'),(4204,'경상북도 상주시 공성면'),(4205,'경상북도 상주시 외서면'),(4206,'경상북도 상주시 공검면'),(4207,'경상북도 상주시 낙동면'),(4208,'경상북도 상주시 화산동'),(4209,'경상북도 상주시 화남면'),(4210,'경상북도 상주시 화북면'),(4211,'경상북도 상주시 모서면'),(4212,'경상북도 상주시 화동면'),(4213,'경상북도 상주시 은척면'),(4214,'경상북도 상주시 이안면'),(4215,'경상북도 상주시 중동면'),(4216,'경상북도 상주시 초산동'),(4217,'경상북도 상주시 성하동'),(4218,'경상북도 상주시 성동동'),(4219,'경상북도 상주시 인봉동'),(4220,'경상북도 상주시 복룡동'),(4221,'경상북도 상주시 서성동'),(4222,'경상북도 상주시 남성동'),(4223,'경상북도 상주시 연원동'),(4224,'경상북도 상주시 흥각동'),(4225,'경상북도 상주시 거동동'),(4226,'경상북도 상주시 인평동'),(4227,'경상북도 상주시 서곡동'),(4228,'경상북도 상주시 화개동'),(4229,'경상북도 상주시 외답동'),(4230,'경상북도 상주시 헌신동'),(4231,'경상북도 상주시 병성동'),(4232,'경상북도 상주시 부원동'),(4233,'경상북도 상주시 남적동'),(4234,'경상북도 상주시 냉림동'),(4235,'경상북도 상주시 모동면'),(4236,'경상북도 상주시 오대동'),(4237,'경상북도 상주시 중덕동'),(4238,'경상북도 상주시 내서면'),(4239,'경상북도 상주시 계산동'),(4240,'경상북도 상주시 죽전동'),(4241,'경상북도 상주시 화서면'),(4242,'경상북도 상주시 외남면'),(4243,'경상북도 상주시 남장동'),(4244,'경상북도 상주시 도남동'),(4245,'경상북도 문경시 유곡동'),(4246,'경상북도 문경시 마성면'),(4247,'경상북도 문경시 불정동'),(4248,'경상북도 문경시 문경읍'),(4249,'경상북도 문경시 호계면'),(4250,'경상북도 문경시 가은읍'),(4251,'경상북도 문경시 모전동'),(4252,'경상북도 문경시 산양면'),(4253,'경상북도 문경시 신기동'),(4254,'경상북도 문경시 산북면'),(4255,'경상북도 문경시 동로면'),(4256,'경상북도 문경시 공평동'),(4257,'경상북도 문경시 농암면'),(4258,'경상북도 문경시 영순면'),(4259,'경상북도 문경시 점촌동'),(4260,'경상북도 문경시 흥덕동'),(4261,'경상북도 문경시 윤직동'),(4262,'경상북도 문경시 영신동'),(4263,'경상북도 문경시 우지동'),(4264,'경상북도 문경시 창동'),(4265,'경상북도 경산시 진량읍'),(4266,'경상북도 경산시 하양읍'),(4267,'경상북도 경산시 와촌면'),(4268,'경상북도 경산시 삼남동'),(4269,'경상북도 경산시 삼북동'),(4270,'경상북도 경산시 신교동'),(4271,'경상북도 경산시 상방동'),(4272,'경상북도 경산시 백천동'),(4273,'경상북도 경산시 대평동'),(4274,'경상북도 경산시 대정동'),(4275,'경상북도 경산시 중방동'),(4276,'경상북도 경산시 중산동'),(4277,'경상북도 경산시 정평동'),(4278,'경상북도 경산시 옥곡동'),(4279,'경상북도 경산시 사정동'),(4280,'경상북도 경산시 옥산동'),(4281,'경상북도 경산시 여천동'),(4282,'경상북도 경산시 평산동'),(4283,'경상북도 경산시 사동'),(4284,'경상북도 경산시 남산면'),(4285,'경상북도 경산시 점촌동'),(4286,'경상북도 경산시 유곡동'),(4287,'경상북도 경산시 자인면'),(4288,'경상북도 경산시 용성면'),(4289,'경상북도 경산시 남천면'),(4290,'경상북도 경산시 갑제동'),(4291,'경상북도 경산시 압량면'),(4292,'경상북도 경산시 서상동'),(4293,'경상북도 경산시 계양동'),(4294,'경상북도 경산시 임당동'),(4295,'경상북도 경산시 조영동'),(4296,'경상북도 경산시 삼풍동'),(4297,'경상북도 경산시 대동'),(4298,'경상북도 경산시 남방동'),(4299,'경상북도 경산시 신천동'),(4300,'경상북도 경산시 내동'),(4301,'경상북도 군위군 군위읍'),(4302,'경상북도 군위군 효령면'),(4303,'경상북도 군위군 산성면'),(4304,'경상북도 군위군 고로면'),(4305,'경상북도 군위군 소보면'),(4306,'경상북도 군위군 부계면'),(4307,'경상북도 군위군 우보면'),(4308,'경상북도 군위군 의흥면'),(4309,'경상북도 의성군 의성읍'),(4310,'경상북도 의성군 단촌면'),(4311,'경상북도 의성군 봉양면'),(4312,'경상북도 의성군 단밀면'),(4313,'경상북도 의성군 점곡면'),(4314,'경상북도 의성군 옥산면'),(4315,'경상북도 의성군 금성면'),(4316,'경상북도 의성군 구천면'),(4317,'경상북도 의성군 안계면'),(4318,'경상북도 의성군 춘산면'),(4319,'경상북도 의성군 가음면'),(4320,'경상북도 의성군 다인면'),(4321,'경상북도 의성군 사곡면'),(4322,'경상북도 의성군 신평면'),(4323,'경상북도 의성군 안평면'),(4324,'경상북도 의성군 단북면'),(4325,'경상북도 의성군 안사면'),(4326,'경상북도 의성군 비안면'),(4327,'경상북도 청송군 현동면'),(4328,'경상북도 청송군 부남면'),(4329,'경상북도 청송군 진보면'),(4330,'경상북도 청송군 청송읍'),(4331,'경상북도 청송군 파천면'),(4332,'경상북도 청송군 현서면'),(4333,'경상북도 청송군 안덕면'),(4334,'경상북도 청송군 주왕산면'),(4335,'경상북도 영양군 영양읍'),(4336,'경상북도 영양군 입암면'),(4337,'경상북도 영양군 청기면'),(4338,'경상북도 영양군 일월면'),(4339,'경상북도 영양군 수비면'),(4340,'경상북도 영양군 석보면'),(4341,'경상북도 영덕군 달산면'),(4342,'경상북도 영덕군 지품면'),(4343,'경상북도 영덕군 강구면'),(4344,'경상북도 영덕군 영덕읍'),(4345,'경상북도 영덕군 남정면'),(4346,'경상북도 영덕군 축산면'),(4347,'경상북도 영덕군 병곡면'),(4348,'경상북도 영덕군 영해면'),(4349,'경상북도 영덕군 창수면'),(4350,'경상북도 청도군 각남면'),(4351,'경상북도 청도군 풍각면'),(4352,'경상북도 청도군 각북면'),(4353,'경상북도 청도군 청도읍'),(4354,'경상북도 청도군 매전면'),(4355,'경상북도 청도군 금천면'),(4356,'경상북도 청도군 운문면'),(4357,'경상북도 청도군 화양읍'),(4358,'경상북도 청도군 이서면'),(4359,'경상북도 고령군 다산면'),(4360,'경상북도 고령군 성산면'),(4361,'경상북도 고령군 개진면'),(4362,'경상북도 고령군 대가야읍'),(4363,'경상북도 고령군 쌍림면'),(4364,'경상북도 고령군 덕곡면'),(4365,'경상북도 고령군 운수면'),(4366,'경상북도 고령군 우곡면'),(4367,'경상북도 성주군 초전면'),(4368,'경상북도 성주군 선남면'),(4369,'경상북도 성주군 대가면'),(4370,'경상북도 성주군 용암면'),(4371,'경상북도 성주군 수륜면'),(4372,'경상북도 성주군 성주읍'),(4373,'경상북도 성주군 월항면'),(4374,'경상북도 성주군 금수면'),(4375,'경상북도 성주군 벽진면'),(4376,'경상북도 성주군 가천면'),(4377,'경상북도 칠곡군 왜관읍'),(4378,'경상북도 칠곡군 지천면'),(4379,'경상북도 칠곡군 동명면'),(4380,'경상북도 칠곡군 석적읍'),(4381,'경상북도 칠곡군 북삼읍'),(4382,'경상북도 칠곡군 약목면'),(4383,'경상북도 칠곡군 기산면'),(4384,'경상북도 칠곡군 가산면'),(4385,'경상북도 예천군 호명면'),(4386,'경상북도 예천군 풍양면'),(4387,'경상북도 예천군 예천읍'),(4388,'경상북도 예천군 유천면'),(4389,'경상북도 예천군 용궁면'),(4390,'경상북도 예천군 개포면'),(4391,'경상북도 예천군 감천면'),(4392,'경상북도 예천군 보문면'),(4393,'경상북도 예천군 지보면'),(4394,'경상북도 예천군 효자면'),(4395,'경상북도 예천군 용문면'),(4396,'경상북도 예천군 은풍면'),(4397,'경상북도 봉화군 석포면'),(4398,'경상북도 봉화군 법전면'),(4399,'경상북도 봉화군 명호면'),(4400,'경상북도 봉화군 상운면'),(4401,'경상북도 봉화군 봉화읍'),(4402,'경상북도 봉화군 소천면'),(4403,'경상북도 봉화군 재산면'),(4404,'경상북도 봉화군 봉성면'),(4405,'경상북도 봉화군 춘양면'),(4406,'경상북도 봉화군 물야면'),(4407,'경상북도 울진군 울진읍'),(4408,'경상북도 울진군 평해읍'),(4409,'경상북도 울진군 기성면'),(4410,'경상북도 울진군 죽변면'),(4411,'경상북도 울진군 후포면'),(4412,'경상북도 울진군 근남면'),(4413,'경상북도 울진군 매화면'),(4414,'경상북도 울진군 온정면'),(4415,'경상북도 울진군 금강송면'),(4416,'경상북도 울진군 북면'),(4417,'경상북도 울릉군 울릉읍'),(4418,'경상북도 울릉군 서면'),(4419,'경상북도 울릉군 북면'),(4420,'경상남도 창원시 의창구 도계동'),(4421,'경상남도 창원시 의창구 동정동'),(4422,'경상남도 창원시 의창구 소계동'),(4423,'경상남도 창원시 의창구 팔용동'),(4424,'경상남도 창원시 의창구 동읍'),(4425,'경상남도 창원시 의창구 소답동'),(4426,'경상남도 창원시 의창구 대원동'),(4427,'경상남도 창원시 의창구 삼동동'),(4428,'경상남도 창원시 의창구 두대동'),(4429,'경상남도 창원시 의창구 신월동'),(4430,'경상남도 창원시 의창구 봉곡동'),(4431,'경상남도 창원시 의창구 용호동'),(4432,'경상남도 창원시 의창구 북면'),(4433,'경상남도 창원시 의창구 사림동'),(4434,'경상남도 창원시 의창구 명서동'),(4435,'경상남도 창원시 의창구 내리동'),(4436,'경상남도 창원시 의창구 서상동'),(4437,'경상남도 창원시 의창구 반계동'),(4438,'경상남도 창원시 의창구 퇴촌동'),(4439,'경상남도 창원시 의창구 대산면'),(4440,'경상남도 창원시 의창구 중동'),(4441,'경상남도 창원시 의창구 봉림동'),(4442,'경상남도 창원시 의창구 사화동'),(4443,'경상남도 창원시 의창구 용동'),(4444,'경상남도 창원시 의창구 용지동'),(4445,'경상남도 창원시 의창구 반송동'),(4446,'경상남도 창원시 의창구 명곡동'),(4447,'경상남도 창원시 의창구 북동'),(4448,'경상남도 창원시 의창구 차용동'),(4449,'경상남도 창원시 의창구 덕정동'),(4450,'경상남도 창원시 의창구 서곡동'),(4451,'경상남도 창원시 성산구 양곡동'),(4452,'경상남도 창원시 성산구 가음정동'),(4453,'경상남도 창원시 성산구 외동'),(4454,'경상남도 창원시 성산구 불모산동'),(4455,'경상남도 창원시 성산구 내동'),(4456,'경상남도 창원시 성산구 중앙동'),(4457,'경상남도 창원시 성산구 상남동'),(4458,'경상남도 창원시 성산구 성주동'),(4459,'경상남도 창원시 성산구 남산동'),(4460,'경상남도 창원시 성산구 사파정동'),(4461,'경상남도 창원시 성산구 반림동'),(4462,'경상남도 창원시 성산구 가음동'),(4463,'경상남도 창원시 성산구 대방동'),(4464,'경상남도 창원시 성산구 사파동'),(4465,'경상남도 창원시 성산구 남양동'),(4466,'경상남도 창원시 성산구 귀산동'),(4467,'경상남도 창원시 성산구 귀곡동'),(4468,'경상남도 창원시 성산구 창곡동'),(4469,'경상남도 창원시 성산구 천선동'),(4470,'경상남도 창원시 성산구 신촌동'),(4471,'경상남도 창원시 성산구 안민동'),(4472,'경상남도 창원시 성산구 웅남동'),(4473,'경상남도 창원시 성산구 성산동'),(4474,'경상남도 창원시 성산구 귀현동'),(4475,'경상남도 창원시 성산구 반지동'),(4476,'경상남도 창원시 성산구 삼정자동'),(4477,'경상남도 창원시 성산구 상복동'),(4478,'경상남도 창원시 성산구 남지동'),(4479,'경상남도 창원시 성산구 적현동'),(4480,'경상남도 창원시 성산구 완암동'),(4481,'경상남도 창원시 성산구 토월동'),(4482,'경상남도 창원시 성산구 반송동'),(4483,'경상남도 창원시 마산합포구 두월동1가'),(4484,'경상남도 창원시 마산합포구 두월동2가'),(4485,'경상남도 창원시 마산합포구 부림동'),(4486,'경상남도 창원시 마산합포구 상남동'),(4487,'경상남도 창원시 마산합포구 서성동'),(4488,'경상남도 창원시 마산합포구 신포동2가'),(4489,'경상남도 창원시 마산합포구 월남동1가'),(4490,'경상남도 창원시 마산합포구 월남동2가'),(4491,'경상남도 창원시 마산합포구 월남동3가'),(4492,'경상남도 창원시 마산합포구 월남동4가'),(4493,'경상남도 창원시 마산합포구 월남동5가'),(4494,'경상남도 창원시 마산합포구 월포동'),(4495,'경상남도 창원시 마산합포구 자산동'),(4496,'경상남도 창원시 마산합포구 장군동4가'),(4497,'경상남도 창원시 마산합포구 중성동'),(4498,'경상남도 창원시 마산합포구 중앙동1가'),(4499,'경상남도 창원시 마산합포구 중앙동2가'),(4500,'경상남도 창원시 마산합포구 중앙동3가'),(4501,'경상남도 창원시 마산합포구 창동'),(4502,'경상남도 창원시 마산합포구 창포동2가'),(4503,'경상남도 창원시 마산합포구 해운동'),(4504,'경상남도 창원시 마산합포구 홍문동'),(4505,'경상남도 창원시 마산합포구 가포동'),(4506,'경상남도 창원시 마산합포구 현동'),(4507,'경상남도 창원시 마산합포구 진동면'),(4508,'경상남도 창원시 마산합포구 진전면'),(4509,'경상남도 창원시 마산합포구 우산동'),(4510,'경상남도 창원시 마산합포구 월영동'),(4511,'경상남도 창원시 마산합포구 진북면'),(4512,'경상남도 창원시 마산합포구 남성동'),(4513,'경상남도 창원시 마산합포구 동성동'),(4514,'경상남도 창원시 마산합포구 산호동'),(4515,'경상남도 창원시 마산합포구 신포동1가'),(4516,'경상남도 창원시 마산합포구 오동동'),(4517,'경상남도 창원시 마산합포구 구산면'),(4518,'경상남도 창원시 마산합포구 덕동동'),(4519,'경상남도 창원시 마산합포구 대성동1가'),(4520,'경상남도 창원시 마산합포구 문화동'),(4521,'경상남도 창원시 마산합포구 신월동'),(4522,'경상남도 창원시 마산합포구 신창동'),(4523,'경상남도 창원시 마산합포구 완월동'),(4524,'경상남도 창원시 마산합포구 장군동5가'),(4525,'경상남도 창원시 마산합포구 평화동'),(4526,'경상남도 창원시 마산합포구 수성동'),(4527,'경상남도 창원시 마산합포구 교방동'),(4528,'경상남도 창원시 마산합포구 예곡동'),(4529,'경상남도 창원시 마산합포구 대내동'),(4530,'경상남도 창원시 마산합포구 대창동'),(4531,'경상남도 창원시 마산합포구 유록동'),(4532,'경상남도 창원시 마산합포구 화영동'),(4533,'경상남도 창원시 마산합포구 장군동3가'),(4534,'경상남도 창원시 마산합포구 신흥동'),(4535,'경상남도 창원시 마산합포구 성호동'),(4536,'경상남도 창원시 마산합포구 추산동'),(4537,'경상남도 창원시 마산합포구 교원동'),(4538,'경상남도 창원시 마산합포구 대외동'),(4539,'경상남도 창원시 마산합포구 청계동'),(4540,'경상남도 창원시 마산합포구 두월동3가'),(4541,'경상남도 창원시 마산합포구 창포동3가'),(4542,'경상남도 창원시 마산합포구 창포동1가'),(4543,'경상남도 창원시 마산합포구 반월동'),(4544,'경상남도 창원시 마산합포구 장군동1가'),(4545,'경상남도 창원시 마산합포구 장군동2가'),(4546,'경상남도 창원시 마산합포구 대성동2가'),(4547,'경상남도 창원시 마산회원구 구암동'),(4548,'경상남도 창원시 마산회원구 석전동'),(4549,'경상남도 창원시 마산회원구 양덕동'),(4550,'경상남도 창원시 마산회원구 합성동'),(4551,'경상남도 창원시 마산회원구 회원동'),(4552,'경상남도 창원시 마산회원구 내서읍'),(4553,'경상남도 창원시 마산회원구 두척동'),(4554,'경상남도 창원시 마산회원구 봉암동'),(4555,'경상남도 창원시 마산회원구 회성동'),(4556,'경상남도 창원시 진해구 여좌동'),(4557,'경상남도 창원시 진해구 태백동'),(4558,'경상남도 창원시 진해구 경화동'),(4559,'경상남도 창원시 진해구 석동'),(4560,'경상남도 창원시 진해구 자은동'),(4561,'경상남도 창원시 진해구 풍호동'),(4562,'경상남도 창원시 진해구 장천동'),(4563,'경상남도 창원시 진해구 서중동'),(4564,'경상남도 창원시 진해구 남문동'),(4565,'경상남도 창원시 진해구 죽곡동'),(4566,'경상남도 창원시 진해구 두동'),(4567,'경상남도 창원시 진해구 용원동'),(4568,'경상남도 창원시 진해구 제덕동'),(4569,'경상남도 창원시 진해구 가주동'),(4570,'경상남도 창원시 진해구 이동'),(4571,'경상남도 창원시 진해구 남양동'),(4572,'경상남도 창원시 진해구 소사동'),(4573,'경상남도 창원시 진해구 대장동'),(4574,'경상남도 창원시 진해구 덕산동'),(4575,'경상남도 창원시 진해구 마천동'),(4576,'경상남도 창원시 진해구 명동'),(4577,'경상남도 창원시 진해구 원포동'),(4578,'경상남도 창원시 진해구 태평동'),(4579,'경상남도 창원시 진해구 제황산동'),(4580,'경상남도 창원시 진해구 수송동'),(4581,'경상남도 창원시 진해구 회현동'),(4582,'경상남도 창원시 진해구 익선동'),(4583,'경상남도 창원시 진해구 창선동'),(4584,'경상남도 창원시 진해구 대천동'),(4585,'경상남도 창원시 진해구 광화동'),(4586,'경상남도 창원시 진해구 통신동'),(4587,'경상남도 창원시 진해구 중앙동'),(4588,'경상남도 창원시 진해구 부흥동'),(4589,'경상남도 창원시 진해구 중평동'),(4590,'경상남도 창원시 진해구 근화동'),(4591,'경상남도 창원시 진해구 화천동'),(4592,'경상남도 창원시 진해구 송학동'),(4593,'경상남도 창원시 진해구 대흥동'),(4594,'경상남도 창원시 진해구 평안동'),(4595,'경상남도 창원시 진해구 충무동'),(4596,'경상남도 창원시 진해구 속천동'),(4597,'경상남도 창원시 진해구 대죽동'),(4598,'경상남도 창원시 진해구 안곡동'),(4599,'경상남도 창원시 진해구 수도동'),(4600,'경상남도 창원시 진해구 북부동'),(4601,'경상남도 창원시 진해구 안골동'),(4602,'경상남도 창원시 진해구 청안동'),(4603,'경상남도 창원시 진해구 동상동'),(4604,'경상남도 창원시 진해구 도천동'),(4605,'경상남도 창원시 진해구 현동'),(4606,'경상남도 창원시 진해구 연도동'),(4607,'경상남도 창원시 진해구 성내동'),(4608,'경상남도 창원시 진해구 인사동'),(4609,'경상남도 창원시 진해구 충의동'),(4610,'경상남도 창원시 진해구 숭인동'),(4611,'경상남도 창원시 진해구 대영동'),(4612,'경상남도 창원시 진해구 남빈동'),(4613,'경상남도 창원시 진해구 도만동'),(4614,'경상남도 창원시 진해구 신흥동'),(4615,'경상남도 창원시 진해구 송죽동'),(4616,'경상남도 창원시 진해구 행암동'),(4617,'경상남도 창원시 진해구 무송동'),(4618,'경상남도 창원시 진해구 인의동'),(4619,'경상남도 진주시 지수면'),(4620,'경상남도 진주시 진성면'),(4621,'경상남도 진주시 문산읍'),(4622,'경상남도 진주시 호탄동'),(4623,'경상남도 진주시 내동면'),(4624,'경상남도 진주시 가좌동'),(4625,'경상남도 진주시 이반성면'),(4626,'경상남도 진주시 사봉면'),(4627,'경상남도 진주시 일반성면'),(4628,'경상남도 진주시 주약동'),(4629,'경상남도 진주시 강남동'),(4630,'경상남도 진주시 칠암동'),(4631,'경상남도 진주시 동성동'),(4632,'경상남도 진주시 인사동'),(4633,'경상남도 진주시 대안동'),(4634,'경상남도 진주시 평안동'),(4635,'경상남도 진주시 계동'),(4636,'경상남도 진주시 봉곡동'),(4637,'경상남도 진주시 이현동'),(4638,'경상남도 진주시 유곡동'),(4639,'경상남도 진주시 정촌면'),(4640,'경상남도 진주시 명석면'),(4641,'경상남도 진주시 상봉동'),(4642,'경상남도 진주시 금곡면'),(4643,'경상남도 진주시 대평면'),(4644,'경상남도 진주시 수곡면'),(4645,'경상남도 진주시 판문동'),(4646,'경상남도 진주시 망경동'),(4647,'경상남도 진주시 금산면'),(4648,'경상남도 진주시 본성동'),(4649,'경상남도 진주시 남성동'),(4650,'경상남도 진주시 장대동'),(4651,'경상남도 진주시 옥봉동'),(4652,'경상남도 진주시 상대동'),(4653,'경상남도 진주시 하대동'),(4654,'경상남도 진주시 상평동'),(4655,'경상남도 진주시 초전동'),(4656,'경상남도 진주시 신안동'),(4657,'경상남도 진주시 평거동'),(4658,'경상남도 진주시 대곡면'),(4659,'경상남도 진주시 집현면'),(4660,'경상남도 진주시 중안동'),(4661,'경상남도 진주시 미천면'),(4662,'경상남도 진주시 충무공동'),(4663,'경상남도 진주시 봉래동'),(4664,'경상남도 진주시 수정동'),(4665,'경상남도 진주시 장재동'),(4666,'경상남도 진주시 하촌동'),(4667,'경상남도 진주시 귀곡동'),(4668,'경상남도 통영시 무전동'),(4669,'경상남도 통영시 용남면'),(4670,'경상남도 통영시 도산면'),(4671,'경상남도 통영시 광도면'),(4672,'경상남도 통영시 당동'),(4673,'경상남도 통영시 미수동'),(4674,'경상남도 통영시 봉평동'),(4675,'경상남도 통영시 도남동'),(4676,'경상남도 통영시 태평동'),(4677,'경상남도 통영시 정량동'),(4678,'경상남도 통영시 동호동'),(4679,'경상남도 통영시 한산면'),(4680,'경상남도 통영시 북신동'),(4681,'경상남도 통영시 산양읍'),(4682,'경상남도 통영시 사량면'),(4683,'경상남도 통영시 문화동'),(4684,'경상남도 통영시 중앙동'),(4685,'경상남도 통영시 도천동'),(4686,'경상남도 통영시 서호동'),(4687,'경상남도 통영시 명정동'),(4688,'경상남도 통영시 욕지면'),(4689,'경상남도 통영시 항남동'),(4690,'경상남도 통영시 인평동'),(4691,'경상남도 통영시 평림동'),(4692,'경상남도 사천시 곤명면'),(4693,'경상남도 사천시 축동면'),(4694,'경상남도 사천시 곤양면'),(4695,'경상남도 사천시 서포면'),(4696,'경상남도 사천시 대방동'),(4697,'경상남도 사천시 실안동'),(4698,'경상남도 사천시 노룡동'),(4699,'경상남도 사천시 사천읍'),(4700,'경상남도 사천시 사남면'),(4701,'경상남도 사천시 용현면'),(4702,'경상남도 사천시 송포동'),(4703,'경상남도 사천시 정동면'),(4704,'경상남도 사천시 동금동'),(4705,'경상남도 사천시 사등동'),(4706,'경상남도 사천시 향촌동'),(4707,'경상남도 사천시 동동'),(4708,'경상남도 사천시 서동'),(4709,'경상남도 사천시 선구동'),(4710,'경상남도 사천시 동림동'),(4711,'경상남도 사천시 좌룡동'),(4712,'경상남도 사천시 늑도동'),(4713,'경상남도 사천시 죽림동'),(4714,'경상남도 사천시 벌리동'),(4715,'경상남도 사천시 봉남동'),(4716,'경상남도 사천시 이금동'),(4717,'경상남도 사천시 이홀동'),(4718,'경상남도 사천시 궁지동'),(4719,'경상남도 사천시 용강동'),(4720,'경상남도 사천시 신벽동'),(4721,'경상남도 사천시 서금동'),(4722,'경상남도 사천시 대포동'),(4723,'경상남도 사천시 신수동'),(4724,'경상남도 사천시 마도동'),(4725,'경상남도 사천시 백천동'),(4726,'경상남도 사천시 와룡동'),(4727,'경상남도 김해시 삼정동'),(4728,'경상남도 김해시 수가동'),(4729,'경상남도 김해시 부원동'),(4730,'경상남도 김해시 봉황동'),(4731,'경상남도 김해시 구산동'),(4732,'경상남도 김해시 삼계동'),(4733,'경상남도 김해시 내동'),(4734,'경상남도 김해시 전하동'),(4735,'경상남도 김해시 어방동'),(4736,'경상남도 김해시 안동'),(4737,'경상남도 김해시 지내동'),(4738,'경상남도 김해시 불암동'),(4739,'경상남도 김해시 진영읍'),(4740,'경상남도 김해시 한림면'),(4741,'경상남도 김해시 외동'),(4742,'경상남도 김해시 흥동'),(4743,'경상남도 김해시 풍유동'),(4744,'경상남도 김해시 명법동'),(4745,'경상남도 김해시 주촌면'),(4746,'경상남도 김해시 내덕동'),(4747,'경상남도 김해시 무계동'),(4748,'경상남도 김해시 삼문동'),(4749,'경상남도 김해시 대청동'),(4750,'경상남도 김해시 생림면'),(4751,'경상남도 김해시 신문동'),(4752,'경상남도 김해시 관동동'),(4753,'경상남도 김해시 장유동'),(4754,'경상남도 김해시 응달동'),(4755,'경상남도 김해시 동상동'),(4756,'경상남도 김해시 강동'),(4757,'경상남도 김해시 이동'),(4758,'경상남도 김해시 서상동'),(4759,'경상남도 김해시 대성동'),(4760,'경상남도 김해시 진례면'),(4761,'경상남도 김해시 유하동'),(4762,'경상남도 김해시 부곡동'),(4763,'경상남도 김해시 대동면'),(4764,'경상남도 김해시 상동면'),(4765,'경상남도 김해시 삼방동'),(4766,'경상남도 김해시 율하동'),(4767,'경상남도 김해시 화목동'),(4768,'경상남도 밀양시 삼랑진읍'),(4769,'경상남도 밀양시 내이동'),(4770,'경상남도 밀양시 교동'),(4771,'경상남도 밀양시 삼문동'),(4772,'경상남도 밀양시 하남읍'),(4773,'경상남도 밀양시 부북면'),(4774,'경상남도 밀양시 산외면'),(4775,'경상남도 밀양시 산내면'),(4776,'경상남도 밀양시 상남면'),(4777,'경상남도 밀양시 상동면'),(4778,'경상남도 밀양시 남포동'),(4779,'경상남도 밀양시 단장면'),(4780,'경상남도 밀양시 초동면'),(4781,'경상남도 밀양시 가곡동'),(4782,'경상남도 밀양시 무안면'),(4783,'경상남도 밀양시 내일동'),(4784,'경상남도 밀양시 용평동'),(4785,'경상남도 밀양시 청도면'),(4786,'경상남도 밀양시 활성동'),(4787,'경상남도 거제시 장목면'),(4788,'경상남도 거제시 장승포동'),(4789,'경상남도 거제시 두모동'),(4790,'경상남도 거제시 아양동'),(4791,'경상남도 거제시 아주동'),(4792,'경상남도 거제시 옥포동'),(4793,'경상남도 거제시 장평동'),(4794,'경상남도 거제시 고현동'),(4795,'경상남도 거제시 양정동'),(4796,'경상남도 거제시 수월동'),(4797,'경상남도 거제시 일운면'),(4798,'경상남도 거제시 동부면'),(4799,'경상남도 거제시 남부면'),(4800,'경상남도 거제시 사등면'),(4801,'경상남도 거제시 연초면'),(4802,'경상남도 거제시 거제면'),(4803,'경상남도 거제시 둔덕면'),(4804,'경상남도 거제시 하청면'),(4805,'경상남도 거제시 상동동'),(4806,'경상남도 거제시 문동동'),(4807,'경상남도 거제시 삼거동'),(4808,'경상남도 거제시 능포동'),(4809,'경상남도 거제시 덕포동'),(4810,'경상남도 양산시 하북면'),(4811,'경상남도 양산시 용당동'),(4812,'경상남도 양산시 삼호동'),(4813,'경상남도 양산시 명동'),(4814,'경상남도 양산시 주진동'),(4815,'경상남도 양산시 평산동'),(4816,'경상남도 양산시 덕계동'),(4817,'경상남도 양산시 동면'),(4818,'경상남도 양산시 남부동'),(4819,'경상남도 양산시 중부동'),(4820,'경상남도 양산시 북부동'),(4821,'경상남도 양산시 신기동'),(4822,'경상남도 양산시 북정동'),(4823,'경상남도 양산시 산막동'),(4824,'경상남도 양산시 상북면'),(4825,'경상남도 양산시 다방동'),(4826,'경상남도 양산시 원동면'),(4827,'경상남도 양산시 물금읍'),(4828,'경상남도 양산시 매곡동'),(4829,'경상남도 양산시 명곡동'),(4830,'경상남도 양산시 소주동'),(4831,'경상남도 양산시 호계동'),(4832,'경상남도 양산시 주남동'),(4833,'경상남도 양산시 어곡동'),(4834,'경상남도 양산시 유산동'),(4835,'경상남도 양산시 교동'),(4836,'경상남도 의령군 의령읍'),(4837,'경상남도 의령군 가례면'),(4838,'경상남도 의령군 칠곡면'),(4839,'경상남도 의령군 대의면'),(4840,'경상남도 의령군 용덕면'),(4841,'경상남도 의령군 정곡면'),(4842,'경상남도 의령군 부림면'),(4843,'경상남도 의령군 유곡면'),(4844,'경상남도 의령군 지정면'),(4845,'경상남도 의령군 화정면'),(4846,'경상남도 의령군 궁류면'),(4847,'경상남도 의령군 봉수면'),(4848,'경상남도 의령군 낙서면'),(4849,'경상남도 함안군 칠북면'),(4850,'경상남도 함안군 칠원읍'),(4851,'경상남도 함안군 가야읍'),(4852,'경상남도 함안군 군북면'),(4853,'경상남도 함안군 산인면'),(4854,'경상남도 함안군 함안면'),(4855,'경상남도 함안군 법수면'),(4856,'경상남도 함안군 대산면'),(4857,'경상남도 함안군 칠서면'),(4858,'경상남도 함안군 여항면'),(4859,'경상남도 창녕군 창녕읍'),(4860,'경상남도 창녕군 성산면'),(4861,'경상남도 창녕군 대합면'),(4862,'경상남도 창녕군 대지면'),(4863,'경상남도 창녕군 도천면'),(4864,'경상남도 창녕군 고암면'),(4865,'경상남도 창녕군 계성면'),(4866,'경상남도 창녕군 이방면'),(4867,'경상남도 창녕군 유어면'),(4868,'경상남도 창녕군 부곡면'),(4869,'경상남도 창녕군 남지읍'),(4870,'경상남도 창녕군 장마면'),(4871,'경상남도 창녕군 영산면'),(4872,'경상남도 창녕군 길곡면'),(4873,'경상남도 고성군 대가면'),(4874,'경상남도 고성군 고성읍'),(4875,'경상남도 고성군 회화면'),(4876,'경상남도 고성군 마암면'),(4877,'경상남도 고성군 거류면'),(4878,'경상남도 고성군 상리면'),(4879,'경상남도 고성군 영오면'),(4880,'경상남도 고성군 구만면'),(4881,'경상남도 고성군 개천면'),(4882,'경상남도 고성군 하이면'),(4883,'경상남도 고성군 동해면'),(4884,'경상남도 고성군 영현면'),(4885,'경상남도 고성군 삼산면'),(4886,'경상남도 고성군 하일면'),(4887,'경상남도 남해군 이동면'),(4888,'경상남도 남해군 남면'),(4889,'경상남도 남해군 서면'),(4890,'경상남도 남해군 고현면'),(4891,'경상남도 남해군 삼동면'),(4892,'경상남도 남해군 미조면'),(4893,'경상남도 남해군 창선면'),(4894,'경상남도 남해군 남해읍'),(4895,'경상남도 남해군 상주면'),(4896,'경상남도 남해군 설천면'),(4897,'경상남도 하동군 금성면'),(4898,'경상남도 하동군 하동읍'),(4899,'경상남도 하동군 화개면'),(4900,'경상남도 하동군 악양면'),(4901,'경상남도 하동군 고전면'),(4902,'경상남도 하동군 금남면'),(4903,'경상남도 하동군 적량면'),(4904,'경상남도 하동군 횡천면'),(4905,'경상남도 하동군 양보면'),(4906,'경상남도 하동군 북천면'),(4907,'경상남도 하동군 진교면'),(4908,'경상남도 하동군 청암면'),(4909,'경상남도 하동군 옥종면'),(4910,'경상남도 산청군 단성면'),(4911,'경상남도 산청군 금서면'),(4912,'경상남도 산청군 생초면'),(4913,'경상남도 산청군 시천면'),(4914,'경상남도 산청군 신안면'),(4915,'경상남도 산청군 생비량면'),(4916,'경상남도 산청군 산청읍'),(4917,'경상남도 산청군 오부면'),(4918,'경상남도 산청군 신등면'),(4919,'경상남도 산청군 차황면'),(4920,'경상남도 산청군 삼장면'),(4921,'경상남도 함양군 함양읍'),(4922,'경상남도 함양군 수동면'),(4923,'경상남도 함양군 안의면'),(4924,'경상남도 함양군 지곡면'),(4925,'경상남도 함양군 백전면'),(4926,'경상남도 함양군 마천면'),(4927,'경상남도 함양군 휴천면'),(4928,'경상남도 함양군 유림면'),(4929,'경상남도 함양군 서하면'),(4930,'경상남도 함양군 서상면'),(4931,'경상남도 함양군 병곡면'),(4932,'경상남도 거창군 거창읍'),(4933,'경상남도 거창군 남하면'),(4934,'경상남도 거창군 남상면'),(4935,'경상남도 거창군 웅양면'),(4936,'경상남도 거창군 신원면'),(4937,'경상남도 거창군 가조면'),(4938,'경상남도 거창군 마리면'),(4939,'경상남도 거창군 북상면'),(4940,'경상남도 거창군 가북면'),(4941,'경상남도 거창군 고제면'),(4942,'경상남도 거창군 주상면'),(4943,'경상남도 거창군 위천면'),(4944,'경상남도 합천군 청덕면'),(4945,'경상남도 합천군 쌍책면'),(4946,'경상남도 합천군 덕곡면'),(4947,'경상남도 합천군 합천읍'),(4948,'경상남도 합천군 율곡면'),(4949,'경상남도 합천군 대양면'),(4950,'경상남도 합천군 쌍백면'),(4951,'경상남도 합천군 삼가면'),(4952,'경상남도 합천군 야로면'),(4953,'경상남도 합천군 봉산면'),(4954,'경상남도 합천군 묘산면'),(4955,'경상남도 합천군 가회면'),(4956,'경상남도 합천군 가야면'),(4957,'경상남도 합천군 초계면'),(4958,'경상남도 합천군 대병면'),(4959,'경상남도 합천군 용주면'),(4960,'경상남도 합천군 적중면'),(4961,'제주특별자치도 제주시 한경면'),(4962,'제주특별자치도 제주시 노형동'),(4963,'제주특별자치도 제주시 연동'),(4964,'제주특별자치도 제주시 해안동'),(4965,'제주특별자치도 제주시 애월읍'),(4966,'제주특별자치도 제주시 아라일동'),(4967,'제주특별자치도 제주시 용강동'),(4968,'제주특별자치도 제주시 영평동'),(4969,'제주특별자치도 제주시 조천읍'),(4970,'제주특별자치도 제주시 한림읍'),(4971,'제주특별자치도 제주시 이도이동'),(4972,'제주특별자치도 제주시 아라이동'),(4973,'제주특별자치도 제주시 일도이동'),(4974,'제주특별자치도 제주시 삼도일동'),(4975,'제주특별자치도 제주시 오라일동'),(4976,'제주특별자치도 제주시 용담이동'),(4977,'제주특별자치도 제주시 일도일동'),(4978,'제주특별자치도 제주시 이도일동'),(4979,'제주특별자치도 제주시 삼도이동'),(4980,'제주특별자치도 제주시 구좌읍'),(4981,'제주특별자치도 제주시 건입동'),(4982,'제주특별자치도 제주시 용담일동'),(4983,'제주특별자치도 제주시 도평동'),(4984,'제주특별자치도 제주시 이호이동'),(4985,'제주특별자치도 제주시 도두일동'),(4986,'제주특별자치도 제주시 이호일동'),(4987,'제주특별자치도 제주시 도남동'),(4988,'제주특별자치도 제주시 도두이동'),(4989,'제주특별자치도 제주시 화북일동'),(4990,'제주특별자치도 제주시 화북이동'),(4991,'제주특별자치도 제주시 봉개동'),(4992,'제주특별자치도 제주시 회천동'),(4993,'제주특별자치도 제주시 오라이동'),(4994,'제주특별자치도 제주시 오등동'),(4995,'제주특별자치도 제주시 삼양이동'),(4996,'제주특별자치도 제주시 도련일동'),(4997,'제주특별자치도 제주시 도련이동'),(4998,'제주특별자치도 제주시 오라삼동'),(4999,'제주특별자치도 제주시 용담삼동'),(5000,'제주특별자치도 제주시 월평동'),(5001,'제주특별자치도 제주시 삼양일동'),(5002,'제주특별자치도 제주시 우도면'),(5003,'제주특별자치도 제주시 외도일동'),(5004,'제주특별자치도 제주시 내도동'),(5005,'제주특별자치도 제주시 추자면'),(5006,'제주특별자치도 제주시 삼양삼동'),(5007,'제주특별자치도 제주시 외도이동'),(5008,'제주특별자치도 서귀포시 대정읍'),(5009,'제주특별자치도 서귀포시 중문동'),(5010,'제주특별자치도 서귀포시 회수동'),(5011,'제주특별자치도 서귀포시 대포동'),(5012,'제주특별자치도 서귀포시 도순동'),(5013,'제주특별자치도 서귀포시 하원동'),(5014,'제주특별자치도 서귀포시 색달동'),(5015,'제주특별자치도 서귀포시 동홍동'),(5016,'제주특별자치도 서귀포시 상효동'),(5017,'제주특별자치도 서귀포시 토평동'),(5018,'제주특별자치도 서귀포시 남원읍'),(5019,'제주특별자치도 서귀포시 서호동'),(5020,'제주특별자치도 서귀포시 영남동'),(5021,'제주특별자치도 서귀포시 안덕면'),(5022,'제주특별자치도 서귀포시 호근동'),(5023,'제주특별자치도 서귀포시 성산읍'),(5024,'제주특별자치도 서귀포시 표선면'),(5025,'제주특별자치도 서귀포시 서귀동'),(5026,'제주특별자치도 서귀포시 법환동'),(5027,'제주특별자치도 서귀포시 서홍동'),(5028,'제주특별자치도 서귀포시 하효동'),(5029,'제주특별자치도 서귀포시 신효동'),(5030,'제주특별자치도 서귀포시 월평동'),(5031,'제주특별자치도 서귀포시 강정동'),(5032,'제주특별자치도 서귀포시 상예동'),(5033,'제주특별자치도 서귀포시 보목동'),(5034,'제주특별자치도 서귀포시 하예동');
/*!40000 ALTER TABLE `regions` ENABLE KEYS */;
UNLOCK TABLES;

--
-- Table structure for table `tags`
--

DROP TABLE IF EXISTS `tags`;
/*!40101 SET @saved_cs_client     = @@character_set_client */;
/*!50503 SET character_set_client = utf8mb4 */;
CREATE TABLE `tags` (
  `id` bigint NOT NULL AUTO_INCREMENT,
  `name` varchar(255) NOT NULL,
  PRIMARY KEY (`id`),
  UNIQUE KEY `UK_t48xdq560gs3gap9g7jg36kgc` (`name`)
) ENGINE=InnoDB AUTO_INCREMENT=35 DEFAULT CHARSET=utf8mb4 COLLATE=utf8mb4_0900_ai_ci;
/*!40101 SET character_set_client = @saved_cs_client */;

--
-- Dumping data for table `tags`
--

LOCK TABLES `tags` WRITE;
/*!40000 ALTER TABLE `tags` DISABLE KEYS */;
INSERT INTO `tags` VALUES (31,'강남'),(17,'개운죽'),(2,'고무나무'),(34,'공유'),(24,'군자란'),(10,'근황'),(11,'꿀팁'),(7,'나눔'),(4,'나무잘키우는분'),(21,'녹영'),(23,'논현'),(5,'다육이'),(20,'도움'),(16,'몬스테라'),(32,'물주기'),(12,'산세베리아'),(15,'식물'),(18,'식집사'),(13,'아이비'),(30,'알로에'),(25,'역삼'),(9,'자유'),(8,'잘키우실분만'),(26,'정자동'),(27,'제라니움'),(14,'초보'),(28,'추천'),(22,'테이블야자'),(33,'팁'),(3,'푸밀라'),(1,'푸밀라고무나무'),(6,'프로킬러'),(19,'행운목'),(29,'홍미인');
/*!40000 ALTER TABLE `tags` ENABLE KEYS */;
UNLOCK TABLES;

--
-- Table structure for table `tags_counts`
--

DROP TABLE IF EXISTS `tags_counts`;
/*!40101 SET @saved_cs_client     = @@character_set_client */;
/*!50503 SET character_set_client = utf8mb4 */;
CREATE TABLE `tags_counts` (
  `id` bigint NOT NULL AUTO_INCREMENT,
  `category` varchar(255) DEFAULT NULL,
  `count` double DEFAULT NULL,
  `tag` varchar(255) DEFAULT NULL,
  PRIMARY KEY (`id`)
) ENGINE=InnoDB AUTO_INCREMENT=10531 DEFAULT CHARSET=utf8mb4 COLLATE=utf8mb4_0900_ai_ci;
/*!40101 SET character_set_client = @saved_cs_client */;

--
-- Dumping data for table `tags_counts`
--

LOCK TABLES `tags_counts` WRITE;
/*!40000 ALTER TABLE `tags_counts` DISABLE KEYS */;
INSERT INTO `tags_counts` VALUES (5779,'나눔',1,'푸밀라고무나무'),(5780,'나눔',1,'고무나무'),(5781,'나눔',1,'푸밀라'),(5782,'나눔',1,'나무잘키우는분'),(5783,'QnA',1,'다육이'),(5784,'QnA',1,'프로킬러'),(5785,'나눔',8,'나눔'),(5786,'나눔',1,'잘키우실분만'),(5787,'자유',3,'자유'),(5788,'자유',1,'근황'),(5789,'자유',5,'꿀팁'),(5790,'자유',1,'산세베리아'),(5791,'자유',4,'초보'),(5792,'자유',1,'식물'),(5793,'자유',1,'몬스테라'),(5794,'자유',1,'개운죽'),(5795,'자유',1,'식집사'),(5796,'자유',1,'행운목'),(5797,'자유',1,'도움'),(5798,'나눔',1,'녹영'),(5799,'나눔',1,'테이블야자'),(5800,'나눔',2,'논현'),(5801,'나눔',1,'식물'),(5802,'나눔',1,'군자란'),(5803,'나눔',4,'역삼'),(5804,'나눔',1,'아이비'),(5805,'나눔',1,'정자동'),(5806,'나눔',1,'제라니움'),(5807,'나눔',1,'산세베리아'),(5808,'나눔',1,'몬스테라'),(5809,'나눔',1,'홍미인'),(5810,'나눔',1,'알로에'),(5811,'나눔',1,'강남'),(5812,'Tip',1,'물주기'),(5813,'Tip',1,'팁'),(5814,'Tip',1,'공유');
/*!40000 ALTER TABLE `tags_counts` ENABLE KEYS */;
UNLOCK TABLES;

--
-- Table structure for table `users`
--

DROP TABLE IF EXISTS `users`;
/*!40101 SET @saved_cs_client     = @@character_set_client */;
/*!50503 SET character_set_client = utf8mb4 */;
CREATE TABLE `users` (
  `id` bigint NOT NULL AUTO_INCREMENT,
  `created_date` datetime(6) DEFAULT NULL,
  `last_modified_date` datetime(6) DEFAULT NULL,
  `firebase_token` varchar(255) DEFAULT NULL,
  `nick_name` varchar(255) NOT NULL,
  `password` varchar(255) NOT NULL,
  `profile` varchar(255) DEFAULT NULL,
  `token` varchar(255) DEFAULT NULL,
  `user_id` varchar(255) NOT NULL,
  PRIMARY KEY (`id`)
) ENGINE=InnoDB AUTO_INCREMENT=24 DEFAULT CHARSET=utf8mb4 COLLATE=utf8mb4_0900_ai_ci;
/*!40101 SET character_set_client = @saved_cs_client */;

--
-- Dumping data for table `users`
--

LOCK TABLES `users` WRITE;
/*!40000 ALTER TABLE `users` DISABLE KEYS */;
INSERT INTO `users` VALUES (1,'2023-05-18 05:35:54.120556','2023-05-18 23:06:20.209029','fXXyUDGLRryRbcXvKQKdjU:APA91bFveVfAFJHG3dvWfTLNfgfl-9UD1dy7QSlGqZfLa3lcVEcmqlA24VPMpVVzyRdXT2mCqd745_91nnLp5PeAjX_f_VGTa03CRzY1cA0owDz4ofJyAbgthRWahz1VYycQ_5Zq7qBd','abc','{bcrypt}$2a$10$A.adS1dXQ6LjOG6VA8rSju13wPB0GgsG3nk7/sgu7yM1ae1s3qN8i',NULL,'eyJ0eXAiOiJKV1QiLCJhbGciOiJIUzI1NiJ9.eyJleHAiOjE2ODU2NjA3ODAsImlkIjoxfQ.ZOQ77UaMWthzxwmGnBEUZ5oC_XetJrOyHl_ARXZ5CY0','abc'),(2,'2023-05-18 05:41:51.683382','2023-05-19 01:43:57.955451','eWI87RO2Rj-90DBLX27eI3:APA91bFK1Bh52AnxjLvhK63joKPt8B-M450MdF2bYoeYH1yKf_UnMkLifvHV_ZM4WCwGxe6fve33fP809aPnpWKSNK8at0tY_WiC30X4zgtMXo91VEhC8p32w4yFpUi3KosHrLgg94cz','string','{bcrypt}$2a$10$1gRBElp63P94TxSMygIU4es.hfmhEZ72WCR6PYD4G6uQSz8aDgcna',NULL,'eyJ0eXAiOiJKV1QiLCJhbGciOiJIUzI1NiJ9.eyJleHAiOjE2ODU2NzAyMzcsImlkIjoyfQ.KwFD573nmJeJ4xSGNtjX1Kj0EvIjqxX692pnTyOJg2U','string'),(4,'2023-05-18 06:18:24.305312','2023-05-18 16:49:51.902561','dUSBulVNSp60i8RjxvT8aP:APA91bGYzX5IiExwcg3nq_6mfxzlYFZNWXpMmHEIB1gkBLUFyW6D9-UxgXUIhxBmLZ4EXjKD8-Gwbdqtf0TscU7ndKvDjB-F3wPQ5nb2S-AnSZv5DGwRJr23kSsfQvweQskF_iu0rp6i','당근맛쿠키','','https://groot-a303-s3.s3.ap-northeast-2.amazonaws.com/user/dbdb6b65-003f-42dd-bba5-8beb5c2b0a34-prefix4223823315003961091extension','eyJ0eXAiOiJKV1QiLCJhbGciOiJIUzI1NiJ9.eyJleHAiOjE2ODU2MzgxOTEsImlkIjo0fQ._eE1VWC357eMcs3f8yXixVcRQpJJpHnoAwJVsoTvO50','fUKmKFn5410qA3HkJXEOjCg4q_rbGzFzGbkE47dy3Dc'),(5,'2023-05-18 06:18:34.935989','2023-05-18 13:24:40.719651','','프로킬러','','https://groot-a303-s3.s3.ap-northeast-2.amazonaws.com/user/4b308cbd-a99d-41ef-a4c3-4be3e3cdc4ca-prefix5052002400201856868extension','eyJ0eXAiOiJKV1QiLCJhbGciOiJIUzI1NiJ9.eyJleHAiOjE2ODU2MjU4ODAsImlkIjo1fQ.9HYmFua0bH72YEJwfGTnaDss4PHb6WRhFigelakFbwU','1Us3uMdDgh0g86Tk_maIStIr9SMZ_BWj9ca1Zk8NW9s'),(6,'2023-05-18 07:08:05.040351','2023-05-19 02:22:03.802680','cOWkt_ATR3ObOiKcJKlNXe:APA91bEWsClBLFvo5AaCqcJYMzznWTSO6N-lxYeIpFAo7f_cm_JV9sUpk37BBDu2omWX9JeaznGl07DOxOUUhlCPumU-9Sph7YKFkUv7jt5M9fdI1HIcyl0lbE0n0OUsDMdMMpUUBuOV','짱구','','https://groot-a303-s3.s3.ap-northeast-2.amazonaws.com/user/a934f1a1-c57d-4c26-a370-92f82f0952da-prefix2402555656182751991extension','eyJ0eXAiOiJKV1QiLCJhbGciOiJIUzI1NiJ9.eyJleHAiOjE2ODU2NzA0MzksImlkIjo2fQ.lq_6S_FSyaxlXJW-rM4dmE-U7F7FWvJ5Qm9dmXW7rLw','sIiW607Z_eAzI4KZ5y-4iAJegLFKplMHnESGqXTjA-Q'),(7,'2023-05-18 08:10:59.917074','2023-05-18 08:10:59.921150','c9grXZV7R1ebTVXz5OYnLM:APA91bEqnSjAXPUJexSgGFQoqg-iMkzwK34iXjnWa1CI3ouznE2N5klhCbIviTZ64Y9XQg-ic3aQ20RmC83dunSML0PvMFP2-ME95Z6pxQpZim-DlFfs6aV5OrTKy0qXNcVZIgk-Kn0H','hihi','{bcrypt}$2a$10$JfmDEYXgyDK6gO1dsMU1we9hCzhCLuD/XOQEwYi8Np.JliRiJW9Ju',NULL,'eyJ0eXAiOiJKV1QiLCJhbGciOiJIUzI1NiJ9.eyJleHAiOjE2ODU2MDcwNTksImlkIjo3fQ.7vFcw0D6a2HH6ftYLDS0CKHDWjdrmDdkkVcKd4Mx0tk','hihi'),(8,'2023-05-18 08:20:14.168298','2023-05-18 16:49:48.936025',NULL,'zz','{bcrypt}$2a$10$l1wJVp0NcVeAhPR9KZhvj.GecDunkgzuWszkSIoYRxzNWSLSdvL5q',NULL,NULL,'zz'),(9,'2023-05-18 08:27:17.766697','2023-05-18 16:52:35.922003','cyBQiUruRL6GlQMTnUOdq4:APA91bFI07OYth8CcVLnu2QM9EkQRXNeUrzYo9BIS5Fp5sJw1HCuWnlHl99IHCvW6WmJtJ6UFIHnjzuj17Lo3goj4H6JyFsx74gLpwvWFYr2iZ5LtBXp3NngAsawtB01T40pqRAqpaDt','ssafy','{bcrypt}$2a$10$lu6Vqtf00wTCPN7PbXSVxOzWNgC67JpLAR/b5T.FFsNf25dq8xbZ6',NULL,'eyJ0eXAiOiJKV1QiLCJhbGciOiJIUzI1NiJ9.eyJleHAiOjE2ODU2MzgzNTUsImlkIjo5fQ.uD1PVTdD3yBbNPJPkNEXC3oNMZ4fL7uQG0aOx6Ylles','ssafy'),(10,'2023-05-18 11:13:35.822800','2023-05-18 14:55:43.531549',NULL,'식물조아','{bcrypt}$2a$10$ayIcB7xfJH2qLCV4pFYCbeADIitZWujei2zUq8pOT18V9N10SMyv6',NULL,NULL,'test3'),(11,'2023-05-18 11:13:52.533377','2023-05-18 11:30:57.800464',NULL,'그린그린','{bcrypt}$2a$10$5tQXa7b7R4JgRQ2.xbXriukwKARsckRlfkUxBBj4h82BJdqKvBwZC',NULL,'eyJ0eXAiOiJKV1QiLCJhbGciOiJIUzI1NiJ9.eyJleHAiOjE2ODU2MTkwNTcsImlkIjoxMX0.3kjLmzjn9TK4xJ0YDd1zudulguy8CHXMn0QSj6nIELw','test4'),(12,'2023-05-18 11:14:06.942889','2023-05-18 13:26:43.341996','','green','{bcrypt}$2a$10$yVH2GzDAIavXUo/W3TR2wOZyi6auObUNbRVDF.0lYuUUzGYbfDd/G',NULL,'eyJ0eXAiOiJKV1QiLCJhbGciOiJIUzI1NiJ9.eyJleHAiOjE2ODU2MjYwMDMsImlkIjoxMn0.bCXXKT3q28YuBhpMFC6IDfCGLzRg1r64rQJzge75RMo','groot1'),(13,'2023-05-18 11:14:19.138005','2023-05-18 14:48:21.630742',NULL,'rooty','{bcrypt}$2a$10$.slwKBC96AFpImCNW72NCepA7OKdOmY3VcfHSangnwFCzDxBqdcRO',NULL,NULL,'rooty1'),(14,'2023-05-18 12:16:58.650568','2023-05-18 12:21:57.053184',NULL,'초보식집사','{bcrypt}$2a$10$InIQ9lLUemf5qRWo.CNAtex6fVsSpyOReX8QLfniQbTxQx3NUisly',NULL,NULL,'ssafy1'),(15,'2023-05-18 12:36:15.451752','2023-05-18 13:03:07.364909','cyBQiUruRL6GlQMTnUOdq4:APA91bFI07OYth8CcVLnu2QM9EkQRXNeUrzYo9BIS5Fp5sJw1HCuWnlHl99IHCvW6WmJtJ6UFIHnjzuj17Lo3goj4H6JyFsx74gLpwvWFYr2iZ5LtBXp3NngAsawtB01T40pqRAqpaDt','조싸피','',NULL,'eyJ0eXAiOiJKV1QiLCJhbGciOiJIUzI1NiJ9.eyJleHAiOjE2ODU2MjI5NzUsImlkIjoxNX0.LsE56fHsROxiqXqntN_8DK5dFVb-IBk2qCqRFDIJO-E','UZi8sUP9sbMpkaq3YpgdpemaSKVTneURyr9IF15nr5k'),(17,'2023-05-18 14:23:47.821412','2023-05-19 01:25:34.396839',NULL,'흰둥이','','https://phinf.pstatic.net/contact/20220216_7/1644997031407bMy1m_PNG/%BD%BA%B4%A9%C7%C7_%C7%C1%B7%CE%C7%CA.png',NULL,'SAAQW8blDnVDCN_tmgY_uigH7Raca7hZH0aGk-MxPdM'),(18,'2023-05-18 14:30:08.505813','2023-05-18 16:51:27.938604',NULL,'컨설님','{bcrypt}$2a$10$pfm1.LKL3duxRG50QyeSIO9ql.xF9yIrdJBKw/QTWRgL/h23L8hXC',NULL,NULL,'test1'),(19,'2023-05-18 14:31:14.722105','2023-05-18 16:56:43.787598',NULL,'코치님','{bcrypt}$2a$10$y.P6UHn5GIxuq9jxqQOuCOw8iX2KZR7qmKcNHy3jQ.ZF6I/1d/F82',NULL,NULL,'test2'),(20,'2023-05-18 14:32:31.981749','2023-05-19 02:04:55.797375',NULL,'루티','{bcrypt}$2a$10$CTV9DPF0T8LsQhP3hjGUX.74jAbZPzPMm0.ZhJB9Id7zCLzlvRIia',NULL,NULL,'rooty'),(21,'2023-05-18 14:45:11.765367','2023-05-19 01:34:56.667810',NULL,'초코비','{bcrypt}$2a$10$aGMVYB/ds1ml1SwZVmg0k.LEKPwxuKBKwCglSeIk1u7SnOqBqXfZu',NULL,NULL,'ssafy2'),(22,'2023-05-18 16:05:11.786349','2023-05-19 02:05:15.459091','foHy0vcRRvadbvUA5yBGy_:APA91bFqGWgUBxdgdMyUPX4b8PRC3OwZVE_kyUeD_24I83OoF2FP2nDaKNWVj2Ij-M57oePcybKfS7-qTurx4jB040ZpwkGF7ZhQQI8vmqlLmjaQ4DNKziVwN2AsTSgCsLHDqOYbpzU4','그루트','{bcrypt}$2a$10$HjqVUbbqIh4NQGlyiMDGW.T6WjIDiBF7rw2cml576aE9i6kHm7Jky',NULL,'eyJ0eXAiOiJKV1QiLCJhbGciOiJIUzI1NiJ9.eyJleHAiOjE2ODU2NzE1MTUsImlkIjoyMn0.0Pv91lubXU2vGB6vJHUO1Jfx8AFEmghwmgDLg0hR8lM','groot'),(23,'2023-05-18 22:49:57.668737','2023-05-18 22:49:57.695327',NULL,'후리지아','{bcrypt}$2a$10$vdG97kXTAjwvqjHnVPPC2.cNW7xIinW49pSmKMts.PZ3W1A9BmIze',NULL,'eyJ0eXAiOiJKV1QiLCJhbGciOiJIUzI1NiJ9.eyJleHAiOjE2ODU2NTk3OTcsImlkIjoyM30.wDIw1h7oxKuVQIPHtH-wrsYPr2tUSWsCl1ZuoYi3giM','leecae');
/*!40000 ALTER TABLE `users` ENABLE KEYS */;
UNLOCK TABLES;

--
-- Table structure for table `users_alarm`
--

DROP TABLE IF EXISTS `users_alarm`;
/*!40101 SET @saved_cs_client     = @@character_set_client */;
/*!50503 SET character_set_client = utf8mb4 */;
CREATE TABLE `users_alarm` (
  `user_id` bigint NOT NULL,
  `chatting_alarm` bit(1) DEFAULT NULL,
  `comment_alarm` bit(1) DEFAULT NULL,
  `water_alarm` bit(1) DEFAULT NULL,
  PRIMARY KEY (`user_id`),
  CONSTRAINT `FKfqm9o5uwj49l39bdnjts8iieg` FOREIGN KEY (`user_id`) REFERENCES `users` (`id`)
) ENGINE=InnoDB DEFAULT CHARSET=utf8mb4 COLLATE=utf8mb4_0900_ai_ci;
/*!40101 SET character_set_client = @saved_cs_client */;

--
-- Dumping data for table `users_alarm`
--

LOCK TABLES `users_alarm` WRITE;
/*!40000 ALTER TABLE `users_alarm` DISABLE KEYS */;
INSERT INTO `users_alarm` VALUES (1,_binary '\0',_binary '\0',_binary '\0'),(2,_binary '\0',_binary '\0',_binary '\0'),(4,_binary '\0',_binary '\0',_binary '\0'),(5,_binary '\0',_binary '\0',_binary '\0'),(6,_binary '',_binary '',_binary ''),(7,_binary '\0',_binary '\0',_binary '\0'),(8,_binary '\0',_binary '\0',_binary '\0'),(9,_binary '\0',_binary '\0',_binary '\0'),(10,_binary '\0',_binary '\0',_binary '\0'),(11,_binary '\0',_binary '\0',_binary '\0'),(12,_binary '\0',_binary '\0',_binary '\0'),(13,_binary '\0',_binary '\0',_binary '\0'),(14,_binary '\0',_binary '\0',_binary '\0'),(15,_binary '',_binary '',_binary ''),(17,_binary '',_binary '',_binary ''),(18,_binary '\0',_binary '\0',_binary '\0'),(19,_binary '\0',_binary '\0',_binary '\0'),(20,_binary '\0',_binary '\0',_binary '\0'),(21,_binary '\0',_binary '\0',_binary '\0'),(22,_binary '\0',_binary '\0',_binary '\0'),(23,_binary '\0',_binary '\0',_binary '\0');
/*!40000 ALTER TABLE `users_alarm` ENABLE KEYS */;
UNLOCK TABLES;
/*!40103 SET TIME_ZONE=@OLD_TIME_ZONE */;

/*!40101 SET SQL_MODE=@OLD_SQL_MODE */;
/*!40014 SET FOREIGN_KEY_CHECKS=@OLD_FOREIGN_KEY_CHECKS */;
/*!40014 SET UNIQUE_CHECKS=@OLD_UNIQUE_CHECKS */;
/*!40101 SET CHARACTER_SET_CLIENT=@OLD_CHARACTER_SET_CLIENT */;
/*!40101 SET CHARACTER_SET_RESULTS=@OLD_CHARACTER_SET_RESULTS */;
/*!40101 SET COLLATION_CONNECTION=@OLD_COLLATION_CONNECTION */;
/*!40111 SET SQL_NOTES=@OLD_SQL_NOTES */;

-- Dump completed on 2023-05-19 11:23:41
